355
986
4 0 42 (1384.000000 160.000000 448.000000) (1384.000000 160.000000 464.000000) (1384.000000 1096.000000 464.000000) (1384.000000 1096.000000 448.000000) 
4 0 27 (1384.000000 160.000000 464.000000) (1384.000000 160.000000 448.000000) (1896.000000 160.000000 448.000000) (1896.000000 160.000000 464.000000) 
4 0 18 (1896.000000 160.000000 448.000000) (2438.000000 160.000000 448.000000) (2438.000000 160.000000 464.000000) (1896.000000 160.000000 464.000000) 
4 0 2 (2344.000000 736.000000 448.000000) (2352.000000 736.000000 448.000000) (2352.000000 160.000000 448.000000) (2344.000000 160.000000 448.000000) 
4 0 1 (1384.000000 736.000000 448.000000) (1384.000000 744.000000 448.000000) (2344.000000 744.000000 448.000000) (2344.000000 736.000000 448.000000) 
4 1 45 (1384.000000 736.000000 64.000000) (1384.000000 736.000000 448.000000) (1384.000000 744.000000 448.000000) (1384.000000 744.000000 64.000000) 
4 2 19 (2352.000000 160.000000 448.000000) (2344.000000 160.000000 448.000000) (2344.000000 160.000000 64.000000) (2352.000000 160.000000 64.000000) 
4 3 71 (1384.000000 160.000000 80.000000) (1384.000000 160.000000 112.000000) (1384.000000 664.000000 112.000000) (1384.000000 664.000000 80.000000) 
4 3 67 (1384.000000 160.000000 112.000000) (1384.000000 160.000000 128.000000) (1384.000000 664.000000 128.000000) (1384.000000 664.000000 112.000000) 
4 3 60 (1384.000000 230.243721 136.000000) (1384.000000 236.604279 136.000000) (1384.000000 331.728874 128.000000) (1384.000000 230.243721 128.000000) 
4 3 62 (1384.000000 160.000000 128.000000) (1384.000000 160.000000 136.000000) (1384.000000 230.243721 136.000000) (1384.000000 230.243721 128.000000) 
3 3 59 (1384.000000 160.000000 136.000000) (1384.000000 160.000000 142.442437) (1384.000000 236.604279 136.000000) 
5 3 56 (1384.000000 160.000000 142.442437) (1384.000000 160.000000 230.400000) (1384.000000 345.265752 230.400000) (1384.000000 335.944585 128.000000) (1384.000000 331.728874 128.000000) 
4 3 55 (1384.000000 345.265752 230.400000) (1384.000000 497.600000 230.400000) (1384.000000 472.000000 128.000000) (1384.000000 335.944585 128.000000) 
4 3 54 (1384.000000 497.600000 230.400000) (1384.000000 505.600000 230.400000) (1384.000000 480.000000 128.000000) (1384.000000 472.000000 128.000000) 
4 3 53 (1384.000000 505.600000 230.400000) (1384.000000 664.000000 230.400000) (1384.000000 664.000000 128.000000) (1384.000000 480.000000 128.000000) 
4 3 52 (1384.000000 160.000000 230.400000) (1384.000000 160.000000 238.400000) (1384.000000 288.000000 238.400000) (1384.000000 288.000000 230.400000) 
4 3 51 (1384.000000 160.000000 238.400000) (1384.000000 160.000000 448.000000) (1384.000000 288.000000 448.000000) (1384.000000 288.000000 238.400000) 
4 3 50 (1384.000000 288.000000 448.000000) (1384.000000 664.000000 448.000000) (1384.000000 664.000000 230.400000) (1384.000000 288.000000 230.400000) 
4 3 48 (1384.000000 664.000000 448.000000) (1384.000000 736.000000 448.000000) (1384.000000 736.000000 80.000000) (1384.000000 664.000000 80.000000) 
4 3 29 (1640.000000 160.000000 448.000000) (1384.000000 160.000000 448.000000) (1384.000000 160.000000 80.000000) (1640.000000 160.000000 80.000000) 
4 3 28 (1896.000000 160.000000 448.000000) (1640.000000 160.000000 448.000000) (1640.000000 160.000000 80.000000) (1896.000000 160.000000 80.000000) 
4 3 20 (2344.000000 160.000000 80.000000) (2344.000000 160.000000 448.000000) (1896.000000 160.000000 448.000000) (1896.000000 160.000000 80.000000) 
4 3 15 (1384.000000 384.000000 80.000000) (1384.000000 664.000000 80.000000) (1640.000000 664.000000 80.000000) (1640.000000 384.000000 80.000000) 
4 3 13 (1792.000000 656.000000 80.000000) (1792.000000 528.000000 80.000000) (1648.000000 528.000000 80.000000) (1648.000000 656.000000 80.000000) 
4 3 14 (1792.000000 520.000000 80.000000) (1792.000000 392.000000 80.000000) (1648.000000 392.000000 80.000000) (1648.000000 520.000000 80.000000) 
4 3 16 (1792.000000 160.000000 80.000000) (1384.000000 160.000000 80.000000) (1384.000000 384.000000 80.000000) (1792.000000 384.000000 80.000000) 
4 3 12 (1384.000000 664.000000 80.000000) (1384.000000 672.000000 80.000000) (1792.000000 672.000000 80.000000) (1792.000000 664.000000 80.000000) 
4 3 5 (2344.000000 672.000000 80.000000) (2344.000000 160.000000 80.000000) (1792.000000 160.000000 80.000000) (1792.000000 672.000000 80.000000) 
4 3 4 (2344.000000 736.000000 80.000000) (2344.000000 672.000000 80.000000) (1384.000000 672.000000 80.000000) (1384.000000 736.000000 80.000000) 
4 4 48 (1384.000000 672.000000 64.000000) (1384.000000 672.000000 80.000000) (1384.000000 736.000000 80.000000) (1384.000000 736.000000 64.000000) 
4 4 12 (1384.000000 672.000000 80.000000) (1384.000000 672.000000 64.000000) (1792.000000 672.000000 64.000000) (1792.000000 672.000000 80.000000) 
4 4 5 (1792.000000 672.000000 64.000000) (2344.000000 672.000000 64.000000) (2344.000000 672.000000 80.000000) (1792.000000 672.000000 80.000000) 
4 5 28 (1896.000000 160.000000 80.000000) (1792.000000 160.000000 80.000000) (1792.000000 160.000000 64.000000) (1896.000000 160.000000 64.000000) 
4 5 22 (2280.000000 160.000000 80.000000) (2272.000000 160.000000 80.000000) (2272.000000 160.000000 64.000000) (2280.000000 160.000000 64.000000) 
4 5 25 (2024.000000 160.000000 80.000000) (1896.000000 160.000000 80.000000) (1896.000000 160.000000 64.000000) (2024.000000 160.000000 64.000000) 
4 5 21 (2344.000000 160.000000 64.000000) (2344.000000 160.000000 80.000000) (2280.000000 160.000000 80.000000) (2280.000000 160.000000 64.000000) 
4 5 13 (1792.000000 528.000000 80.000000) (1792.000000 656.000000 80.000000) (1792.000000 656.000000 64.000000) (1792.000000 528.000000 64.000000) 
4 5 14 (1792.000000 392.000000 80.000000) (1792.000000 520.000000 80.000000) (1792.000000 520.000000 64.000000) (1792.000000 392.000000 64.000000) 
4 5 16 (1792.000000 160.000000 64.000000) (1792.000000 160.000000 80.000000) (1792.000000 384.000000 80.000000) (1792.000000 384.000000 64.000000) 
4 5 12 (1792.000000 664.000000 80.000000) (1792.000000 672.000000 80.000000) (1792.000000 672.000000 64.000000) (1792.000000 664.000000 64.000000) 
4 5 11 (2024.000000 664.000000 64.000000) (2024.000000 160.000000 64.000000) (1792.000000 160.000000 64.000000) (1792.000000 664.000000 64.000000) 
4 5 10 (2272.000000 168.000000 64.000000) (2272.000000 160.000000 64.000000) (2024.000000 160.000000 64.000000) (2024.000000 168.000000 64.000000) 
4 5 7 (2032.000000 168.000000 64.000000) (2024.000000 168.000000 64.000000) (2024.000000 664.000000 64.000000) (2032.000000 664.000000 64.000000) 
4 5 6 (2272.000000 664.000000 64.000000) (2272.000000 168.000000 64.000000) (2032.000000 168.000000 64.000000) (2032.000000 664.000000 64.000000) 
4 6 10 (2272.000000 168.000000 0.000000) (2272.000000 168.000000 64.000000) (2032.000000 168.000000 64.000000) (2032.000000 168.000000 0.000000) 
4 6 9 (2032.000000 352.000000 -64.000000) (2032.000000 224.000000 -64.000000) (2032.000000 224.000000 0.000000) (2032.000000 352.000000 0.000000) 
4 6 8 (2032.000000 608.000000 -64.000000) (2032.000000 480.000000 -64.000000) (2032.000000 480.000000 0.000000) (2032.000000 608.000000 0.000000) 
4 6 7 (2032.000000 664.000000 64.000000) (2032.000000 664.000000 0.000000) (2032.000000 168.000000 0.000000) (2032.000000 168.000000 64.000000) 
4 7 11 (2024.000000 168.000000 0.000000) (2024.000000 168.000000 64.000000) (2024.000000 664.000000 64.000000) (2024.000000 664.000000 0.000000) 
4 7 10 (2024.000000 168.000000 64.000000) (2024.000000 168.000000 0.000000) (2032.000000 168.000000 0.000000) (2032.000000 168.000000 64.000000) 
4 7 9 (2024.000000 224.000000 0.000000) (2024.000000 352.000000 0.000000) (2032.000000 352.000000 0.000000) (2032.000000 224.000000 0.000000) 
4 7 8 (2024.000000 480.000000 0.000000) (2024.000000 608.000000 0.000000) (2032.000000 608.000000 0.000000) (2032.000000 480.000000 0.000000) 
4 8 11 (2024.000000 608.000000 -64.000000) (2024.000000 480.000000 -64.000000) (2024.000000 480.000000 0.000000) (2024.000000 608.000000 0.000000) 
4 9 11 (2024.000000 352.000000 -64.000000) (2024.000000 224.000000 -64.000000) (2024.000000 224.000000 0.000000) (2024.000000 352.000000 0.000000) 
4 10 11 (2024.000000 160.000000 0.000000) (2024.000000 160.000000 64.000000) (2024.000000 168.000000 64.000000) (2024.000000 168.000000 0.000000) 
4 11 28 (1896.000000 160.000000 64.000000) (1792.000000 160.000000 64.000000) (1792.000000 160.000000 -64.000000) (1896.000000 160.000000 -64.000000) 
4 11 25 (2024.000000 160.000000 64.000000) (1896.000000 160.000000 64.000000) (1896.000000 160.000000 -64.000000) (2024.000000 160.000000 -64.000000) 
4 11 17 (1792.000000 160.000000 -64.000000) (1792.000000 160.000000 -48.000000) (1792.000000 384.000000 -48.000000) (1792.000000 384.000000 -64.000000) 
4 11 13 (1792.000000 528.000000 64.000000) (1792.000000 656.000000 64.000000) (1792.000000 656.000000 -48.000000) (1792.000000 528.000000 -48.000000) 
4 11 14 (1792.000000 392.000000 64.000000) (1792.000000 520.000000 64.000000) (1792.000000 520.000000 -48.000000) (1792.000000 392.000000 -48.000000) 
4 11 16 (1792.000000 160.000000 -48.000000) (1792.000000 160.000000 64.000000) (1792.000000 384.000000 64.000000) (1792.000000 384.000000 -48.000000) 
4 12 48 (1384.000000 664.000000 80.000000) (1384.000000 672.000000 80.000000) (1384.000000 672.000000 64.000000) (1384.000000 664.000000 64.000000) 
4 12 15 (1384.000000 664.000000 80.000000) (1384.000000 664.000000 64.000000) (1640.000000 664.000000 64.000000) (1640.000000 664.000000 80.000000) 
4 15 75 (1384.000000 384.000000 80.000000) (1384.000000 480.000000 80.000000) (1384.000000 480.000000 -48.000000) (1384.000000 384.000000 -48.000000) 
4 15 74 (1384.000000 480.000000 80.000000) (1384.000000 664.000000 80.000000) (1384.000000 664.000000 -48.000000) (1384.000000 480.000000 -48.000000) 
4 15 16 (1384.000000 384.000000 -48.000000) (1640.000000 384.000000 -48.000000) (1640.000000 384.000000 80.000000) (1384.000000 384.000000 80.000000) 
4 16 75 (1384.000000 160.000000 -48.000000) (1384.000000 160.000000 80.000000) (1384.000000 384.000000 80.000000) (1384.000000 384.000000 -48.000000) 
4 16 29 (1640.000000 160.000000 80.000000) (1384.000000 160.000000 80.000000) (1384.000000 160.000000 -48.000000) (1640.000000 160.000000 -48.000000) 
4 16 28 (1792.000000 160.000000 80.000000) (1640.000000 160.000000 80.000000) (1640.000000 160.000000 -48.000000) (1792.000000 160.000000 -48.000000) 
4 16 17 (1792.000000 384.000000 -48.000000) (1792.000000 160.000000 -48.000000) (1640.000000 160.000000 -48.000000) (1640.000000 384.000000 -48.000000) 
4 17 28 (1792.000000 160.000000 -64.000000) (1792.000000 160.000000 -48.000000) (1640.000000 160.000000 -48.000000) (1640.000000 160.000000 -64.000000) 
4 18 38 (1896.000000 -480.000000 464.000000) (1896.000000 -480.000000 448.000000) (2438.000000 -480.000000 448.000000) (2438.000000 -480.000000 464.000000) 
4 18 27 (1896.000000 -480.000000 448.000000) (1896.000000 -480.000000 464.000000) (1896.000000 160.000000 464.000000) (1896.000000 160.000000 448.000000) 
4 18 19 (2352.000000 -480.000000 448.000000) (2344.000000 -480.000000 448.000000) (2344.000000 160.000000 448.000000) (2352.000000 160.000000 448.000000) 
4 19 39 (2352.000000 -480.000000 64.000000) (2352.000000 -480.000000 448.000000) (2344.000000 -480.000000 448.000000) (2344.000000 -480.000000 64.000000) 
4 20 40 (2344.000000 -480.000000 80.000000) (2344.000000 -480.000000 448.000000) (1896.000000 -480.000000 448.000000) (1896.000000 -480.000000 80.000000) 
4 20 37 (1896.000000 -480.000000 80.000000) (1896.000000 -480.000000 448.000000) (1896.000000 -472.000000 448.000000) (1896.000000 -472.000000 80.000000) 
4 20 34 (1896.000000 -472.000000 448.000000) (1896.000000 -288.000000 448.000000) (1896.000000 -288.000000 80.000000) (1896.000000 -472.000000 80.000000) 
4 20 28 (1896.000000 -288.000000 448.000000) (1896.000000 160.000000 448.000000) (1896.000000 160.000000 80.000000) (1896.000000 -288.000000 80.000000) 
4 20 26 (2280.000000 -472.000000 80.000000) (2280.000000 -480.000000 80.000000) (1896.000000 -480.000000 80.000000) (1896.000000 -472.000000 80.000000) 
4 20 23 (2264.000000 152.000000 80.000000) (2264.000000 8.000000 80.000000) (2024.000000 8.000000 80.000000) (2024.000000 152.000000 80.000000) 
4 20 24 (2272.000000 0.000000 80.000000) (2272.000000 -472.000000 80.000000) (2024.000000 -472.000000 80.000000) (2024.000000 0.000000 80.000000) 
4 20 22 (2272.000000 160.000000 80.000000) (2280.000000 160.000000 80.000000) (2280.000000 -472.000000 80.000000) (2272.000000 -472.000000 80.000000) 
4 20 25 (1896.000000 160.000000 80.000000) (2024.000000 160.000000 80.000000) (2024.000000 -472.000000 80.000000) (1896.000000 -472.000000 80.000000) 
4 20 21 (2280.000000 160.000000 80.000000) (2344.000000 160.000000 80.000000) (2344.000000 -480.000000 80.000000) (2280.000000 -480.000000 80.000000) 
4 21 40 (2344.000000 -480.000000 64.000000) (2344.000000 -480.000000 80.000000) (2280.000000 -480.000000 80.000000) (2280.000000 -480.000000 64.000000) 
4 21 26 (2280.000000 -480.000000 64.000000) (2280.000000 -480.000000 80.000000) (2280.000000 -472.000000 80.000000) (2280.000000 -472.000000 64.000000) 
4 21 22 (2280.000000 -472.000000 80.000000) (2280.000000 160.000000 80.000000) (2280.000000 160.000000 64.000000) (2280.000000 -472.000000 64.000000) 
4 22 26 (2280.000000 -472.000000 64.000000) (2280.000000 -472.000000 80.000000) (2272.000000 -472.000000 80.000000) (2272.000000 -472.000000 64.000000) 
4 22 24 (2272.000000 -472.000000 64.000000) (2272.000000 -472.000000 80.000000) (2272.000000 0.000000 80.000000) (2272.000000 0.000000 64.000000) 
4 23 25 (2024.000000 152.000000 -48.000000) (2024.000000 8.000000 -48.000000) (2024.000000 8.000000 80.000000) (2024.000000 152.000000 80.000000) 
4 24 26 (2272.000000 -472.000000 80.000000) (2024.000000 -472.000000 80.000000) (2024.000000 -472.000000 64.000000) (2272.000000 -472.000000 64.000000) 
4 24 25 (2024.000000 0.000000 -64.000000) (2024.000000 -472.000000 -64.000000) (2024.000000 -472.000000 80.000000) (2024.000000 0.000000 80.000000) 
4 25 35 (1896.000000 -352.000000 80.000000) (1896.000000 -288.000000 80.000000) (1896.000000 -288.000000 -64.000000) (1896.000000 -352.000000 -64.000000) 
4 25 28 (1896.000000 -288.000000 80.000000) (1896.000000 160.000000 80.000000) (1896.000000 160.000000 -64.000000) (1896.000000 -288.000000 -64.000000) 
4 25 26 (2024.000000 -472.000000 80.000000) (1896.000000 -472.000000 80.000000) (1896.000000 -472.000000 64.000000) (2024.000000 -472.000000 64.000000) 
4 26 40 (2280.000000 -480.000000 80.000000) (1896.000000 -480.000000 80.000000) (1896.000000 -480.000000 64.000000) (2280.000000 -480.000000 64.000000) 
4 26 37 (1896.000000 -480.000000 64.000000) (1896.000000 -480.000000 80.000000) (1896.000000 -472.000000 80.000000) (1896.000000 -472.000000 64.000000) 
4 27 132 (1384.000000 -480.000000 448.000000) (1384.000000 -480.000000 464.000000) (1384.000000 -472.000000 464.000000) (1384.000000 -472.000000 448.000000) 
4 27 97 (1384.000000 -472.000000 464.000000) (1384.000000 96.000000 464.000000) (1384.000000 96.000000 448.000000) (1384.000000 -472.000000 448.000000) 
4 27 42 (1384.000000 96.000000 464.000000) (1384.000000 160.000000 464.000000) (1384.000000 160.000000 448.000000) (1384.000000 96.000000 448.000000) 
4 27 38 (1384.000000 -480.000000 464.000000) (1384.000000 -480.000000 448.000000) (1896.000000 -480.000000 448.000000) (1896.000000 -480.000000 464.000000) 
4 28 35 (1768.000000 -288.000000 -64.000000) (1896.000000 -288.000000 -64.000000) (1896.000000 -288.000000 80.000000) (1768.000000 -288.000000 80.000000) 
4 28 34 (1896.000000 -288.000000 80.000000) (1896.000000 -288.000000 448.000000) (1768.000000 -288.000000 448.000000) (1768.000000 -288.000000 80.000000) 
4 28 36 (1640.000000 -288.000000 -64.000000) (1768.000000 -288.000000 -64.000000) (1768.000000 -288.000000 448.000000) (1640.000000 -288.000000 448.000000) 
4 28 32 (1640.000000 -288.000000 128.000000) (1640.000000 -288.000000 448.000000) (1640.000000 -168.000000 448.000000) (1640.000000 -168.000000 128.000000) 
4 28 30 (1640.000000 -168.000000 448.000000) (1640.000000 96.000000 448.000000) (1640.000000 96.000000 112.000000) (1640.000000 -168.000000 112.000000) 
4 28 33 (1640.000000 96.000000 -48.000000) (1640.000000 -288.000000 -48.000000) (1640.000000 -288.000000 112.000000) (1640.000000 96.000000 112.000000) 
4 28 29 (1640.000000 160.000000 448.000000) (1640.000000 160.000000 -48.000000) (1640.000000 96.000000 -48.000000) (1640.000000 96.000000 448.000000) 
4 29 75 (1384.000000 160.000000 80.000000) (1384.000000 160.000000 -48.000000) (1384.000000 96.000000 -48.000000) (1384.000000 96.000000 80.000000) 
4 29 71 (1384.000000 160.000000 112.000000) (1384.000000 160.000000 80.000000) (1384.000000 96.000000 80.000000) (1384.000000 96.000000 112.000000) 
4 29 67 (1384.000000 160.000000 128.000000) (1384.000000 160.000000 112.000000) (1384.000000 96.000000 112.000000) (1384.000000 96.000000 128.000000) 
4 29 66 (1384.000000 104.000000 128.000000) (1384.000000 96.000000 128.000000) (1384.000000 96.000000 230.400000) (1384.000000 104.000000 230.400000) 
4 29 62 (1384.000000 160.000000 136.000000) (1384.000000 160.000000 128.000000) (1384.000000 104.000000 128.000000) (1384.000000 104.000000 136.000000) 
4 29 59 (1384.000000 160.000000 142.442437) (1384.000000 160.000000 136.000000) (1384.000000 104.000000 136.000000) (1384.000000 104.000000 147.152050) 
4 29 56 (1384.000000 160.000000 230.400000) (1384.000000 160.000000 142.442437) (1384.000000 136.936492 144.382083) (1384.000000 144.766432 230.400000) 
4 29 58 (1384.000000 136.936492 144.382083) (1384.000000 104.000000 147.152050) (1384.000000 104.000000 230.400000) (1384.000000 144.766432 230.400000) 
4 29 52 (1384.000000 160.000000 238.400000) (1384.000000 160.000000 230.400000) (1384.000000 96.000000 230.400000) (1384.000000 96.000000 238.400000) 
4 29 51 (1384.000000 96.000000 448.000000) (1384.000000 160.000000 448.000000) (1384.000000 160.000000 238.400000) (1384.000000 96.000000 238.400000) 
4 29 31 (1384.000000 96.000000 448.000000) (1384.000000 96.000000 128.000000) (1512.000000 96.000000 128.000000) (1512.000000 96.000000 448.000000) 
4 29 30 (1512.000000 96.000000 112.000000) (1640.000000 96.000000 112.000000) (1640.000000 96.000000 448.000000) (1512.000000 96.000000 448.000000) 
4 29 33 (1384.000000 96.000000 112.000000) (1384.000000 96.000000 -48.000000) (1640.000000 96.000000 -48.000000) (1640.000000 96.000000 112.000000) 
4 30 32 (1640.000000 -168.000000 128.000000) (1640.000000 -168.000000 448.000000) (1512.000000 -168.000000 448.000000) (1512.000000 -168.000000 128.000000) 
4 30 31 (1512.000000 -168.000000 128.000000) (1512.000000 -168.000000 448.000000) (1512.000000 96.000000 448.000000) (1512.000000 96.000000 128.000000) 
4 30 33 (1512.000000 96.000000 112.000000) (1640.000000 96.000000 112.000000) (1640.000000 -168.000000 112.000000) (1512.000000 -168.000000 112.000000) 
4 31 108 (1384.000000 88.000000 128.000000) (1384.000000 -48.000000 128.000000) (1384.000000 -48.000000 256.000000) (1384.000000 88.000000 256.000000) 
4 31 98 (1384.000000 -168.000000 448.000000) (1384.000000 96.000000 448.000000) (1384.000000 96.000000 304.000000) (1384.000000 -168.000000 304.000000) 
4 31 32 (1384.000000 -168.000000 448.000000) (1384.000000 -168.000000 128.000000) (1512.000000 -168.000000 128.000000) (1512.000000 -168.000000 448.000000) 
4 32 98 (1384.000000 -288.000000 448.000000) (1384.000000 -168.000000 448.000000) (1384.000000 -168.000000 304.000000) (1384.000000 -288.000000 304.000000) 
4 32 36 (1640.000000 -288.000000 128.000000) (1640.000000 -288.000000 448.000000) (1384.000000 -288.000000 448.000000) (1384.000000 -288.000000 128.000000) 
4 33 115 (1384.000000 -128.000000 -48.000000) (1384.000000 -256.000000 -48.000000) (1384.000000 -256.000000 80.000000) (1384.000000 -128.000000 80.000000) 
4 33 36 (1640.000000 -288.000000 -48.000000) (1640.000000 -288.000000 112.000000) (1384.000000 -288.000000 112.000000) (1384.000000 -288.000000 -48.000000) 
4 34 37 (1896.000000 -472.000000 80.000000) (1896.000000 -472.000000 448.000000) (1768.000000 -472.000000 448.000000) (1768.000000 -472.000000 80.000000) 
4 34 35 (1768.000000 -352.000000 80.000000) (1768.000000 -288.000000 80.000000) (1896.000000 -288.000000 80.000000) (1896.000000 -352.000000 80.000000) 
4 34 36 (1768.000000 -472.000000 80.000000) (1768.000000 -472.000000 448.000000) (1768.000000 -288.000000 448.000000) (1768.000000 -288.000000 80.000000) 
4 35 36 (1768.000000 -288.000000 -64.000000) (1768.000000 -352.000000 -64.000000) (1768.000000 -352.000000 80.000000) (1768.000000 -288.000000 80.000000) 
4 36 124 (1384.000000 -288.000000 288.000000) (1384.000000 -288.000000 -64.000000) (1384.000000 -472.000000 -64.000000) (1384.000000 -472.000000 288.000000) 
4 36 99 (1384.000000 -472.000000 448.000000) (1384.000000 -288.000000 448.000000) (1384.000000 -288.000000 288.000000) (1384.000000 -472.000000 288.000000) 
4 36 37 (1384.000000 -472.000000 448.000000) (1384.000000 -472.000000 64.000000) (1768.000000 -472.000000 64.000000) (1768.000000 -472.000000 448.000000) 
4 37 133 (1384.000000 -480.000000 64.000000) (1384.000000 -480.000000 448.000000) (1384.000000 -472.000000 448.000000) (1384.000000 -472.000000 64.000000) 
4 37 40 (1384.000000 -480.000000 448.000000) (1384.000000 -480.000000 64.000000) (1896.000000 -480.000000 64.000000) (1896.000000 -480.000000 448.000000) 
4 38 132 (1384.000000 -1008.000000 464.000000) (1384.000000 -480.000000 464.000000) (1384.000000 -480.000000 448.000000) (1384.000000 -1008.000000 448.000000) 
4 38 41 (2344.000000 -552.000000 448.000000) (1384.000000 -552.000000 448.000000) (1384.000000 -544.000000 448.000000) (2344.000000 -544.000000 448.000000) 
4 38 39 (2344.000000 -480.000000 448.000000) (2352.000000 -480.000000 448.000000) (2352.000000 -544.000000 448.000000) (2344.000000 -544.000000 448.000000) 
4 40 133 (1384.000000 -544.000000 448.000000) (1384.000000 -480.000000 448.000000) (1384.000000 -480.000000 64.000000) (1384.000000 -544.000000 64.000000) 
4 41 134 (1384.000000 -552.000000 448.000000) (1384.000000 -544.000000 448.000000) (1384.000000 -544.000000 64.000000) (1384.000000 -552.000000 64.000000) 
4 42 139 (424.000000 1096.000000 448.000000) (424.000000 96.000000 448.000000) (424.000000 96.000000 464.000000) (424.000000 1096.000000 464.000000) 
4 42 97 (424.000000 96.000000 464.000000) (424.000000 96.000000 448.000000) (1384.000000 96.000000 448.000000) (1384.000000 96.000000 464.000000) 
4 42 46 (616.000000 960.000000 448.000000) (624.000000 960.000000 448.000000) (624.000000 736.000000 448.000000) (616.000000 736.000000 448.000000) 
4 42 45 (1384.000000 744.000000 448.000000) (1384.000000 736.000000 448.000000) (624.000000 736.000000 448.000000) (624.000000 744.000000 448.000000) 
4 42 43 (424.000000 960.000000 448.000000) (424.000000 968.000000 448.000000) (616.000000 968.000000 448.000000) (616.000000 960.000000 448.000000) 
4 43 140 (424.000000 960.000000 64.000000) (424.000000 960.000000 448.000000) (424.000000 968.000000 448.000000) (424.000000 968.000000 64.000000) 
4 43 44 (544.000000 960.000000 64.000000) (424.000000 960.000000 64.000000) (424.000000 968.000000 64.000000) (544.000000 968.000000 64.000000) 
4 44 140 (424.000000 960.000000 -72.000000) (424.000000 960.000000 64.000000) (424.000000 968.000000 64.000000) (424.000000 968.000000 -72.000000) 
4 45 46 (624.000000 744.000000 64.000000) (624.000000 736.000000 64.000000) (624.000000 736.000000 448.000000) (624.000000 744.000000 448.000000) 
4 47 143 (424.000000 736.000000 448.000000) (424.000000 772.000000 448.000000) (424.000000 772.000000 64.000000) (424.000000 736.000000 64.000000) 
4 47 141 (424.000000 772.000000 448.000000) (424.000000 960.000000 448.000000) (424.000000 960.000000 64.000000) (424.000000 772.000000 64.000000) 
4 47 49 (424.000000 736.000000 64.000000) (424.000000 772.000000 64.000000) (544.000000 772.000000 64.000000) (544.000000 736.000000 64.000000) 
4 47 48 (616.000000 736.000000 448.000000) (424.000000 736.000000 448.000000) (424.000000 736.000000 64.000000) (616.000000 736.000000 64.000000) 
4 48 143 (424.000000 664.000000 448.000000) (424.000000 736.000000 448.000000) (424.000000 736.000000 64.000000) (424.000000 664.000000 64.000000) 
4 48 87 (744.000000 664.000000 448.000000) (544.000000 664.000000 448.000000) (544.000000 664.000000 64.000000) (744.000000 664.000000 64.000000) 
4 48 89 (544.000000 664.000000 448.000000) (424.000000 664.000000 448.000000) (424.000000 664.000000 64.000000) (544.000000 664.000000 64.000000) 
4 48 86 (752.000000 664.000000 448.000000) (744.000000 664.000000 448.000000) (744.000000 664.000000 64.000000) (752.000000 664.000000 64.000000) 
4 48 85 (936.000000 664.000000 448.000000) (752.000000 664.000000 448.000000) (752.000000 664.000000 64.000000) (936.000000 664.000000 64.000000) 
4 48 74 (1384.000000 664.000000 64.000000) (1384.000000 664.000000 80.000000) (936.000000 664.000000 80.000000) (936.000000 664.000000 64.000000) 
4 48 72 (1216.000000 664.000000 112.000000) (936.000000 664.000000 112.000000) (936.000000 664.000000 80.000000) (1216.000000 664.000000 80.000000) 
4 48 71 (1384.000000 664.000000 80.000000) (1384.000000 664.000000 112.000000) (1216.000000 664.000000 112.000000) (1216.000000 664.000000 80.000000) 
4 48 70 (1216.000000 664.000000 128.000000) (936.000000 664.000000 128.000000) (936.000000 664.000000 112.000000) (1216.000000 664.000000 112.000000) 
4 48 68 (1359.618984 664.000000 128.000000) (1216.000000 664.000000 128.000000) (1216.000000 664.000000 112.000000) (1359.623201 664.000000 112.000000) 
4 48 67 (1384.000000 664.000000 112.000000) (1384.000000 664.000000 128.000000) (1359.618984 664.000000 128.000000) (1359.623201 664.000000 112.000000) 
3 48 64 (1076.000000 664.000000 160.000000) (936.000000 664.000000 128.000000) (1076.000000 664.000000 128.000000) 
4 48 53 (1384.000000 664.000000 128.000000) (1384.000000 664.000000 230.400000) (1076.000000 664.000000 160.000000) (1076.000000 664.000000 128.000000) 
4 48 50 (1384.000000 664.000000 230.400000) (1384.000000 664.000000 448.000000) (936.000000 664.000000 448.000000) (936.000000 664.000000 128.000000) 
4 48 49 (424.000000 664.000000 64.000000) (424.000000 736.000000 64.000000) (544.000000 736.000000 64.000000) (544.000000 664.000000 64.000000) 
4 49 144 (424.000000 664.000000 -64.000000) (424.000000 664.000000 64.000000) (424.000000 772.000000 64.000000) (424.000000 772.000000 -64.000000) 
4 49 89 (544.000000 664.000000 64.000000) (424.000000 664.000000 64.000000) (424.000000 664.000000 -64.000000) (544.000000 664.000000 -64.000000) 
4 50 85 (936.000000 664.000000 448.000000) (936.000000 664.000000 128.000000) (936.000000 288.000000 128.000000) (936.000000 288.000000 448.000000) 
4 50 64 (936.000000 292.000000 128.000000) (936.000000 664.000000 128.000000) (1076.000000 664.000000 160.000000) (1076.000000 292.000000 160.000000) 
4 50 57 (1251.794186 288.000000 200.181528) (1106.168719 288.000000 166.895707) (1141.107328 409.865263 174.881675) (1276.415651 373.878786 205.809292) 
4 50 56 (1384.000000 345.265752 230.400000) (1384.000000 288.000000 230.400000) (1251.794186 288.000000 200.181528) (1276.415651 373.878786 205.809292) 
4 50 55 (1384.000000 497.600000 230.400000) (1384.000000 345.265752 230.400000) (1141.107328 409.865263 174.881675) (1162.634172 484.950524 179.802096) 
4 50 63 (1106.168719 288.000000 166.895707) (1076.000000 288.000000 160.000000) (1076.000000 480.000000 160.000000) (1162.634172 484.950524 179.802096) 
4 50 54 (1384.000000 505.600000 230.400000) (1384.000000 497.600000 230.400000) (1076.000000 480.000000 160.000000) (1076.000000 488.000000 160.000000) 
4 50 53 (1076.000000 664.000000 160.000000) (1384.000000 664.000000 230.400000) (1384.000000 505.600000 230.400000) (1076.000000 488.000000 160.000000) 
4 50 52 (1384.000000 288.000000 230.400000) (1384.000000 288.000000 238.400000) (1076.000000 288.000000 168.000000) (1076.000000 288.000000 160.000000) 
4 50 51 (1384.000000 288.000000 238.400000) (1384.000000 288.000000 448.000000) (936.000000 288.000000 448.000000) (936.000000 288.000000 136.000000) 
4 51 98 (1384.000000 96.000000 304.000000) (1384.000000 96.000000 448.000000) (936.000000 96.000000 448.000000) (936.000000 96.000000 304.000000) 
4 51 85 (936.000000 96.000000 136.000000) (936.000000 96.000000 448.000000) (936.000000 288.000000 448.000000) (936.000000 288.000000 136.000000) 
4 51 52 (1076.000000 288.000000 168.000000) (1384.000000 288.000000 238.400000) (1384.000000 96.000000 238.400000) (1076.000000 96.000000 168.000000) 
4 52 66 (1384.000000 104.000000 230.400000) (1384.000000 96.000000 230.400000) (1076.000000 96.000000 160.000000) (1076.000000 104.000000 160.000000) 
4 52 57 (1106.168719 288.000000 166.895707) (1251.794186 288.000000 200.181528) (1223.004724 187.583396 193.601080) (1087.696401 223.568873 162.673463) 
4 52 56 (1251.794186 288.000000 200.181528) (1384.000000 288.000000 230.400000) (1384.000000 144.766432 230.400000) (1223.004724 187.583396 193.601080) 
5 52 58 (1384.000000 144.766432 230.400000) (1384.000000 104.000000 230.400000) (1076.000000 104.000000 160.000000) (1076.000000 182.772030 160.000000) (1087.696401 223.568873 162.673463) 
3 52 63 (1076.000000 288.000000 160.000000) (1106.168719 288.000000 166.895707) (1076.000000 182.772030 160.000000) 
4 53 70 (1076.000000 664.000000 128.000000) (1216.000000 664.000000 128.000000) (1216.000000 480.000000 128.000000) (1076.000000 480.000000 128.000000) 
4 53 68 (1216.000000 664.000000 128.000000) (1359.618984 664.000000 128.000000) (1306.862967 480.000000 128.000000) (1216.000000 480.000000 128.000000) 
4 53 67 (1359.618984 664.000000 128.000000) (1384.000000 664.000000 128.000000) (1384.000000 480.000000 128.000000) (1306.862967 480.000000 128.000000) 
4 53 64 (1076.000000 664.000000 160.000000) (1076.000000 664.000000 128.000000) (1076.000000 480.000000 128.000000) (1076.000000 488.000000 160.000000) 
4 53 54 (1076.000000 488.000000 160.000000) (1216.000000 480.000000 128.000000) (1384.000000 480.000000 128.000000) (1384.000000 505.600000 230.400000) 
4 54 68 (1304.569227 472.000000 128.000000) (1216.000000 472.000000 128.000000) (1216.000000 480.000000 128.000000) (1306.862967 480.000000 128.000000) 
4 54 67 (1384.000000 480.000000 128.000000) (1384.000000 472.000000 128.000000) (1304.569227 472.000000 128.000000) (1306.862967 480.000000 128.000000) 
5 54 55 (1384.000000 472.000000 128.000000) (1384.000000 497.600000 230.400000) (1162.634172 484.950524 179.802096) (1159.851245 475.208500 140.834001) (1216.000000 472.000000 128.000000) 
3 54 63 (1162.634172 484.950524 179.802096) (1076.000000 480.000000 160.000000) (1159.851245 475.208500 140.834001) 
4 55 68 (1274.558138 367.328708 128.000000) (1216.000000 384.121147 128.000000) (1216.000000 472.000000 128.000000) (1304.569227 472.000000 128.000000) 
4 55 67 (1384.000000 472.000000 128.000000) (1384.000000 335.944585 128.000000) (1274.558138 367.328708 128.000000) (1304.569227 472.000000 128.000000) 
4 55 57 (1276.415651 373.878786 205.809292) (1141.107328 409.865263 174.881675) (1140.169998 406.559993 135.617917) (1274.740000 367.970000 135.618000) 
4 55 56 (1384.000000 335.944585 128.000000) (1384.000000 345.265752 230.400000) (1276.415651 373.878786 205.809292) (1274.558138 367.328708 128.000000) 
4 55 63 (1162.634172 484.950524 179.802096) (1158.934698 472.000000 128.000000) (1139.988138 405.918708 128.000000) (1141.107328 409.865263 174.881675) 
4 56 67 (1384.000000 335.944585 128.000000) (1384.000000 331.728874 128.000000) (1273.441034 363.432523 128.000000) (1274.558138 367.328708 128.000000) 
4 56 60 (1273.441034 363.432523 128.000000) (1384.000000 331.728874 128.000000) (1384.000000 236.604279 136.000000) (1248.237257 275.535307 136.000000) 
4 56 59 (1384.000000 236.604279 136.000000) (1384.000000 136.936492 144.382083) (1221.829737 183.440083 144.382083) (1248.237257 275.535307 136.000000) 
4 56 57 (1222.020000 184.111000 152.352000) (1223.004724 187.583396 193.601080) (1276.415651 373.878786 205.809292) (1274.740000 367.970000 135.618000) 
4 56 58 (1384.000000 136.936492 144.382083) (1384.000000 144.766432 230.400000) (1223.004724 187.583396 193.601080) (1221.829737 183.440083 144.382083) 
4 57 63 (1087.450000 222.700000 152.352000) (1087.696401 223.568873 162.673463) (1141.107328 409.865263 174.881675) (1140.169998 406.559993 135.617917) 
4 57 58 (1223.004724 187.583396 193.601080) (1087.696401 223.568873 162.673463) (1087.450000 222.700000 152.352000) (1222.020000 184.111000 152.352000) 
4 58 66 (1384.000000 104.000000 147.152050) (1384.000000 104.000000 230.400000) (1076.000000 104.000000 160.000000) (1102.509984 104.000000 153.940575) 
4 58 65 (1076.000000 104.000000 154.579900) (1076.000000 104.000000 160.000000) (1076.000000 182.772030 160.000000) (1076.000000 182.760964 147.956085) 
5 58 59 (1076.000000 104.000000 154.579900) (1076.000000 182.760964 147.956085) (1087.259737 222.029083 144.382083) (1384.000000 136.936492 144.382083) (1384.000000 104.000000 147.152050) 
4 58 63 (1087.259737 222.029083 144.382083) (1076.000000 182.760964 147.956085) (1076.000000 182.772030 160.000000) (1087.696401 223.568873 162.673463) 
4 59 66 (1384.000000 104.000000 136.000000) (1384.000000 104.000000 147.152050) (1102.509984 104.000000 153.940575) (1181.000000 104.000000 136.000000) 
4 59 65 (1076.000000 104.000000 136.000000) (1076.000000 104.000000 154.579900) (1076.000000 182.760964 147.956085) (1076.000000 182.749978 136.000000) 
5 59 60 (1128.960489 309.738853 136.000000) (1384.000000 236.604279 136.000000) (1384.000000 230.243721 136.000000) (1254.650000 245.267000 136.000000) (1122.680000 292.000000 136.000000) 
4 59 61 (1113.667124 314.124345 136.000000) (1128.960489 309.738853 136.000000) (1112.000000 261.835000 136.000000) (1099.104366 263.332756 136.000000) 
5 59 62 (1384.000000 230.243721 136.000000) (1384.000000 104.000000 136.000000) (1076.000000 104.000000 136.000000) (1076.000000 182.749978 136.000000) (1099.104366 263.332756 136.000000) 
3 59 63 (1076.000000 182.749978 136.000000) (1076.000000 182.760964 147.956085) (1113.667124 314.124345 136.000000) 
4 60 69 (1240.951725 250.117811 128.000000) (1216.000000 258.953675 128.000000) (1216.000000 379.904188 128.000000) (1273.441034 363.432523 128.000000) 
5 60 67 (1384.000000 331.728874 128.000000) (1384.000000 230.243721 128.000000) (1254.650000 245.267000 128.000000) (1240.951725 250.117811 128.000000) (1273.441034 363.432523 128.000000) 
4 60 61 (1122.680000 292.000000 136.000000) (1128.960489 309.738853 136.000000) (1159.535417 396.095849 128.000000) (1122.680000 292.000000 128.000000) 
4 60 62 (1254.650000 245.267000 128.000000) (1384.000000 230.243721 128.000000) (1384.000000 230.243721 136.000000) (1254.650000 245.267000 136.000000) 
4 61 62 (1099.104366 263.332756 136.000000) (1099.106406 263.332519 128.000000) (1112.000000 261.835000 128.000000) (1112.000000 261.835000 136.000000) 
4 61 63 (1138.870774 402.021597 128.000000) (1099.106406 263.332519 128.000000) (1099.104366 263.332756 136.000000) (1113.667124 314.124345 136.000000) 
3 62 69 (1216.000000 163.092335 128.000000) (1216.000000 249.755981 128.000000) (1240.047196 246.963034 128.000000) 
5 62 67 (1384.000000 230.243721 128.000000) (1384.000000 104.000000 128.000000) (1216.000000 104.000000 128.000000) (1216.000000 163.092335 128.000000) (1240.047196 246.963034 128.000000) 
4 62 66 (1384.000000 104.000000 128.000000) (1384.000000 104.000000 136.000000) (1181.000000 104.000000 136.000000) (1216.000000 104.000000 128.000000) 
4 62 65 (1076.000000 182.742627 128.000000) (1076.000000 104.000000 128.000000) (1076.000000 104.000000 136.000000) (1076.000000 182.749978 136.000000) 
4 62 63 (1099.106406 263.332519 128.000000) (1076.000000 182.742627 128.000000) (1076.000000 182.749978 136.000000) (1099.104366 263.332756 136.000000) 
4 63 65 (1076.000000 284.000000 128.000000) (1076.000000 182.742627 128.000000) (1076.000000 182.772030 160.000000) (1076.000000 284.000000 160.000000) 
4 63 64 (1076.000000 472.000000 128.000000) (1076.000000 292.000000 128.000000) (1076.000000 292.000000 160.000000) (1076.000000 480.000000 160.000000) 
4 64 70 (936.000000 480.000000 128.000000) (936.000000 664.000000 128.000000) (1076.000000 664.000000 128.000000) (1076.000000 480.000000 128.000000) 
4 66 67 (1216.000000 104.000000 128.000000) (1384.000000 104.000000 128.000000) (1384.000000 96.000000 128.000000) (1216.000000 96.000000 128.000000) 
5 67 71 (1384.000000 96.000000 112.000000) (1216.000000 96.000000 112.000000) (1216.000000 163.077626 112.000000) (1359.623201 664.000000 112.000000) (1384.000000 664.000000 112.000000) 
5 67 69 (1274.176176 365.981809 112.000000) (1216.000000 163.077626 112.000000) (1216.000000 163.092335 128.000000) (1273.441034 363.432523 128.000000) (1274.549737 367.299083 127.648083) 
4 67 68 (1359.618984 664.000000 128.000000) (1359.623201 664.000000 112.000000) (1274.176176 365.981809 112.000000) (1274.558138 367.328708 128.000000) 
4 68 71 (1216.000000 382.664715 112.000000) (1216.000000 664.000000 112.000000) (1359.623201 664.000000 112.000000) (1274.176176 365.981809 112.000000) 
4 68 70 (1216.000000 664.000000 112.000000) (1216.000000 480.000000 112.000000) (1216.000000 480.000000 128.000000) (1216.000000 664.000000 128.000000) 
4 68 69 (1216.000000 384.089110 127.648047) (1216.000000 382.664715 112.000000) (1274.176176 365.981809 112.000000) (1274.549737 367.299083 127.648083) 
3 69 71 (1216.000000 163.077626 112.000000) (1216.000000 382.664715 112.000000) (1274.176176 365.981809 112.000000) 
4 70 85 (936.000000 664.000000 128.000000) (936.000000 664.000000 112.000000) (936.000000 480.000000 112.000000) (936.000000 480.000000 128.000000) 
4 70 72 (936.000000 480.000000 112.000000) (936.000000 664.000000 112.000000) (1216.000000 664.000000 112.000000) (1216.000000 480.000000 112.000000) 
4 71 75 (1384.000000 96.000000 80.000000) (1216.000000 96.000000 80.000000) (1216.000000 480.000000 80.000000) (1384.000000 480.000000 80.000000) 
4 71 74 (1216.000000 480.000000 80.000000) (1216.000000 664.000000 80.000000) (1384.000000 664.000000 80.000000) (1384.000000 480.000000 80.000000) 
4 71 72 (1216.000000 480.000000 112.000000) (1216.000000 664.000000 112.000000) (1216.000000 664.000000 80.000000) (1216.000000 480.000000 80.000000) 
4 72 85 (936.000000 664.000000 112.000000) (936.000000 664.000000 80.000000) (936.000000 480.000000 80.000000) (936.000000 480.000000 112.000000) 
4 72 74 (936.000000 480.000000 80.000000) (936.000000 664.000000 80.000000) (1216.000000 664.000000 80.000000) (1216.000000 480.000000 80.000000) 
4 73 78 (944.000000 104.000000 80.000000) (944.000000 472.000000 80.000000) (1208.000000 472.000000 80.000000) (1208.000000 104.000000 80.000000) 
4 74 95 (936.000000 664.000000 -48.000000) (936.000000 664.000000 -64.000000) (936.000000 480.000000 -64.000000) (936.000000 480.000000 -48.000000) 
4 74 85 (936.000000 664.000000 80.000000) (936.000000 664.000000 -48.000000) (936.000000 480.000000 -48.000000) (936.000000 480.000000 80.000000) 
4 74 77 (1192.000000 480.000000 80.000000) (1064.000000 480.000000 80.000000) (1064.000000 480.000000 -48.000000) (1192.000000 480.000000 -48.000000) 
4 74 75 (1384.000000 480.000000 80.000000) (1216.000000 480.000000 80.000000) (1216.000000 480.000000 -48.000000) (1384.000000 480.000000 -48.000000) 
4 75 101 (1360.000000 96.000000 80.000000) (1232.000000 96.000000 80.000000) (1232.000000 96.000000 -48.000000) (1360.000000 96.000000 -48.000000) 
4 75 76 (1216.000000 448.000000 -48.000000) (1216.000000 320.000000 -48.000000) (1216.000000 320.000000 80.000000) (1216.000000 448.000000 80.000000) 
4 76 78 (1208.000000 320.000000 80.000000) (1208.000000 448.000000 80.000000) (1208.000000 448.000000 -48.000000) (1208.000000 320.000000 -48.000000) 
4 77 78 (1064.000000 472.000000 -48.000000) (1192.000000 472.000000 -48.000000) (1192.000000 472.000000 80.000000) (1064.000000 472.000000 80.000000) 
4 78 84 (1040.000000 104.000000 -48.000000) (1168.000000 104.000000 -48.000000) (1168.000000 104.000000 80.000000) (1040.000000 104.000000 80.000000) 
4 78 83 (944.000000 128.000000 80.000000) (944.000000 144.000000 80.000000) (944.000000 144.000000 -48.000000) (944.000000 128.000000 -48.000000) 
4 78 81 (944.000000 432.000000 48.000000) (944.000000 432.000000 -48.000000) (944.000000 144.000000 -48.000000) (944.000000 144.000000 48.000000) 
4 78 80 (944.000000 144.000000 80.000000) (944.000000 432.000000 80.000000) (944.000000 432.000000 48.000000) (944.000000 144.000000 48.000000) 
4 78 79 (944.000000 432.000000 80.000000) (944.000000 448.000000 80.000000) (944.000000 448.000000 -48.000000) (944.000000 432.000000 -48.000000) 
4 79 85 (936.000000 432.000000 80.000000) (936.000000 448.000000 80.000000) (936.000000 448.000000 -48.000000) (936.000000 432.000000 -48.000000) 
4 79 81 (942.000000 432.000000 -48.000000) (944.000000 432.000000 -48.000000) (944.000000 432.000000 48.000000) (942.000000 432.000000 48.000000) 
4 79 82 (936.000000 432.000000 48.000000) (936.000000 432.000000 -48.000000) (938.000000 432.000000 -48.000000) (938.000000 432.000000 48.000000) 
4 79 80 (944.000000 432.000000 80.000000) (936.000000 432.000000 80.000000) (936.000000 432.000000 48.000000) (944.000000 432.000000 48.000000) 
4 80 85 (936.000000 144.000000 80.000000) (936.000000 432.000000 80.000000) (936.000000 432.000000 48.000000) (936.000000 144.000000 48.000000) 
4 80 83 (936.000000 144.000000 80.000000) (936.000000 144.000000 48.000000) (944.000000 144.000000 48.000000) (944.000000 144.000000 80.000000) 
4 80 81 (944.000000 144.000000 48.000000) (942.000000 144.000000 48.000000) (942.000000 432.000000 48.000000) (944.000000 432.000000 48.000000) 
4 80 82 (938.000000 144.000000 48.000000) (936.000000 144.000000 48.000000) (936.000000 432.000000 48.000000) (938.000000 432.000000 48.000000) 
4 81 83 (942.000000 144.000000 -48.000000) (944.000000 144.000000 -48.000000) (944.000000 144.000000 48.000000) (942.000000 144.000000 48.000000) 
4 82 85 (936.000000 432.000000 48.000000) (936.000000 432.000000 -48.000000) (936.000000 144.000000 -48.000000) (936.000000 144.000000 48.000000) 
4 82 83 (936.000000 144.000000 48.000000) (936.000000 144.000000 -48.000000) (938.000000 144.000000 -48.000000) (938.000000 144.000000 48.000000) 
4 83 85 (936.000000 128.000000 80.000000) (936.000000 144.000000 80.000000) (936.000000 144.000000 -48.000000) (936.000000 128.000000 -48.000000) 
4 84 102 (1168.000000 96.000000 80.000000) (1040.000000 96.000000 80.000000) (1040.000000 96.000000 -48.000000) (1168.000000 96.000000 -48.000000) 
4 85 98 (936.000000 96.000000 304.000000) (936.000000 96.000000 448.000000) (752.000000 96.000000 448.000000) (752.000000 96.000000 304.000000) 
4 85 95 (808.000000 432.000000 -64.000000) (808.000000 664.000000 -64.000000) (936.000000 664.000000 -48.000000) (936.000000 432.000000 -48.000000) 
4 85 96 (936.000000 96.000000 -48.000000) (808.000000 96.000000 -64.000000) (808.000000 144.000000 -64.000000) (936.000000 144.000000 -48.000000) 
4 85 90 (752.000000 568.000000 0.000000) (752.000000 568.000000 448.000000) (752.000000 576.000000 448.000000) (752.000000 576.000000 0.000000) 
4 85 92 (752.000000 568.000000 -64.000000) (752.000000 96.000000 -64.000000) (752.000000 96.000000 448.000000) (752.000000 568.000000 448.000000) 
4 85 86 (752.000000 576.000000 0.000000) (752.000000 576.000000 448.000000) (752.000000 664.000000 448.000000) (752.000000 664.000000 0.000000) 
4 86 90 (752.000000 576.000000 0.000000) (752.000000 576.000000 448.000000) (744.000000 576.000000 448.000000) (744.000000 576.000000 0.000000) 
4 86 87 (744.000000 664.000000 448.000000) (744.000000 664.000000 0.000000) (744.000000 576.000000 0.000000) (744.000000 576.000000 448.000000) 
4 87 90 (744.000000 576.000000 0.000000) (744.000000 576.000000 448.000000) (544.000000 576.000000 448.000000) (544.000000 576.000000 0.000000) 
4 87 88 (744.000000 576.000000 0.000000) (552.000000 576.000000 0.000000) (552.000000 664.000000 0.000000) (744.000000 664.000000 0.000000) 
4 87 89 (544.000000 576.000000 0.000000) (544.000000 576.000000 448.000000) (544.000000 664.000000 448.000000) (544.000000 664.000000 0.000000) 
4 89 144 (424.000000 664.000000 64.000000) (424.000000 664.000000 -64.000000) (424.000000 576.000000 -64.000000) (424.000000 576.000000 64.000000) 
4 89 143 (424.000000 576.000000 448.000000) (424.000000 664.000000 448.000000) (424.000000 664.000000 64.000000) (424.000000 576.000000 64.000000) 
4 89 91 (424.000000 576.000000 -64.000000) (544.000000 576.000000 -64.000000) (544.000000 576.000000 0.000000) (424.000000 576.000000 0.000000) 
4 89 90 (544.000000 576.000000 0.000000) (544.000000 576.000000 448.000000) (424.000000 576.000000 448.000000) (424.000000 576.000000 0.000000) 
4 90 144 (424.000000 576.000000 64.000000) (424.000000 576.000000 0.000000) (424.000000 568.000000 0.000000) (424.000000 568.000000 64.000000) 
4 90 143 (424.000000 568.000000 448.000000) (424.000000 576.000000 448.000000) (424.000000 576.000000 64.000000) (424.000000 568.000000 64.000000) 
4 90 91 (424.000000 568.000000 0.000000) (424.000000 576.000000 0.000000) (544.000000 576.000000 0.000000) (544.000000 568.000000 0.000000) 
4 90 92 (424.000000 568.000000 448.000000) (424.000000 568.000000 0.000000) (752.000000 568.000000 0.000000) (752.000000 568.000000 448.000000) 
4 91 144 (424.000000 576.000000 0.000000) (424.000000 576.000000 -64.000000) (424.000000 568.000000 -64.000000) (424.000000 568.000000 0.000000) 
4 91 92 (424.000000 568.000000 0.000000) (424.000000 568.000000 -64.000000) (544.000000 568.000000 -64.000000) (544.000000 568.000000 0.000000) 
4 92 144 (424.000000 568.000000 64.000000) (424.000000 568.000000 -64.000000) (424.000000 105.433202 -64.000000) (424.000000 105.433202 64.000000) 
4 92 143 (424.000000 105.433202 448.000000) (424.000000 568.000000 448.000000) (424.000000 568.000000 64.000000) (424.000000 105.433202 64.000000) 
4 92 125 (680.000000 96.000000 112.000000) (680.000000 96.000000 288.000000) (603.841364 96.000000 288.000000) (603.841364 96.000000 112.000000) 
4 92 98 (752.000000 96.000000 304.000000) (752.000000 96.000000 448.000000) (680.000000 96.000000 448.000000) (680.000000 96.000000 304.000000) 
4 92 100 (680.000000 96.000000 448.000000) (603.841364 96.000000 448.000000) (603.841364 96.000000 288.000000) (680.000000 96.000000 288.000000) 
4 92 94 (528.000000 99.978100 -64.000000) (603.841364 96.000000 -64.000000) (603.841364 96.000000 64.000000) (528.000000 99.978100 64.000000) 
4 92 93 (424.000000 105.433202 448.000000) (424.000000 105.433202 64.000000) (603.841364 96.000000 64.000000) (603.841364 96.000000 448.000000) 
4 93 143 (424.000000 96.000000 64.000000) (424.000000 96.000000 448.000000) (424.000000 105.433202 448.000000) (424.000000 105.433202 64.000000) 
4 93 129 (424.000000 96.000000 288.000000) (424.000000 96.000000 64.000000) (552.000000 96.000000 64.000000) (552.000000 96.000000 288.000000) 
4 93 125 (603.841364 96.000000 112.000000) (603.841364 96.000000 288.000000) (552.000000 96.000000 288.000000) (552.000000 96.000000 112.000000) 
4 93 100 (424.000000 96.000000 448.000000) (424.000000 96.000000 288.000000) (603.841364 96.000000 288.000000) (603.841364 96.000000 448.000000) 
3 93 94 (528.000000 99.978100 64.000000) (603.841364 96.000000 64.000000) (527.791610 96.000000 64.000000) 
4 94 130 (527.791610 96.000000 -64.000000) (552.000000 96.000000 -64.000000) (552.000000 96.000000 64.000000) (527.791610 96.000000 64.000000) 
4 97 158 (424.000000 -472.000000 448.000000) (424.000000 -472.000000 464.000000) (424.000000 0.000000 464.000000) (424.000000 0.000000 448.000000) 
4 97 139 (424.000000 0.000000 464.000000) (424.000000 96.000000 464.000000) (424.000000 96.000000 448.000000) (424.000000 0.000000 448.000000) 
4 97 132 (1384.000000 -472.000000 448.000000) (1384.000000 -472.000000 464.000000) (424.000000 -472.000000 464.000000) (424.000000 -472.000000 448.000000) 
4 98 99 (1384.000000 -288.000000 304.000000) (1384.000000 -288.000000 448.000000) (680.000000 -288.000000 448.000000) (680.000000 -288.000000 304.000000) 
4 98 100 (680.000000 -288.000000 304.000000) (680.000000 -288.000000 448.000000) (680.000000 96.000000 448.000000) (680.000000 96.000000 304.000000) 
4 99 133 (1384.000000 -472.000000 288.000000) (1384.000000 -472.000000 448.000000) (680.000000 -472.000000 448.000000) (680.000000 -472.000000 288.000000) 
4 99 124 (1384.000000 -472.000000 288.000000) (680.000000 -472.000000 288.000000) (680.000000 -288.000000 288.000000) (1384.000000 -288.000000 288.000000) 
4 99 100 (680.000000 -288.000000 288.000000) (680.000000 -472.000000 288.000000) (680.000000 -472.000000 448.000000) (680.000000 -288.000000 448.000000) 
4 100 170 (424.000000 -472.000000 288.000000) (424.000000 -472.000000 448.000000) (424.000000 -308.485000 448.000000) (424.000000 -308.485000 288.000000) 
4 100 169 (424.000000 -308.485000 448.000000) (424.000000 -224.000000 448.000000) (424.000000 -224.000000 288.000000) (424.000000 -308.485000 288.000000) 
4 100 159 (424.000000 -224.000000 448.000000) (424.000000 0.000000 448.000000) (424.000000 0.000000 288.000000) (424.000000 -224.000000 288.000000) 
4 100 143 (424.000000 0.000000 448.000000) (424.000000 96.000000 448.000000) (424.000000 96.000000 288.000000) (424.000000 0.000000 288.000000) 
4 100 136 (552.000000 -472.000000 448.000000) (424.000000 -472.000000 448.000000) (424.000000 -472.000000 288.000000) (552.000000 -472.000000 288.000000) 
4 100 133 (680.000000 -472.000000 448.000000) (552.000000 -472.000000 448.000000) (552.000000 -472.000000 288.000000) (680.000000 -472.000000 288.000000) 
4 100 129 (552.000000 -472.000000 288.000000) (424.000000 -472.000000 288.000000) (424.000000 96.000000 288.000000) (552.000000 96.000000 288.000000) 
4 100 126 (552.000000 -288.000000 288.000000) (552.000000 -96.000000 288.000000) (680.000000 -96.000000 288.000000) (680.000000 -288.000000 288.000000) 
4 100 127 (680.000000 -472.000000 288.000000) (552.000000 -472.000000 288.000000) (552.000000 -288.000000 288.000000) (680.000000 -288.000000 288.000000) 
4 100 125 (552.000000 -96.000000 288.000000) (552.000000 96.000000 288.000000) (680.000000 96.000000 288.000000) (680.000000 -96.000000 288.000000) 
4 101 116 (1360.000000 88.000000 80.000000) (1232.000000 88.000000 80.000000) (1232.000000 88.000000 -48.000000) (1360.000000 88.000000 -48.000000) 
4 102 116 (1168.000000 88.000000 80.000000) (1040.000000 88.000000 80.000000) (1040.000000 88.000000 -48.000000) (1168.000000 88.000000 -48.000000) 
4 103 109 (1032.000000 -152.000000 256.000000) (1032.000000 88.000000 256.000000) (1376.000000 88.000000 256.000000) (1376.000000 -152.000000 256.000000) 
4 104 111 (1376.000000 -280.000000 256.000000) (1032.000000 -280.000000 256.000000) (1032.000000 -160.000000 256.000000) (1376.000000 -160.000000 256.000000) 
4 105 109 (800.000000 -152.000000 256.000000) (800.000000 88.000000 256.000000) (1024.000000 88.000000 256.000000) (1024.000000 -152.000000 256.000000) 
4 105 107 (800.000000 -152.000000 288.000000) (800.000000 88.000000 288.000000) (800.000000 88.000000 256.000000) (800.000000 -152.000000 256.000000) 
4 106 111 (1024.000000 -280.000000 256.000000) (808.000000 -280.000000 256.000000) (808.000000 -160.000000 256.000000) (1024.000000 -160.000000 256.000000) 
4 107 112 (800.000000 -280.000000 256.000000) (688.000000 -280.000000 256.000000) (688.000000 -152.000000 256.000000) (800.000000 -152.000000 256.000000) 
4 107 109 (688.000000 -152.000000 256.000000) (688.000000 88.000000 256.000000) (800.000000 88.000000 256.000000) (800.000000 -152.000000 256.000000) 
4 108 109 (1376.000000 88.000000 256.000000) (1376.000000 88.000000 128.000000) (1376.000000 -48.000000 128.000000) (1376.000000 -48.000000 256.000000) 
4 109 114 (688.000000 -128.000000 128.000000) (688.000000 -152.000000 128.000000) (688.000000 -152.000000 256.000000) (688.000000 -128.000000 256.000000) 
4 109 113 (688.000000 64.000000 128.000000) (688.000000 -64.000000 128.000000) (688.000000 -64.000000 256.000000) (688.000000 64.000000 256.000000) 
4 109 112 (688.000000 -152.000000 128.000000) (800.000000 -152.000000 128.000000) (800.000000 -152.000000 256.000000) (688.000000 -152.000000 256.000000) 
4 109 110 (1216.000000 -152.000000 128.000000) (1344.000000 -152.000000 128.000000) (1344.000000 -152.000000 256.000000) (1216.000000 -152.000000 256.000000) 
4 110 111 (1216.000000 -160.000000 128.000000) (1344.000000 -160.000000 128.000000) (1344.000000 -160.000000 256.000000) (1216.000000 -160.000000 256.000000) 
4 111 119 (1024.000000 -280.000000 128.000000) (808.000000 -280.000000 128.000000) (808.000000 -160.000000 128.000000) (1024.000000 -160.000000 128.000000) 
4 112 122 (800.000000 -280.000000 128.000000) (688.000000 -280.000000 128.000000) (688.000000 -160.000000 128.000000) (800.000000 -160.000000 128.000000) 
4 112 114 (688.000000 -152.000000 128.000000) (688.000000 -256.000000 128.000000) (688.000000 -256.000000 256.000000) (688.000000 -152.000000 256.000000) 
4 113 125 (680.000000 -64.000000 256.000000) (680.000000 64.000000 256.000000) (680.000000 64.000000 128.000000) (680.000000 -64.000000 128.000000) 
4 114 126 (680.000000 -256.000000 256.000000) (680.000000 -128.000000 256.000000) (680.000000 -128.000000 128.000000) (680.000000 -256.000000 128.000000) 
4 115 116 (1376.000000 -128.000000 -48.000000) (1376.000000 -256.000000 -48.000000) (1376.000000 -256.000000 80.000000) (1376.000000 -128.000000 80.000000) 
4 116 117 (1032.000000 88.000000 112.000000) (1032.000000 88.000000 -48.000000) (1032.000000 -152.000000 -48.000000) (1032.000000 -152.000000 112.000000) 
4 117 118 (1024.000000 -152.000000 112.000000) (1024.000000 88.000000 112.000000) (1024.000000 88.000000 -48.000000) (1024.000000 -152.000000 -48.000000) 
4 118 123 (688.000000 0.000000 -48.000000) (688.000000 -128.000000 -48.000000) (688.000000 -128.000000 80.000000) (688.000000 0.000000 80.000000) 
4 118 120 (808.000000 -160.000000 -8.000000) (808.000000 -160.000000 112.000000) (800.000000 -160.000000 112.000000) (800.000000 -160.000000 -8.000000) 
4 118 122 (688.000000 -160.000000 -48.000000) (800.000000 -160.000000 -48.000000) (800.000000 -160.000000 112.000000) (688.000000 -160.000000 112.000000) 
4 118 119 (808.000000 -160.000000 -48.000000) (1024.000000 -160.000000 -48.000000) (1024.000000 -160.000000 112.000000) (808.000000 -160.000000 112.000000) 
4 119 121 (808.000000 -168.000000 -48.000000) (808.000000 -280.000000 -48.000000) (808.000000 -280.000000 -8.000000) (808.000000 -168.000000 -8.000000) 
4 119 120 (808.000000 -160.000000 112.000000) (808.000000 -160.000000 -8.000000) (808.000000 -280.000000 -8.000000) (808.000000 -280.000000 112.000000) 
4 120 121 (808.000000 -280.000000 -8.000000) (800.000000 -280.000000 -8.000000) (800.000000 -168.000000 -8.000000) (808.000000 -168.000000 -8.000000) 
4 120 122 (800.000000 -280.000000 -8.000000) (800.000000 -280.000000 112.000000) (800.000000 -160.000000 112.000000) (800.000000 -160.000000 -8.000000) 
4 121 122 (800.000000 -168.000000 -48.000000) (800.000000 -280.000000 -48.000000) (800.000000 -280.000000 -8.000000) (800.000000 -168.000000 -8.000000) 
4 123 128 (680.000000 0.000000 80.000000) (680.000000 0.000000 -48.000000) (680.000000 -128.000000 -48.000000) (680.000000 -128.000000 80.000000) 
4 124 133 (1384.000000 -472.000000 64.000000) (1384.000000 -472.000000 288.000000) (680.000000 -472.000000 288.000000) (680.000000 -472.000000 64.000000) 
4 124 128 (680.000000 -288.000000 -64.000000) (680.000000 -472.000000 -64.000000) (680.000000 -472.000000 112.000000) (680.000000 -288.000000 112.000000) 
4 124 127 (680.000000 -472.000000 112.000000) (680.000000 -472.000000 288.000000) (680.000000 -288.000000 288.000000) (680.000000 -288.000000 112.000000) 
4 125 129 (552.000000 96.000000 288.000000) (552.000000 96.000000 112.000000) (552.000000 -96.000000 112.000000) (552.000000 -96.000000 288.000000) 
4 125 128 (552.000000 -96.000000 112.000000) (552.000000 80.000000 112.000000) (680.000000 80.000000 112.000000) (680.000000 -96.000000 112.000000) 
4 125 126 (552.000000 -96.000000 288.000000) (552.000000 -96.000000 128.000000) (680.000000 -96.000000 128.000000) (680.000000 -96.000000 288.000000) 
4 126 129 (552.000000 -288.000000 128.000000) (552.000000 -288.000000 288.000000) (552.000000 -96.000000 288.000000) (552.000000 -96.000000 128.000000) 
4 126 127 (680.000000 -288.000000 128.000000) (680.000000 -288.000000 288.000000) (552.000000 -288.000000 288.000000) (552.000000 -288.000000 128.000000) 
4 127 133 (680.000000 -472.000000 288.000000) (552.000000 -472.000000 288.000000) (552.000000 -472.000000 112.000000) (680.000000 -472.000000 112.000000) 
4 127 129 (552.000000 -288.000000 112.000000) (552.000000 -472.000000 112.000000) (552.000000 -472.000000 288.000000) (552.000000 -288.000000 288.000000) 
4 127 128 (680.000000 -472.000000 112.000000) (552.000000 -472.000000 112.000000) (552.000000 -288.000000 112.000000) (680.000000 -288.000000 112.000000) 
4 128 133 (552.000000 -472.000000 112.000000) (552.000000 -472.000000 64.000000) (680.000000 -472.000000 64.000000) (680.000000 -472.000000 112.000000) 
4 128 130 (552.000000 80.000000 -64.000000) (552.000000 -472.000000 -64.000000) (552.000000 -472.000000 64.000000) (552.000000 80.000000 64.000000) 
4 128 129 (552.000000 -472.000000 64.000000) (552.000000 -472.000000 112.000000) (552.000000 80.000000 112.000000) (552.000000 80.000000 64.000000) 
4 129 170 (424.000000 -472.000000 64.000000) (424.000000 -472.000000 288.000000) (424.000000 -308.485000 288.000000) (424.000000 -308.485000 64.000000) 
4 129 169 (424.000000 -308.485000 288.000000) (424.000000 -224.000000 288.000000) (424.000000 -224.000000 64.000000) (424.000000 -308.485000 64.000000) 
4 129 159 (424.000000 -224.000000 288.000000) (424.000000 0.000000 288.000000) (424.000000 0.000000 64.000000) (424.000000 -224.000000 64.000000) 
4 129 143 (424.000000 0.000000 288.000000) (424.000000 96.000000 288.000000) (424.000000 96.000000 64.000000) (424.000000 0.000000 64.000000) 
4 129 137 (424.000000 -472.000000 96.000000) (424.000000 -472.000000 64.000000) (552.000000 -472.000000 64.000000) (552.000000 -472.000000 96.000000) 
4 129 136 (552.000000 -472.000000 288.000000) (424.000000 -472.000000 288.000000) (424.000000 -472.000000 96.000000) (552.000000 -472.000000 96.000000) 
4 129 131 (424.000000 -472.000000 64.000000) (424.000000 89.406560 64.000000) (527.163000 84.000000 64.000000) (498.037384 -472.000000 64.000000) 
4 129 130 (527.791610 96.000000 64.000000) (552.000000 96.000000 64.000000) (552.000000 -472.000000 64.000000) (498.037384 -472.000000 64.000000) 
4 130 137 (498.037384 -472.000000 -64.000000) (552.000000 -472.000000 -64.000000) (552.000000 -472.000000 64.000000) (498.037384 -472.000000 64.000000) 
4 130 131 (527.163000 84.000000 -64.000000) (498.037384 -472.000000 -64.000000) (498.037384 -472.000000 64.000000) (527.163000 84.000000 64.000000) 
4 131 171 (424.000000 -472.000000 -64.000000) (424.000000 -472.000000 64.000000) (424.000000 -308.485000 64.000000) (424.000000 -308.485000 -64.000000) 
4 131 169 (424.000000 -308.485000 64.000000) (424.000000 -224.000000 64.000000) (424.000000 -224.000000 -64.000000) (424.000000 -308.485000 -64.000000) 
4 131 160 (424.000000 -98.000303 64.000000) (424.000000 0.000000 64.000000) (424.000000 0.000000 -64.000000) (424.000000 -98.000303 -64.000000) 
4 131 161 (424.000000 -224.000000 64.000000) (424.000000 -98.000303 64.000000) (424.000000 -98.000303 -64.000000) (424.000000 -224.000000 -64.000000) 
4 131 145 (424.000000 0.000000 64.000000) (424.000000 89.406560 64.000000) (424.000000 89.406560 -64.000000) (424.000000 0.000000 -64.000000) 
4 131 137 (424.000000 -472.000000 64.000000) (424.000000 -472.000000 -64.000000) (498.037384 -472.000000 -64.000000) (498.037384 -472.000000 64.000000) 
4 132 158 (424.000000 -1008.000000 464.000000) (424.000000 -472.000000 464.000000) (424.000000 -472.000000 448.000000) (424.000000 -1008.000000 448.000000) 
4 132 138 (424.000000 -768.000000 448.000000) (424.000000 -760.000000 448.000000) (552.000000 -760.000000 448.000000) (552.000000 -768.000000 448.000000) 
4 132 135 (560.000000 -768.000000 448.000000) (552.000000 -768.000000 448.000000) (552.000000 -552.000000 448.000000) (560.000000 -552.000000 448.000000) 
4 132 134 (1384.000000 -544.000000 448.000000) (1384.000000 -552.000000 448.000000) (552.000000 -552.000000 448.000000) (552.000000 -544.000000 448.000000) 
4 133 136 (552.000000 -472.000000 448.000000) (552.000000 -472.000000 96.000000) (552.000000 -544.000000 96.000000) (552.000000 -544.000000 448.000000) 
4 134 135 (552.000000 -552.000000 64.000000) (560.000000 -552.000000 64.000000) (560.000000 -552.000000 448.000000) (552.000000 -552.000000 448.000000) 
4 135 138 (552.000000 -760.000000 64.000000) (552.000000 -768.000000 64.000000) (552.000000 -768.000000 448.000000) (552.000000 -760.000000 448.000000) 
4 136 187 (424.000000 -760.000000 448.000000) (424.000000 -728.000000 448.000000) (424.000000 -728.000000 96.000000) (424.000000 -760.000000 96.000000) 
4 136 185 (424.000000 -728.000000 448.000000) (424.000000 -536.000000 448.000000) (424.000000 -536.000000 96.000000) (424.000000 -728.000000 96.000000) 
4 136 170 (424.000000 -536.000000 448.000000) (424.000000 -472.000000 448.000000) (424.000000 -472.000000 96.000000) (424.000000 -536.000000 96.000000) 
3 136 137 (424.000000 -536.000000 96.000000) (424.000000 -472.000000 96.000000) (552.000000 -472.000000 96.000000) 
4 137 171 (424.000000 -472.000000 64.000000) (424.000000 -472.000000 -64.000000) (424.000000 -534.759000 -64.000000) (424.000000 -534.759000 64.000000) 
4 137 173 (424.000000 -534.759000 -64.000000) (424.000000 -536.000000 -64.000000) (424.000000 -536.000000 64.000000) (424.000000 -534.759000 64.000000) 
4 137 170 (424.000000 -472.000000 96.000000) (424.000000 -472.000000 64.000000) (424.000000 -536.000000 64.000000) (424.000000 -536.000000 96.000000) 
4 138 188 (424.000000 -768.000000 448.000000) (424.000000 -760.000000 448.000000) (424.000000 -760.000000 -64.000000) (424.000000 -768.000000 -64.000000) 
4 139 215 (-536.000000 0.000000 448.000000) (-536.000000 0.000000 464.000000) (-536.000000 568.000000 464.000000) (-536.000000 568.000000 448.000000) 
4 139 206 (-536.000000 568.000000 464.000000) (-536.000000 1096.000000 464.000000) (-536.000000 1096.000000 448.000000) (-536.000000 568.000000 448.000000) 
4 139 158 (-536.000000 0.000000 464.000000) (-536.000000 0.000000 448.000000) (424.000000 0.000000 448.000000) (424.000000 0.000000 464.000000) 
4 139 140 (-536.000000 960.000000 448.000000) (-536.000000 968.000000 448.000000) (424.000000 968.000000 448.000000) (424.000000 960.000000 448.000000) 
4 140 212 (-536.000000 960.000000 -72.000000) (-536.000000 960.000000 64.000000) (-536.000000 968.000000 64.000000) (-536.000000 968.000000 -72.000000) 
4 140 207 (-536.000000 960.000000 64.000000) (-536.000000 960.000000 448.000000) (-536.000000 968.000000 448.000000) (-536.000000 968.000000 64.000000) 
4 141 153 (-93.493610 960.000000 448.000000) (-93.493610 960.000000 64.000000) (-67.071804 772.000000 64.000000) (-67.071804 772.000000 448.000000) 
4 141 146 (356.000000 772.000000 448.000000) (328.000000 772.000000 448.000000) (328.000000 772.000000 64.000000) (356.000000 772.000000 64.000000) 
4 141 147 (328.000000 772.000000 448.000000) (-21.794267 772.000000 448.000000) (-21.794267 772.000000 64.000000) (328.000000 772.000000 64.000000) 
4 141 152 (-21.794267 772.000000 448.000000) (-67.071804 772.000000 448.000000) (-67.071804 772.000000 64.000000) (-21.794267 772.000000 64.000000) 
4 141 143 (424.000000 772.000000 64.000000) (424.000000 772.000000 448.000000) (356.000000 772.000000 448.000000) (356.000000 772.000000 64.000000) 
4 142 157 (-93.493610 960.000000 -64.000000) (-93.493610 960.000000 -72.000000) (-67.071804 772.000000 -72.000000) (-67.071804 772.000000 -64.000000) 
4 142 147 (-21.794267 772.000000 -72.000000) (328.000000 772.000000 -72.000000) (328.000000 772.000000 -64.000000) (-21.794267 772.000000 -64.000000) 
4 142 152 (-67.071804 772.000000 -72.000000) (-21.794267 772.000000 -72.000000) (-21.794267 772.000000 -64.000000) (-67.071804 772.000000 -64.000000) 
4 143 159 (424.000000 0.000000 64.000000) (424.000000 0.000000 448.000000) (356.000000 0.000000 448.000000) (356.000000 0.000000 64.000000) 
4 143 148 (356.000000 145.897545 64.000000) (356.000000 0.000000 64.000000) (356.000000 0.000000 448.000000) (356.000000 145.897545 448.000000) 
4 143 146 (356.000000 772.000000 448.000000) (356.000000 772.000000 64.000000) (356.000000 145.897545 64.000000) (356.000000 145.897545 448.000000) 
4 143 145 (356.000000 0.000000 64.000000) (356.000000 92.970300 64.000000) (424.000000 89.406560 64.000000) (424.000000 0.000000 64.000000) 
4 143 144 (356.000000 109.000000 64.000000) (356.000000 772.000000 64.000000) (424.000000 772.000000 64.000000) (424.000000 105.433202 64.000000) 
4 144 148 (356.000000 145.897545 -64.000000) (356.000000 109.000000 -64.000000) (356.000000 109.000000 64.000000) (356.000000 145.897545 64.000000) 
4 144 146 (356.000000 772.000000 64.000000) (356.000000 772.000000 -64.000000) (356.000000 145.897545 -64.000000) (356.000000 145.897545 64.000000) 
4 145 160 (424.000000 0.000000 -64.000000) (424.000000 0.000000 64.000000) (356.000000 0.000000 64.000000) (356.000000 0.000000 -64.000000) 
4 145 148 (356.000000 92.970300 -64.000000) (356.000000 0.000000 -64.000000) (356.000000 0.000000 64.000000) (356.000000 92.970300 64.000000) 
4 146 148 (356.000000 145.897545 -64.000000) (356.000000 145.897545 448.000000) (328.000000 140.960610 448.000000) (328.000000 140.960610 -64.000000) 
4 146 147 (328.000000 140.960610 -64.000000) (328.000000 140.960610 448.000000) (328.000000 772.000000 448.000000) (328.000000 772.000000 -64.000000) 
4 147 150 (124.241000 105.034000 64.000000) (124.241000 105.034000 448.000000) (96.666000 100.172000 448.000000) (96.666000 100.172000 64.000000) 
4 147 151 (96.666000 100.172000 -72.000000) (124.241000 105.034000 -72.000000) (124.241000 105.034000 -64.000000) (96.666000 100.172000 -64.000000) 
4 147 149 (124.241000 105.034000 -72.000000) (328.000000 140.960610 -72.000000) (328.000000 140.960610 448.000000) (124.241000 105.034000 448.000000) 
4 147 152 (-21.794267 772.000000 -72.000000) (96.666000 100.172000 -72.000000) (96.666000 100.172000 448.000000) (-21.794267 772.000000 448.000000) 
4 148 160 (356.000000 0.000000 -64.000000) (356.000000 0.000000 64.000000) (328.000000 0.000000 64.000000) (328.000000 0.000000 -64.000000) 
4 148 159 (356.000000 0.000000 64.000000) (356.000000 0.000000 448.000000) (328.000000 0.000000 448.000000) (328.000000 0.000000 64.000000) 
4 148 149 (328.000000 0.000000 -64.000000) (328.000000 0.000000 448.000000) (328.000000 140.960610 448.000000) (328.000000 140.960610 -64.000000) 
4 149 193 (142.761151 0.000000 -72.000000) (328.000000 0.000000 -72.000000) (328.000000 0.000000 -64.000000) (142.761151 0.000000 -64.000000) 
4 149 160 (328.000000 0.000000 -64.000000) (328.000000 0.000000 64.000000) (142.761151 0.000000 64.000000) (142.761151 0.000000 -64.000000) 
4 149 159 (328.000000 0.000000 64.000000) (328.000000 0.000000 448.000000) (142.761151 0.000000 448.000000) (142.761151 0.000000 64.000000) 
4 149 150 (124.241000 105.034000 448.000000) (124.241000 105.034000 64.000000) (142.761151 0.000000 64.000000) (142.761151 0.000000 448.000000) 
4 149 151 (124.241000 105.034000 -64.000000) (124.241000 105.034000 -72.000000) (142.761151 0.000000 -72.000000) (142.761151 0.000000 -64.000000) 
4 150 159 (142.761151 0.000000 64.000000) (142.761151 0.000000 448.000000) (114.328857 0.000000 448.000000) (114.328857 0.000000 64.000000) 
4 150 152 (114.328857 0.000000 64.000000) (114.328857 0.000000 448.000000) (96.666000 100.172000 448.000000) (96.666000 100.172000 64.000000) 
4 151 193 (114.328857 0.000000 -72.000000) (142.761151 0.000000 -72.000000) (142.761151 0.000000 -64.000000) (114.328857 0.000000 -64.000000) 
4 151 152 (96.666000 100.172000 -72.000000) (114.328857 0.000000 -72.000000) (114.328857 0.000000 -64.000000) (96.666000 100.172000 -64.000000) 
4 152 193 (41.426250 0.000000 -72.000000) (114.328857 0.000000 -72.000000) (114.328857 0.000000 -64.000000) (41.426250 0.000000 -64.000000) 
4 152 162 (114.328857 0.000000 -64.000000) (114.328857 0.000000 448.000000) (41.426250 0.000000 448.000000) (41.426250 0.000000 -64.000000) 
4 152 157 (-67.071804 772.000000 -72.000000) (41.426250 0.000000 -72.000000) (41.426250 0.000000 -64.000000) (-67.071804 772.000000 -64.000000) 
4 152 154 (-63.338600 745.437000 448.000000) (-67.071804 772.000000 448.000000) (-67.071804 772.000000 64.000000) (-63.338600 745.437000 64.000000) 
4 152 155 (41.426250 0.000000 -64.000000) (41.426250 0.000000 448.000000) (-63.338600 745.437000 448.000000) (-63.338600 745.437000 -64.000000) 
4 153 208 (-536.000000 772.000000 448.000000) (-536.000000 960.000000 448.000000) (-536.000000 960.000000 64.000000) (-536.000000 772.000000 64.000000) 
4 153 154 (-325.587320 772.000000 64.000000) (-67.071804 772.000000 64.000000) (-67.071804 772.000000 448.000000) (-325.587320 772.000000 448.000000) 
4 153 156 (-536.000000 772.000000 448.000000) (-536.000000 772.000000 64.000000) (-325.587320 772.000000 64.000000) (-325.587320 772.000000 448.000000) 
4 154 155 (-63.338600 745.437000 64.000000) (-63.338600 745.437000 448.000000) (-316.847000 709.809000 448.000000) (-316.847000 709.809000 64.000000) 
4 154 156 (-325.587320 772.000000 448.000000) (-325.587320 772.000000 64.000000) (-316.847000 709.809000 64.000000) (-316.847000 709.809000 448.000000) 
4 155 162 (-217.090483 0.000000 -64.000000) (41.426250 0.000000 -64.000000) (41.426250 0.000000 448.000000) (-217.090483 0.000000 448.000000) 
5 155 157 (-63.338600 745.437000 -64.000000) (41.426250 0.000000 -64.000000) (-217.090483 0.000000 -64.000000) (-312.000000 675.320584 -64.000000) (-312.000000 710.490196 -64.000000) 
4 155 156 (-316.847000 709.809000 -64.000000) (-217.090483 0.000000 -64.000000) (-217.090483 0.000000 448.000000) (-316.847000 709.809000 448.000000) 
4 156 219 (-536.000000 0.000000 -64.000000) (-536.000000 0.000000 112.000000) (-536.000000 368.000000 112.000000) (-536.000000 368.000000 -64.000000) 
4 156 218 (-536.000000 384.000000 112.000000) (-536.000000 568.000000 112.000000) (-536.000000 568.000000 -64.000000) (-536.000000 384.000000 -64.000000) 
4 156 217 (-536.000000 176.000000 128.000000) (-536.000000 568.000000 128.000000) (-536.000000 568.000000 112.000000) (-536.000000 176.000000 112.000000) 
4 156 216 (-536.000000 0.000000 128.000000) (-536.000000 0.000000 448.000000) (-536.000000 568.000000 448.000000) (-536.000000 568.000000 128.000000) 
4 156 213 (-536.000000 772.000000 64.000000) (-536.000000 772.000000 0.000000) (-536.000000 568.000000 0.000000) (-536.000000 568.000000 64.000000) 
4 156 208 (-536.000000 568.000000 448.000000) (-536.000000 772.000000 448.000000) (-536.000000 772.000000 64.000000) (-536.000000 568.000000 64.000000) 
4 156 163 (-496.000000 0.000000 -64.000000) (-224.000000 0.000000 -64.000000) (-224.000000 0.000000 448.000000) (-496.000000 0.000000 448.000000) 
4 156 162 (-224.000000 0.000000 -64.000000) (-217.090483 0.000000 -64.000000) (-217.090483 0.000000 448.000000) (-224.000000 0.000000 448.000000) 
4 156 165 (-536.000000 0.000000 448.000000) (-536.000000 0.000000 -64.000000) (-496.000000 0.000000 -64.000000) (-496.000000 0.000000 448.000000) 
3 156 157 (-217.090483 0.000000 -64.000000) (-312.000000 0.000000 -64.000000) (-312.000000 675.320584 -64.000000) 
4 157 193 (-312.000000 0.000000 -72.000000) (41.426250 0.000000 -72.000000) (41.426250 0.000000 -64.000000) (-312.000000 0.000000 -64.000000) 
4 158 272 (-536.000000 0.000000 464.000000) (-536.000000 0.000000 448.000000) (-536.000000 -1008.000000 448.000000) (-536.000000 -1008.000000 464.000000) 
4 158 188 (-536.000000 -768.000000 448.000000) (-536.000000 -760.000000 448.000000) (424.000000 -760.000000 448.000000) (424.000000 -768.000000 448.000000) 
4 159 170 (339.515000 -224.000000 448.000000) (153.825722 -224.000000 448.000000) (153.825722 -224.000000 64.000000) (339.515000 -224.000000 64.000000) 
4 159 169 (424.000000 -224.000000 64.000000) (424.000000 -224.000000 448.000000) (339.515000 -224.000000 448.000000) (339.515000 -224.000000 64.000000) 
4 159 166 (126.318977 -68.000000 64.000000) (153.825722 -224.000000 64.000000) (153.825722 -224.000000 448.000000) (126.318977 -68.000000 448.000000) 
4 159 162 (114.328857 0.000000 448.000000) (114.328857 0.000000 64.000000) (126.318977 -68.000000 64.000000) (126.318977 -68.000000 448.000000) 
4 159 160 (142.761151 0.000000 64.000000) (424.000000 0.000000 64.000000) (424.000000 -98.000303 64.000000) (168.000000 -143.138000 64.000000) 
4 159 161 (424.000000 -224.000000 64.000000) (153.825722 -224.000000 64.000000) (140.425000 -148.000000 64.000000) (424.000000 -98.000303 64.000000) 
5 160 193 (142.761151 0.000000 -64.000000) (328.000000 0.000000 -64.000000) (322.000000 -62.000000 -64.000000) (304.900028 -118.999906 -64.000000) (168.000000 -143.138000 -64.000000) 
3 160 192 (328.000000 0.000000 -64.000000) (340.600000 0.000000 -64.000000) (322.000000 -62.000000 -64.000000) 
4 160 191 (340.600000 0.000000 -64.000000) (369.357143 0.000000 -64.000000) (305.680957 -118.862213 -64.000000) (304.900028 -118.999906 -64.000000) 
4 160 190 (369.357143 0.000000 -64.000000) (422.333333 0.000000 -64.000000) (326.313010 -115.224388 -64.000000) (305.680957 -118.862213 -64.000000) 
4 160 189 (422.333333 0.000000 -64.000000) (424.000000 0.000000 -64.000000) (424.000000 -98.000303 -64.000000) (326.313010 -115.224388 -64.000000) 
4 160 161 (168.000000 -143.138000 -64.000000) (424.000000 -98.000303 -64.000000) (424.000000 -98.000303 64.000000) (168.000000 -143.138000 64.000000) 
6 161 193 (235.666667 -224.000000 -64.000000) (153.825722 -224.000000 -64.000000) (140.425000 -148.000000 -64.000000) (304.900028 -118.999906 -64.000000) (304.000000 -122.000000 -64.000000) (274.000000 -178.000000 -64.000000) 
3 161 191 (304.900028 -118.999906 -64.000000) (305.680957 -118.862213 -64.000000) (304.000000 -122.000000 -64.000000) 
3 161 190 (305.680957 -118.862213 -64.000000) (326.313010 -115.224388 -64.000000) (274.000000 -178.000000 -64.000000) 
4 161 189 (424.000000 -98.000303 -64.000000) (424.000000 -224.000000 -64.000000) (235.666667 -224.000000 -64.000000) (326.313010 -115.224388 -64.000000) 
4 161 172 (153.825722 -224.000000 -64.000000) (339.515000 -224.000000 -64.000000) (339.515000 -224.000000 64.000000) (153.825722 -224.000000 64.000000) 
4 161 169 (339.515000 -224.000000 -64.000000) (424.000000 -224.000000 -64.000000) (424.000000 -224.000000 64.000000) (339.515000 -224.000000 64.000000) 
4 161 166 (140.425000 -148.000000 -64.000000) (153.825722 -224.000000 -64.000000) (153.825722 -224.000000 64.000000) (140.425000 -148.000000 64.000000) 
4 162 193 (-224.000000 0.000000 -64.000000) (114.328857 0.000000 -64.000000) (126.318977 -68.000000 -64.000000) (-224.000000 -68.000000 -64.000000) 
4 162 168 (-224.000000 -68.000000 -64.000000) (-148.000000 -68.000000 -64.000000) (-148.000000 -68.000000 64.000000) (-224.000000 -68.000000 64.000000) 
4 162 167 (-76.000000 -68.000000 64.000000) (-76.000000 -68.000000 448.000000) (-224.000000 -68.000000 448.000000) (-224.000000 -68.000000 64.000000) 
4 162 166 (-76.000000 -68.000000 -64.000000) (126.318977 -68.000000 -64.000000) (126.318977 -68.000000 448.000000) (-76.000000 -68.000000 448.000000) 
4 162 164 (-224.000000 -68.000000 64.000000) (-224.000000 -68.000000 448.000000) (-224.000000 -28.000000 448.000000) (-224.000000 -28.000000 64.000000) 
4 162 163 (-224.000000 0.000000 -64.000000) (-224.000000 -28.000000 -64.000000) (-224.000000 -28.000000 448.000000) (-224.000000 0.000000 448.000000) 
4 163 193 (-312.000000 0.000000 -64.000000) (-224.000000 0.000000 -64.000000) (-224.000000 -28.000000 -64.000000) (-309.290323 -28.000000 -64.000000) 
4 163 202 (-353.357143 0.000000 -64.000000) (-312.000000 0.000000 -64.000000) (-309.290323 -28.000000 -64.000000) (-338.357143 -28.000000 -64.000000) 
4 163 204 (-406.333333 0.000000 -64.000000) (-353.357143 0.000000 -64.000000) (-338.357143 -28.000000 -64.000000) (-383.000000 -28.000000 -64.000000) 
4 163 205 (-408.000000 0.000000 -64.000000) (-406.333333 0.000000 -64.000000) (-383.000000 -28.000000 -64.000000) (-408.000000 -28.000000 -64.000000) 
4 163 164 (-496.000000 -28.000000 448.000000) (-496.000000 -28.000000 64.000000) (-224.000000 -28.000000 64.000000) (-224.000000 -28.000000 448.000000) 
4 163 165 (-496.000000 0.000000 448.000000) (-496.000000 0.000000 -64.000000) (-496.000000 -28.000000 -64.000000) (-496.000000 -28.000000 448.000000) 
4 164 167 (-224.000000 -68.000000 64.000000) (-224.000000 -68.000000 448.000000) (-496.000000 -68.000000 448.000000) (-496.000000 -68.000000 64.000000) 
4 164 165 (-496.000000 -68.000000 64.000000) (-496.000000 -68.000000 448.000000) (-496.000000 -28.000000 448.000000) (-496.000000 -28.000000 64.000000) 
4 165 273 (-536.000000 -68.000000 448.000000) (-536.000000 0.000000 448.000000) (-536.000000 0.000000 -64.000000) (-536.000000 -68.000000 -64.000000) 
4 165 168 (-536.000000 -68.000000 -64.000000) (-496.000000 -68.000000 -64.000000) (-496.000000 -68.000000 64.000000) (-536.000000 -68.000000 64.000000) 
4 165 167 (-496.000000 -68.000000 64.000000) (-496.000000 -68.000000 448.000000) (-536.000000 -68.000000 448.000000) (-536.000000 -68.000000 64.000000) 
4 166 193 (-76.000000 -68.000000 -64.000000) (126.318977 -68.000000 -64.000000) (153.825722 -224.000000 -64.000000) (-76.000000 -224.000000 -64.000000) 
4 166 172 (113.241000 -224.000000 -64.000000) (153.825722 -224.000000 -64.000000) (153.825722 -224.000000 64.000000) (113.241000 -224.000000 64.000000) 
4 166 173 (-76.000000 -224.000000 -64.000000) (113.241000 -224.000000 -64.000000) (113.241000 -224.000000 64.000000) (-76.000000 -224.000000 64.000000) 
4 166 170 (153.825722 -224.000000 64.000000) (153.825722 -224.000000 448.000000) (-76.000000 -224.000000 448.000000) (-76.000000 -224.000000 64.000000) 
4 166 167 (-76.000000 -68.000000 448.000000) (-76.000000 -68.000000 64.000000) (-76.000000 -224.000000 64.000000) (-76.000000 -224.000000 448.000000) 
4 167 273 (-536.000000 -224.000000 448.000000) (-536.000000 -68.000000 448.000000) (-536.000000 -68.000000 64.000000) (-536.000000 -224.000000 64.000000) 
4 167 179 (-384.000000 -224.000000 448.000000) (-536.000000 -224.000000 448.000000) (-536.000000 -224.000000 64.000000) (-384.000000 -224.000000 64.000000) 
4 167 175 (-107.120468 -224.000000 448.000000) (-384.000000 -224.000000 448.000000) (-384.000000 -224.000000 64.000000) (-107.120468 -224.000000 64.000000) 
4 167 170 (-76.000000 -224.000000 64.000000) (-76.000000 -224.000000 448.000000) (-107.120468 -224.000000 448.000000) (-107.120468 -224.000000 64.000000) 
4 167 168 (-148.000000 -224.000000 64.000000) (-536.000000 -224.000000 64.000000) (-536.000000 -68.000000 64.000000) (-148.000000 -68.000000 64.000000) 
4 168 273 (-536.000000 -68.000000 64.000000) (-536.000000 -68.000000 -64.000000) (-536.000000 -224.000000 -64.000000) (-536.000000 -224.000000 64.000000) 
6 168 193 (-304.200000 -68.000000 -64.000000) (-148.000000 -68.000000 -64.000000) (-148.000000 -224.000000 -64.000000) (-219.666667 -224.000000 -64.000000) (-258.000000 -178.000000 -64.000000) (-288.000000 -122.000000 -64.000000) 
4 168 195 (-305.419355 -68.000000 -64.000000) (-304.200000 -68.000000 -64.000000) (-288.000000 -122.000000 -64.000000) (-302.881890 -94.220472 -64.000000) 
3 168 202 (-316.928571 -68.000000 -64.000000) (-305.419355 -68.000000 -64.000000) (-302.881890 -94.220472 -64.000000) 
3 168 204 (-349.666667 -68.000000 -64.000000) (-316.928571 -68.000000 -64.000000) (-258.000000 -178.000000 -64.000000) 
4 168 205 (-408.000000 -68.000000 -64.000000) (-349.666667 -68.000000 -64.000000) (-219.666667 -224.000000 -64.000000) (-408.000000 -224.000000 -64.000000) 
4 168 180 (-392.816808 -224.000000 -64.000000) (-384.000000 -224.000000 -64.000000) (-384.000000 -224.000000 64.000000) (-392.816808 -224.000000 64.000000) 
4 168 181 (-536.000000 -224.000000 -64.000000) (-392.816808 -224.000000 -64.000000) (-392.816808 -224.000000 64.000000) (-536.000000 -224.000000 64.000000) 
4 168 175 (-384.000000 -224.000000 -64.000000) (-148.000000 -224.000000 -64.000000) (-148.000000 -224.000000 64.000000) (-384.000000 -224.000000 64.000000) 
3 169 189 (339.515000 -224.000000 -64.000000) (424.000000 -224.000000 -64.000000) (424.000000 -308.485000 -64.000000) 
4 169 171 (384.000000 -268.485000 -64.000000) (424.000000 -308.485000 -64.000000) (424.000000 -308.485000 64.000000) (384.000000 -268.485000 64.000000) 
4 169 172 (339.515000 -224.000000 -64.000000) (375.515000 -260.000000 -64.000000) (375.515000 -260.000000 64.000000) (339.515000 -224.000000 64.000000) 
4 169 170 (424.000000 -308.485000 64.000000) (424.000000 -308.485000 448.000000) (339.515000 -224.000000 448.000000) (339.515000 -224.000000 64.000000) 
4 170 185 (424.000000 -536.000000 96.000000) (424.000000 -536.000000 448.000000) (273.446611 -611.276695 448.000000) (273.446611 -611.276695 96.000000) 
4 170 177 (148.375000 -484.000000 64.000000) (273.446611 -611.276695 64.000000) (273.446611 -611.276695 448.000000) (148.375000 -484.000000 448.000000) 
4 170 175 (-107.120468 -224.000000 448.000000) (-107.120468 -224.000000 64.000000) (148.375000 -484.000000 64.000000) (148.375000 -484.000000 448.000000) 
4 170 174 (-107.120468 -224.000000 64.000000) (-87.668678 -224.000000 64.000000) (159.971000 -476.000000 64.000000) (150.072290 -485.727214 64.000000) 
4 170 171 (384.000000 -268.485000 64.000000) (424.000000 -308.485000 64.000000) (424.000000 -534.759000 64.000000) (270.863000 -381.622000 64.000000) 
4 170 172 (113.241000 -224.000000 64.000000) (339.515000 -224.000000 64.000000) (375.515000 -260.000000 64.000000) (262.378000 -373.137000 64.000000) 
5 170 173 (-87.668678 -224.000000 64.000000) (113.241000 -224.000000 64.000000) (424.000000 -534.759000 64.000000) (424.000000 -536.000000 64.000000) (286.495478 -604.752261 64.000000) 
5 171 189 (384.000000 -268.485000 -64.000000) (424.000000 -308.485000 -64.000000) (424.000000 -416.000000 -64.000000) (305.241000 -416.000000 -64.000000) (270.863000 -381.622000 -64.000000) 
4 171 173 (270.863000 -381.622000 -64.000000) (424.000000 -534.759000 -64.000000) (424.000000 -534.759000 64.000000) (270.863000 -381.622000 64.000000) 
5 172 193 (113.241000 -224.000000 -64.000000) (235.666667 -224.000000 -64.000000) (234.000000 -226.000000 -64.000000) (186.000000 -266.000000 -64.000000) (165.970884 -276.729884 -64.000000) 
3 172 201 (234.000000 -226.000000 -64.000000) (212.494624 -251.806452 -64.000000) (186.000000 -266.000000 -64.000000) 
3 172 203 (212.494624 -251.806452 -64.000000) (180.018636 -290.777636 -64.000000) (165.970884 -276.729884 -64.000000) 
5 172 189 (235.666667 -224.000000 -64.000000) (339.515000 -224.000000 -64.000000) (375.515000 -260.000000 -64.000000) (262.378000 -373.137000 -64.000000) (180.018636 -290.777636 -64.000000) 
4 172 173 (113.241000 -224.000000 -64.000000) (262.378000 -373.137000 -64.000000) (262.378000 -373.137000 64.000000) (113.241000 -224.000000 64.000000) 
7 173 193 (-87.668678 -224.000000 -64.000000) (113.241000 -224.000000 -64.000000) (165.970884 -276.729884 -64.000000) (130.000000 -296.000000 -64.000000) (70.000000 -314.000000 -64.000000) (8.000000 -320.000000 -64.000000) (6.530498 -319.857790 -64.000000) 
3 173 196 (8.000000 -320.000000 -64.000000) (6.785725 -320.117511 -64.000000) (6.530498 -319.857790 -64.000000) 
3 173 197 (70.000000 -314.000000 -64.000000) (16.535799 -330.039260 -64.000000) (6.785725 -320.117511 -64.000000) 
3 173 199 (130.000000 -296.000000 -64.000000) (33.753824 -347.560451 -64.000000) (16.535799 -330.039260 -64.000000) 
4 173 203 (165.970884 -276.729884 -64.000000) (180.018636 -290.777636 -64.000000) (87.295742 -402.045110 -64.000000) (33.753824 -347.560451 -64.000000) 
4 173 189 (180.018636 -290.777636 -64.000000) (305.241000 -416.000000 -64.000000) (101.009172 -416.000000 -64.000000) (87.295742 -402.045110 -64.000000) 
4 173 174 (-87.668678 -224.000000 64.000000) (-87.668678 -224.000000 -64.000000) (159.971000 -476.000000 -64.000000) (159.971000 -476.000000 64.000000) 
4 174 193 (-107.120468 -224.000000 -64.000000) (-87.668678 -224.000000 -64.000000) (6.530498 -319.857790 -64.000000) (-14.967869 -317.777303 -64.000000) 
4 174 196 (6.530498 -319.857790 -64.000000) (6.785725 -320.117511 -64.000000) (-10.978839 -321.836662 -64.000000) (-14.967869 -317.777303 -64.000000) 
5 174 197 (6.785725 -320.117511 -64.000000) (16.535799 -330.039260 -64.000000) (8.000000 -332.600000 -64.000000) (-3.914359 -329.025692 -64.000000) (-10.978839 -321.836662 -64.000000) 
3 174 198 (8.000000 -332.600000 -64.000000) (1.510997 -334.546701 -64.000000) (-3.914359 -329.025692 -64.000000) 
4 174 199 (16.535799 -330.039260 -64.000000) (33.753824 -347.560451 -64.000000) (21.008724 -354.388184 -64.000000) (1.510997 -334.546701 -64.000000) 
4 174 203 (33.753824 -347.560451 -64.000000) (87.295742 -402.045110 -64.000000) (78.367848 -412.758582 -64.000000) (21.008724 -354.388184 -64.000000) 
4 174 189 (87.295742 -402.045110 -64.000000) (101.009172 -416.000000 -64.000000) (81.553108 -416.000000 -64.000000) (78.367848 -412.758582 -64.000000) 
4 174 175 (-107.120468 -224.000000 64.000000) (-107.120468 -224.000000 -64.000000) (148.375000 -484.000000 -64.000000) (148.375000 -484.000000 64.000000) 
7 175 193 (-219.666667 -224.000000 -64.000000) (-107.120468 -224.000000 -64.000000) (-14.967869 -317.777303 -64.000000) (-54.000000 -314.000000 -64.000000) (-114.000000 -296.000000 -64.000000) (-170.000000 -266.000000 -64.000000) (-218.000000 -226.000000 -64.000000) 
3 175 194 (-114.000000 -296.000000 -64.000000) (-145.250000 -286.625000 -64.000000) (-170.000000 -266.000000 -64.000000) 
4 175 196 (-14.967869 -317.777303 -64.000000) (-10.978839 -321.836662 -64.000000) (-23.756098 -323.073171 -64.000000) (-54.000000 -314.000000 -64.000000) 
3 175 197 (-10.978839 -321.836662 -64.000000) (-3.914359 -329.025692 -64.000000) (-23.756098 -323.073171 -64.000000) 
4 175 198 (-3.914359 -329.025692 -64.000000) (1.510997 -334.546701 -64.000000) (-64.117647 -354.235294 -64.000000) (-145.250000 -286.625000 -64.000000) 
4 175 199 (1.510997 -334.546701 -64.000000) (21.008724 -354.388184 -64.000000) (-30.695652 -382.086957 -64.000000) (-64.117647 -354.235294 -64.000000) 
3 175 200 (-30.695652 -382.086957 -64.000000) (-70.263374 -403.283951 -64.000000) (-218.000000 -226.000000 -64.000000) 
5 175 203 (21.008724 -354.388184 -64.000000) (78.367848 -412.758582 -64.000000) (75.666667 -416.000000 -64.000000) (-59.666667 -416.000000 -64.000000) (-70.263374 -403.283951 -64.000000) 
5 175 205 (-384.000000 -224.000000 -64.000000) (-219.666667 -224.000000 -64.000000) (-59.666667 -416.000000 -64.000000) (-408.000000 -416.000000 -64.000000) (-408.000000 -266.000000 -64.000000) 
3 175 189 (78.367848 -412.758582 -64.000000) (81.553108 -416.000000 -64.000000) (75.666667 -416.000000 -64.000000) 
4 175 186 (-199.853457 -640.073271 96.000000) (-199.853457 -640.073271 448.000000) (-528.000000 -476.000000 448.000000) (-528.000000 -476.000000 96.000000) 
4 175 180 (-384.000000 -224.000000 64.000000) (-384.000000 -224.000000 -64.000000) (-464.000000 -364.000000 -64.000000) (-464.000000 -364.000000 64.000000) 
4 175 179 (-384.000000 -224.000000 448.000000) (-384.000000 -224.000000 64.000000) (-528.000000 -476.000000 64.000000) (-528.000000 -476.000000 448.000000) 
4 175 177 (148.375000 -484.000000 64.000000) (148.375000 -484.000000 448.000000) (-21.544596 -650.978943 448.000000) (-21.544596 -650.978943 64.000000) 
4 175 176 (-199.853457 -640.073271 448.000000) (-199.853457 -640.073271 64.000000) (-21.544596 -650.978943 64.000000) (-21.544596 -650.978943 448.000000) 
4 176 186 (-135.928921 -672.035540 96.000000) (-135.928921 -672.035540 448.000000) (-199.853457 -640.073271 448.000000) (-199.853457 -640.073271 96.000000) 
4 176 182 (-135.928921 -672.035540 448.000000) (-135.928921 -672.035540 64.000000) (-48.418566 -677.387828 64.000000) (-48.418566 -677.387828 448.000000) 
4 176 177 (-21.544596 -650.978943 64.000000) (-21.544596 -650.978943 448.000000) (-48.418566 -677.387828 448.000000) (-48.418566 -677.387828 64.000000) 
4 177 185 (273.446611 -611.276695 96.000000) (273.446611 -611.276695 448.000000) (120.554909 -687.722545 448.000000) (120.554909 -687.722545 96.000000) 
4 177 182 (120.554909 -687.722545 64.000000) (120.554909 -687.722545 448.000000) (-48.418566 -677.387828 448.000000) (-48.418566 -677.387828 64.000000) 
5 177 178 (260.172256 -617.913872 64.000000) (120.554909 -687.722545 64.000000) (-5.709340 -680.000000 64.000000) (-5.362801 -674.334033 64.000000) (157.927975 -513.868744 64.000000) 
4 178 183 (-5.709340 -680.000000 -64.000000) (120.554909 -687.722545 -64.000000) (120.554909 -687.722545 64.000000) (-5.709340 -680.000000 64.000000) 
4 179 294 (-536.000000 -472.000000 448.000000) (-536.000000 -288.000000 448.000000) (-536.000000 -288.000000 64.000000) (-536.000000 -472.000000 64.000000) 
4 179 273 (-536.000000 -288.000000 448.000000) (-536.000000 -224.000000 448.000000) (-536.000000 -224.000000 64.000000) (-536.000000 -288.000000 64.000000) 
4 179 186 (-536.000000 -472.000000 448.000000) (-536.000000 -472.000000 96.000000) (-528.000000 -476.000000 96.000000) (-528.000000 -476.000000 448.000000) 
4 179 180 (-384.000000 -224.000000 64.000000) (-464.000000 -364.000000 64.000000) (-472.000000 -361.149000 64.000000) (-392.816808 -224.000000 64.000000) 
3 179 181 (-536.000000 -472.000000 64.000000) (-536.000000 -224.000000 64.000000) (-392.816808 -224.000000 64.000000) 
4 180 205 (-408.000000 -250.298000 -64.000000) (-392.816808 -224.000000 -64.000000) (-384.000000 -224.000000 -64.000000) (-408.000000 -266.000000 -64.000000) 
4 180 181 (-392.816808 -224.000000 64.000000) (-392.816808 -224.000000 -64.000000) (-472.000000 -361.149000 -64.000000) (-472.000000 -361.149000 64.000000) 
4 181 297 (-536.000000 -288.000000 -64.000000) (-536.000000 -472.000000 -64.000000) (-536.000000 -472.000000 64.000000) (-536.000000 -288.000000 64.000000) 
4 181 273 (-536.000000 -224.000000 64.000000) (-536.000000 -224.000000 -64.000000) (-536.000000 -288.000000 -64.000000) (-536.000000 -288.000000 64.000000) 
3 181 205 (-408.000000 -224.000000 -64.000000) (-392.816808 -224.000000 -64.000000) (-408.000000 -250.298000 -64.000000) 
4 182 187 (40.000000 -728.000000 96.000000) (40.000000 -728.000000 448.000000) (-24.000000 -728.000000 448.000000) (-24.000000 -728.000000 96.000000) 
4 182 186 (-24.000000 -728.000000 96.000000) (-24.000000 -728.000000 448.000000) (-135.928921 -672.035540 448.000000) (-135.928921 -672.035540 96.000000) 
4 182 185 (40.000000 -728.000000 448.000000) (40.000000 -728.000000 96.000000) (120.554909 -687.722545 96.000000) (120.554909 -687.722545 448.000000) 
5 182 183 (-10.811014 -679.687973 64.000000) (120.554909 -687.722545 64.000000) (40.000000 -728.000000 64.000000) (34.840876 -728.000000 64.000000) (-11.739100 -680.600000 64.000000) 
4 182 184 (-135.928921 -672.035540 64.000000) (-12.752010 -679.569258 64.000000) (34.840876 -728.000000 64.000000) (-24.000000 -728.000000 64.000000) 
4 183 184 (-11.739100 -680.600000 -64.000000) (34.840876 -728.000000 -64.000000) (34.840876 -728.000000 64.000000) (-11.739100 -680.600000 64.000000) 
4 185 187 (424.000000 -728.000000 96.000000) (424.000000 -728.000000 448.000000) (40.000000 -728.000000 448.000000) (40.000000 -728.000000 96.000000) 
4 186 294 (-536.000000 -544.000000 448.000000) (-536.000000 -472.000000 448.000000) (-536.000000 -472.000000 96.000000) (-536.000000 -544.000000 96.000000) 
4 186 187 (-24.000000 -728.000000 96.000000) (-24.000000 -728.000000 448.000000) (-536.000000 -728.000000 448.000000) (-536.000000 -728.000000 96.000000) 
4 188 296 (-536.000000 -768.000000 448.000000) (-536.000000 -760.000000 448.000000) (-536.000000 -760.000000 64.000000) (-536.000000 -768.000000 64.000000) 
4 189 193 (234.000000 -226.000000 -72.000000) (234.000000 -226.000000 -64.000000) (274.000000 -178.000000 -64.000000) (274.000000 -178.000000 -72.000000) 
4 189 201 (234.000000 -226.000000 -80.000000) (212.494624 -251.806452 -80.000000) (212.494624 -251.806452 -64.000000) (234.000000 -226.000000 -64.000000) 
4 189 203 (212.494624 -251.806452 -80.000000) (75.666667 -416.000000 -80.000000) (75.666667 -416.000000 -64.000000) (212.494624 -251.806452 -64.000000) 
4 189 190 (422.333333 0.000000 -80.000000) (274.000000 -178.000000 -80.000000) (274.000000 -178.000000 -64.000000) (422.333333 0.000000 -64.000000) 
4 190 193 (274.000000 -178.000000 -72.000000) (274.000000 -178.000000 -64.000000) (304.000000 -122.000000 -64.000000) (304.000000 -122.000000 -72.000000) 
4 190 191 (369.357143 0.000000 -64.000000) (369.357143 0.000000 -80.000000) (304.000000 -122.000000 -80.000000) (304.000000 -122.000000 -64.000000) 
4 191 193 (304.000000 -122.000000 -72.000000) (304.000000 -122.000000 -64.000000) (322.000000 -62.000000 -64.000000) (322.000000 -62.000000 -72.000000) 
4 191 192 (340.600000 0.000000 -80.000000) (322.000000 -62.000000 -80.000000) (322.000000 -62.000000 -64.000000) (340.600000 0.000000 -64.000000) 
4 192 193 (328.000000 0.000000 -64.000000) (328.000000 0.000000 -72.000000) (322.000000 -62.000000 -72.000000) (322.000000 -62.000000 -64.000000) 
4 193 194 (-170.000000 -266.000000 -64.000000) (-170.000000 -266.000000 -72.000000) (-114.000000 -296.000000 -72.000000) (-114.000000 -296.000000 -64.000000) 
4 193 196 (-54.000000 -314.000000 -64.000000) (-54.000000 -314.000000 -72.000000) (8.000000 -320.000000 -72.000000) (8.000000 -320.000000 -64.000000) 
4 193 198 (-54.000000 -314.000000 -72.000000) (-54.000000 -314.000000 -64.000000) (-114.000000 -296.000000 -64.000000) (-114.000000 -296.000000 -72.000000) 
4 193 200 (-170.000000 -266.000000 -72.000000) (-170.000000 -266.000000 -64.000000) (-218.000000 -226.000000 -64.000000) (-218.000000 -226.000000 -72.000000) 
4 193 202 (-312.000000 0.000000 -64.000000) (-312.000000 0.000000 -72.000000) (-306.000000 -62.000000 -72.000000) (-306.000000 -62.000000 -64.000000) 
4 193 204 (-258.000000 -178.000000 -72.000000) (-258.000000 -178.000000 -64.000000) (-288.000000 -122.000000 -64.000000) (-288.000000 -122.000000 -72.000000) 
4 193 205 (-218.000000 -226.000000 -72.000000) (-218.000000 -226.000000 -64.000000) (-258.000000 -178.000000 -64.000000) (-258.000000 -178.000000 -72.000000) 
4 193 203 (186.000000 -266.000000 -72.000000) (186.000000 -266.000000 -64.000000) (130.000000 -296.000000 -64.000000) (130.000000 -296.000000 -72.000000) 
4 193 201 (186.000000 -266.000000 -64.000000) (186.000000 -266.000000 -72.000000) (234.000000 -226.000000 -72.000000) (234.000000 -226.000000 -64.000000) 
4 193 199 (130.000000 -296.000000 -72.000000) (130.000000 -296.000000 -64.000000) (70.000000 -314.000000 -64.000000) (70.000000 -314.000000 -72.000000) 
4 193 197 (70.000000 -314.000000 -72.000000) (70.000000 -314.000000 -64.000000) (8.000000 -320.000000 -64.000000) (8.000000 -320.000000 -72.000000) 
4 193 195 (-288.000000 -122.000000 -72.000000) (-288.000000 -122.000000 -64.000000) (-306.000000 -62.000000 -64.000000) (-306.000000 -62.000000 -72.000000) 
4 194 200 (-170.000000 -266.000000 -80.000000) (-145.250000 -286.625000 -80.000000) (-145.250000 -286.625000 -64.000000) (-170.000000 -266.000000 -64.000000) 
4 194 198 (-145.250000 -286.625000 -64.000000) (-145.250000 -286.625000 -80.000000) (-114.000000 -296.000000 -80.000000) (-114.000000 -296.000000 -64.000000) 
4 195 202 (-306.000000 -62.000000 -80.000000) (-302.881890 -94.220472 -80.000000) (-302.881890 -94.220472 -64.000000) (-306.000000 -62.000000 -64.000000) 
4 195 204 (-302.881890 -94.220472 -80.000000) (-288.000000 -122.000000 -80.000000) (-288.000000 -122.000000 -64.000000) (-302.881890 -94.220472 -64.000000) 
4 196 197 (-23.756098 -323.073171 -80.000000) (8.000000 -320.000000 -80.000000) (8.000000 -320.000000 -64.000000) (-23.756098 -323.073171 -64.000000) 
4 196 198 (-54.000000 -314.000000 -80.000000) (-23.756098 -323.073171 -80.000000) (-23.756098 -323.073171 -64.000000) (-54.000000 -314.000000 -64.000000) 
4 197 198 (-23.756098 -323.073171 -80.000000) (8.000000 -332.600000 -80.000000) (8.000000 -332.600000 -64.000000) (-23.756098 -323.073171 -64.000000) 
4 197 199 (8.000000 -332.600000 -80.000000) (70.000000 -314.000000 -80.000000) (70.000000 -314.000000 -64.000000) (8.000000 -332.600000 -64.000000) 
4 198 199 (-64.117647 -354.235294 -80.000000) (8.000000 -332.600000 -80.000000) (8.000000 -332.600000 -64.000000) (-64.117647 -354.235294 -64.000000) 
4 198 200 (-145.250000 -286.625000 -80.000000) (-64.117647 -354.235294 -80.000000) (-64.117647 -354.235294 -64.000000) (-145.250000 -286.625000 -64.000000) 
4 199 200 (-64.117647 -354.235294 -80.000000) (-30.695652 -382.086957 -80.000000) (-30.695652 -382.086957 -64.000000) (-64.117647 -354.235294 -64.000000) 
4 199 203 (-30.695652 -382.086957 -80.000000) (130.000000 -296.000000 -80.000000) (130.000000 -296.000000 -64.000000) (-30.695652 -382.086957 -64.000000) 
4 200 203 (-70.263374 -403.283951 -64.000000) (-70.263374 -403.283951 -80.000000) (-30.695652 -382.086957 -80.000000) (-30.695652 -382.086957 -64.000000) 
4 200 205 (-218.000000 -226.000000 -80.000000) (-70.263374 -403.283951 -80.000000) (-70.263374 -403.283951 -64.000000) (-218.000000 -226.000000 -64.000000) 
4 201 203 (186.000000 -266.000000 -80.000000) (212.494624 -251.806452 -80.000000) (212.494624 -251.806452 -64.000000) (186.000000 -266.000000 -64.000000) 
4 202 204 (-353.357143 0.000000 -64.000000) (-353.357143 0.000000 -80.000000) (-302.881890 -94.220472 -80.000000) (-302.881890 -94.220472 -64.000000) 
4 203 205 (-70.263374 -403.283951 -80.000000) (-59.666667 -416.000000 -80.000000) (-59.666667 -416.000000 -64.000000) (-70.263374 -403.283951 -64.000000) 
4 204 205 (-406.333333 0.000000 -80.000000) (-258.000000 -178.000000 -80.000000) (-258.000000 -178.000000 -64.000000) (-406.333333 0.000000 -64.000000) 
4 206 303 (-1304.000000 576.000000 448.000000) (-1304.000000 568.000000 448.000000) (-1304.000000 568.000000 464.000000) (-1304.000000 576.000000 464.000000) 
4 206 298 (-1304.000000 1096.000000 448.000000) (-1304.000000 576.000000 448.000000) (-1304.000000 576.000000 464.000000) (-1304.000000 1096.000000 464.000000) 
4 206 215 (-1304.000000 568.000000 464.000000) (-1304.000000 568.000000 448.000000) (-536.000000 568.000000 448.000000) (-536.000000 568.000000 464.000000) 
4 206 209 (-736.000000 960.000000 448.000000) (-728.000000 960.000000 448.000000) (-728.000000 648.000000 448.000000) (-736.000000 648.000000 448.000000) 
4 206 210 (-1304.000000 640.000000 448.000000) (-1304.000000 648.000000 448.000000) (-728.000000 648.000000 448.000000) (-728.000000 640.000000 448.000000) 
4 206 207 (-728.000000 960.000000 448.000000) (-728.000000 968.000000 448.000000) (-536.000000 968.000000 448.000000) (-536.000000 960.000000 448.000000) 
4 207 212 (-536.000000 968.000000 64.000000) (-536.000000 960.000000 64.000000) (-656.000000 960.000000 64.000000) (-656.000000 968.000000 64.000000) 
4 208 220 (-728.000000 568.000000 64.000000) (-664.000000 568.000000 64.000000) (-664.000000 568.000000 448.000000) (-728.000000 568.000000 448.000000) 
4 208 218 (-664.000000 568.000000 64.000000) (-536.000000 568.000000 64.000000) (-536.000000 568.000000 112.000000) (-664.000000 568.000000 112.000000) 
4 208 217 (-536.000000 568.000000 112.000000) (-536.000000 568.000000 128.000000) (-664.000000 568.000000 128.000000) (-664.000000 568.000000 112.000000) 
4 208 216 (-536.000000 568.000000 128.000000) (-536.000000 568.000000 448.000000) (-664.000000 568.000000 448.000000) (-664.000000 568.000000 128.000000) 
4 208 213 (-536.000000 772.000000 64.000000) (-536.000000 568.000000 64.000000) (-656.000000 568.000000 64.000000) (-656.000000 772.000000 64.000000) 
4 208 211 (-728.000000 640.000000 64.000000) (-728.000000 568.000000 64.000000) (-728.000000 568.000000 448.000000) (-728.000000 640.000000 448.000000) 
4 209 210 (-736.000000 648.000000 64.000000) (-728.000000 648.000000 64.000000) (-728.000000 648.000000 448.000000) (-736.000000 648.000000 448.000000) 
4 210 299 (-1304.000000 648.000000 64.000000) (-1304.000000 640.000000 64.000000) (-1304.000000 640.000000 448.000000) (-1304.000000 648.000000 448.000000) 
4 211 304 (-1304.000000 576.000000 64.000000) (-1304.000000 568.000000 64.000000) (-1304.000000 568.000000 448.000000) (-1304.000000 576.000000 448.000000) 
4 211 300 (-1304.000000 640.000000 64.000000) (-1304.000000 576.000000 64.000000) (-1304.000000 576.000000 448.000000) (-1304.000000 640.000000 448.000000) 
4 211 220 (-1304.000000 568.000000 448.000000) (-1304.000000 568.000000 64.000000) (-728.000000 568.000000 64.000000) (-728.000000 568.000000 448.000000) 
4 213 218 (-536.000000 568.000000 0.000000) (-536.000000 568.000000 64.000000) (-656.000000 568.000000 64.000000) (-656.000000 568.000000 0.000000) 
4 213 214 (-656.000000 576.000000 0.000000) (-656.000000 768.000000 0.000000) (-544.000000 768.000000 0.000000) (-544.000000 576.000000 0.000000) 
4 215 303 (-1304.000000 0.000000 448.000000) (-1304.000000 0.000000 464.000000) (-1304.000000 568.000000 464.000000) (-1304.000000 568.000000 448.000000) 
4 215 272 (-536.000000 0.000000 448.000000) (-536.000000 0.000000 464.000000) (-1304.000000 0.000000 464.000000) (-1304.000000 0.000000 448.000000) 
4 216 273 (-536.000000 0.000000 128.000000) (-536.000000 0.000000 448.000000) (-664.000000 0.000000 448.000000) (-664.000000 0.000000 128.000000) 
4 216 224 (-664.000000 352.000000 128.000000) (-664.000000 224.000000 128.000000) (-664.000000 224.000000 256.000000) (-664.000000 352.000000 256.000000) 
4 216 225 (-664.000000 160.000000 128.000000) (-664.000000 32.000000 128.000000) (-664.000000 32.000000 256.000000) (-664.000000 160.000000 256.000000) 
5 216 223 (-664.000000 0.000000 304.000000) (-664.000000 0.000000 448.000000) (-664.000000 76.800000 448.000000) (-664.000000 192.000000 400.000000) (-664.000000 192.000000 304.000000) 
3 216 221 (-664.000000 76.800000 448.000000) (-664.000000 384.000000 448.000000) (-664.000000 384.000000 320.000000) 
4 216 220 (-664.000000 568.000000 448.000000) (-664.000000 568.000000 128.000000) (-664.000000 384.000000 128.000000) (-664.000000 384.000000 448.000000) 
4 216 217 (-664.000000 568.000000 128.000000) (-536.000000 568.000000 128.000000) (-536.000000 176.000000 128.000000) (-664.000000 176.000000 128.000000) 
4 217 220 (-664.000000 568.000000 128.000000) (-664.000000 568.000000 112.000000) (-664.000000 384.000000 112.000000) (-664.000000 384.000000 128.000000) 
4 217 219 (-664.000000 176.000000 112.000000) (-664.000000 368.000000 112.000000) (-536.000000 368.000000 112.000000) (-536.000000 176.000000 112.000000) 
4 217 218 (-664.000000 384.000000 112.000000) (-664.000000 568.000000 112.000000) (-536.000000 568.000000 112.000000) (-536.000000 384.000000 112.000000) 
4 218 220 (-664.000000 568.000000 112.000000) (-664.000000 568.000000 -64.000000) (-664.000000 384.000000 -64.000000) (-664.000000 384.000000 112.000000) 
4 219 273 (-536.000000 0.000000 -64.000000) (-536.000000 0.000000 112.000000) (-664.000000 0.000000 112.000000) (-664.000000 0.000000 -64.000000) 
4 219 256 (-664.000000 128.000000 80.000000) (-664.000000 256.000000 80.000000) (-664.000000 256.000000 -48.000000) (-664.000000 128.000000 -48.000000) 
4 220 307 (-1304.000000 568.000000 0.000000) (-1304.000000 568.000000 -64.000000) (-1304.000000 512.000000 -64.000000) (-1304.000000 512.000000 0.000000) 
4 220 309 (-1304.000000 512.000000 -64.000000) (-1304.000000 384.000000 -64.000000) (-1304.000000 384.000000 0.000000) (-1304.000000 512.000000 0.000000) 
4 220 306 (-1304.000000 384.000000 448.000000) (-1304.000000 568.000000 448.000000) (-1304.000000 568.000000 0.000000) (-1304.000000 384.000000 0.000000) 
4 220 221 (-664.000000 384.000000 320.000000) (-664.000000 384.000000 448.000000) (-1304.000000 384.000000 448.000000) (-1304.000000 384.000000 320.000000) 
3 221 310 (-1304.000000 76.800000 448.000000) (-1304.000000 384.000000 448.000000) (-1304.000000 384.000000 320.000000) 
4 221 236 (-920.000000 76.800000 448.000000) (-1304.000000 76.800000 448.000000) (-1304.000000 192.000000 400.000000) (-920.000000 192.000000 400.000000) 
4 221 231 (-792.000000 76.800000 448.000000) (-920.000000 76.800000 448.000000) (-920.000000 192.000000 400.000000) (-792.000000 192.000000 400.000000) 
4 221 223 (-664.000000 192.000000 400.000000) (-664.000000 76.800000 448.000000) (-792.000000 76.800000 448.000000) (-792.000000 192.000000 400.000000) 
3 222 230 (-792.000000 384.000000 304.000000) (-792.000000 192.000000 304.000000) (-792.000000 192.000000 384.000000) 
4 222 223 (-792.000000 192.000000 384.000000) (-792.000000 192.000000 304.000000) (-672.000000 192.000000 304.000000) (-672.000000 192.000000 384.000000) 
4 223 274 (-664.000000 0.000000 448.000000) (-792.000000 0.000000 448.000000) (-792.000000 0.000000 304.000000) (-664.000000 0.000000 304.000000) 
4 223 232 (-792.000000 0.000000 304.000000) (-792.000000 0.000000 352.000000) (-792.000000 192.000000 352.000000) (-792.000000 192.000000 304.000000) 
5 223 231 (-792.000000 0.000000 352.000000) (-792.000000 0.000000 448.000000) (-792.000000 76.800000 448.000000) (-792.000000 192.000000 400.000000) (-792.000000 192.000000 352.000000) 
4 224 226 (-672.000000 352.000000 128.000000) (-672.000000 224.000000 128.000000) (-672.000000 224.000000 256.000000) (-672.000000 352.000000 256.000000) 
4 225 226 (-672.000000 160.000000 128.000000) (-672.000000 32.000000 128.000000) (-672.000000 32.000000 256.000000) (-672.000000 160.000000 256.000000) 
4 226 229 (-784.000000 8.000000 128.000000) (-784.000000 248.000000 128.000000) (-672.000000 248.000000 128.000000) (-672.000000 8.000000 128.000000) 
4 226 228 (-784.000000 248.000000 128.000000) (-784.000000 8.000000 128.000000) (-784.000000 8.000000 288.000000) (-784.000000 248.000000 288.000000) 
4 226 227 (-784.000000 376.000000 128.000000) (-784.000000 256.000000 128.000000) (-784.000000 256.000000 288.000000) (-784.000000 376.000000 288.000000) 
4 227 247 (-792.000000 376.000000 256.000000) (-792.000000 376.000000 128.000000) (-792.000000 256.000000 128.000000) (-792.000000 256.000000 256.000000) 
4 227 240 (-792.000000 256.000000 288.000000) (-792.000000 376.000000 288.000000) (-792.000000 376.000000 256.000000) (-792.000000 256.000000 256.000000) 
4 228 251 (-792.000000 40.000000 128.000000) (-792.000000 8.000000 128.000000) (-792.000000 8.000000 256.000000) (-792.000000 40.000000 256.000000) 
4 228 250 (-792.000000 248.000000 256.000000) (-792.000000 248.000000 128.000000) (-792.000000 40.000000 128.000000) (-792.000000 40.000000 256.000000) 
4 228 242 (-792.000000 8.000000 288.000000) (-792.000000 40.000000 288.000000) (-792.000000 40.000000 256.000000) (-792.000000 8.000000 256.000000) 
4 228 241 (-792.000000 40.000000 288.000000) (-792.000000 248.000000 288.000000) (-792.000000 248.000000 256.000000) (-792.000000 40.000000 256.000000) 
4 228 229 (-792.000000 8.000000 128.000000) (-792.000000 248.000000 128.000000) (-784.000000 248.000000 128.000000) (-784.000000 8.000000 128.000000) 
4 229 257 (-792.000000 8.000000 112.000000) (-792.000000 248.000000 112.000000) (-672.000000 248.000000 112.000000) (-672.000000 8.000000 112.000000) 
3 230 238 (-920.000000 376.000000 304.000000) (-920.000000 192.000000 304.000000) (-920.000000 192.000000 384.000000) 
3 230 237 (-920.000000 384.000000 304.000000) (-920.000000 376.000000 304.000000) (-920.000000 192.000000 384.000000) 
4 230 233 (-864.000000 192.000000 304.000000) (-824.000000 192.000000 304.000000) (-824.000000 192.000000 352.000000) (-864.000000 192.000000 352.000000) 
4 230 235 (-920.000000 192.000000 304.000000) (-864.000000 192.000000 304.000000) (-864.000000 192.000000 352.000000) (-920.000000 192.000000 352.000000) 
4 230 232 (-824.000000 192.000000 304.000000) (-792.000000 192.000000 304.000000) (-792.000000 192.000000 352.000000) (-824.000000 192.000000 352.000000) 
4 230 231 (-792.000000 192.000000 352.000000) (-792.000000 192.000000 384.000000) (-920.000000 192.000000 384.000000) (-920.000000 192.000000 352.000000) 
4 231 274 (-792.000000 0.000000 448.000000) (-920.000000 0.000000 448.000000) (-920.000000 0.000000 352.000000) (-792.000000 0.000000 352.000000) 
3 231 238 (-920.000000 192.000000 384.000000) (-920.000000 192.000000 352.000000) (-920.000000 115.200000 352.000000) 
5 231 236 (-920.000000 0.000000 352.000000) (-920.000000 0.000000 448.000000) (-920.000000 76.800000 448.000000) (-920.000000 192.000000 400.000000) (-920.000000 76.800000 352.000000) 
4 231 233 (-864.000000 192.000000 352.000000) (-824.000000 192.000000 352.000000) (-824.000000 32.000000 352.000000) (-864.000000 32.000000 352.000000) 
4 231 235 (-920.000000 0.000000 352.000000) (-920.000000 192.000000 352.000000) (-864.000000 192.000000 352.000000) (-864.000000 0.000000 352.000000) 
4 231 232 (-824.000000 192.000000 352.000000) (-792.000000 192.000000 352.000000) (-792.000000 0.000000 352.000000) (-824.000000 0.000000 352.000000) 
4 232 274 (-824.000000 0.000000 304.000000) (-792.000000 0.000000 304.000000) (-792.000000 0.000000 352.000000) (-824.000000 0.000000 352.000000) 
4 232 243 (-816.000000 0.000000 304.000000) (-824.000000 0.000000 304.000000) (-824.000000 40.000000 304.000000) (-816.000000 40.000000 304.000000) 
4 232 234 (-824.000000 32.000000 304.000000) (-824.000000 0.000000 304.000000) (-824.000000 0.000000 348.000000) (-824.000000 32.000000 348.000000) 
4 232 233 (-824.000000 192.000000 352.000000) (-824.000000 192.000000 304.000000) (-824.000000 32.000000 304.000000) (-824.000000 32.000000 352.000000) 
4 233 243 (-864.000000 32.000000 304.000000) (-864.000000 40.000000 304.000000) (-824.000000 40.000000 304.000000) (-824.000000 32.000000 304.000000) 
4 233 234 (-864.000000 32.000000 304.000000) (-824.000000 32.000000 304.000000) (-824.000000 32.000000 348.000000) (-864.000000 32.000000 348.000000) 
4 233 235 (-864.000000 32.000000 352.000000) (-864.000000 192.000000 352.000000) (-864.000000 192.000000 304.000000) (-864.000000 32.000000 304.000000) 
4 234 274 (-864.000000 0.000000 304.000000) (-824.000000 0.000000 304.000000) (-824.000000 0.000000 348.000000) (-864.000000 0.000000 348.000000) 
4 234 243 (-824.000000 0.000000 304.000000) (-864.000000 0.000000 304.000000) (-864.000000 32.000000 304.000000) (-824.000000 32.000000 304.000000) 
4 234 235 (-864.000000 0.000000 304.000000) (-864.000000 0.000000 348.000000) (-864.000000 32.000000 348.000000) (-864.000000 32.000000 304.000000) 
4 235 274 (-920.000000 0.000000 352.000000) (-920.000000 0.000000 304.000000) (-864.000000 0.000000 304.000000) (-864.000000 0.000000 352.000000) 
4 235 243 (-864.000000 0.000000 304.000000) (-872.000000 0.000000 304.000000) (-872.000000 40.000000 304.000000) (-864.000000 40.000000 304.000000) 
4 235 238 (-920.000000 192.000000 304.000000) (-920.000000 0.000000 304.000000) (-920.000000 115.200000 352.000000) (-920.000000 192.000000 352.000000) 
3 235 236 (-920.000000 0.000000 320.000000) (-920.000000 0.000000 352.000000) (-920.000000 76.800000 352.000000) 
4 236 310 (-1304.000000 0.000000 320.000000) (-1304.000000 0.000000 448.000000) (-1304.000000 76.800000 448.000000) (-1304.000000 192.000000 400.000000) 
4 236 281 (-920.000000 0.000000 448.000000) (-1304.000000 0.000000 448.000000) (-1304.000000 0.000000 320.000000) (-920.000000 0.000000 320.000000) 
3 237 239 (-1016.000000 384.000000 304.000000) (-1016.000000 376.000000 304.000000) (-1016.000000 192.000000 384.000000) 
4 237 238 (-920.000000 192.000000 384.000000) (-1008.000000 192.000000 384.000000) (-1008.000000 376.000000 304.000000) (-920.000000 376.000000 304.000000) 
4 240 248 (-1008.000000 256.000000 256.000000) (-1296.000000 256.000000 256.000000) (-1296.000000 376.000000 256.000000) (-1008.000000 376.000000 256.000000) 
4 240 247 (-792.000000 376.000000 256.000000) (-792.000000 256.000000 256.000000) (-1008.000000 256.000000 256.000000) (-1008.000000 376.000000 256.000000) 
4 241 253 (-872.000000 40.000000 256.000000) (-1008.000000 40.000000 256.000000) (-1008.000000 248.000000 256.000000) (-872.000000 248.000000 256.000000) 
4 241 250 (-792.000000 248.000000 256.000000) (-792.000000 40.000000 256.000000) (-872.000000 40.000000 256.000000) (-872.000000 248.000000 256.000000) 
4 241 245 (-1008.000000 40.000000 256.000000) (-1000.000000 40.000000 256.000000) (-1000.000000 40.000000 288.000000) (-1008.000000 40.000000 288.000000) 
4 241 244 (-888.000000 40.000000 256.000000) (-872.000000 40.000000 256.000000) (-872.000000 40.000000 288.000000) (-888.000000 40.000000 288.000000) 
4 241 243 (-872.000000 40.000000 256.000000) (-816.000000 40.000000 256.000000) (-816.000000 40.000000 288.000000) (-872.000000 40.000000 288.000000) 
4 241 242 (-816.000000 40.000000 256.000000) (-792.000000 40.000000 256.000000) (-792.000000 40.000000 288.000000) (-816.000000 40.000000 288.000000) 
4 242 251 (-792.000000 40.000000 256.000000) (-792.000000 8.000000 256.000000) (-816.000000 8.000000 256.000000) (-816.000000 40.000000 256.000000) 
4 242 243 (-816.000000 40.000000 288.000000) (-816.000000 40.000000 256.000000) (-816.000000 8.000000 256.000000) (-816.000000 8.000000 288.000000) 
4 243 274 (-872.000000 0.000000 256.000000) (-816.000000 0.000000 256.000000) (-816.000000 0.000000 304.000000) (-872.000000 0.000000 304.000000) 
4 243 252 (-816.000000 0.000000 256.000000) (-872.000000 0.000000 256.000000) (-872.000000 40.000000 256.000000) (-816.000000 40.000000 256.000000) 
4 243 244 (-872.000000 40.000000 256.000000) (-872.000000 8.000000 256.000000) (-872.000000 8.000000 288.000000) (-872.000000 40.000000 288.000000) 
4 244 253 (-888.000000 40.000000 256.000000) (-872.000000 40.000000 256.000000) (-872.000000 8.000000 256.000000) (-888.000000 8.000000 256.000000) 
4 245 253 (-1008.000000 8.000000 256.000000) (-1008.000000 40.000000 256.000000) (-1000.000000 40.000000 256.000000) (-1000.000000 8.000000 256.000000) 
4 246 253 (-1296.000000 8.000000 256.000000) (-1296.000000 248.000000 256.000000) (-1016.000000 248.000000 256.000000) (-1016.000000 8.000000 256.000000) 
4 247 259 (-1008.000000 376.000000 112.000000) (-872.000000 376.000000 112.000000) (-872.000000 256.000000 112.000000) (-1008.000000 256.000000 112.000000) 
4 247 257 (-816.000000 376.000000 112.000000) (-792.000000 376.000000 112.000000) (-792.000000 256.000000 112.000000) (-816.000000 256.000000 112.000000) 
4 247 258 (-872.000000 376.000000 112.000000) (-816.000000 376.000000 112.000000) (-816.000000 256.000000 112.000000) (-872.000000 256.000000 112.000000) 
4 247 248 (-1008.000000 256.000000 128.000000) (-1008.000000 256.000000 256.000000) (-1008.000000 376.000000 256.000000) (-1008.000000 376.000000 128.000000) 
4 248 249 (-1112.000000 256.000000 256.000000) (-1240.000000 256.000000 256.000000) (-1240.000000 256.000000 128.000000) (-1112.000000 256.000000 128.000000) 
4 249 253 (-1240.000000 248.000000 128.000000) (-1112.000000 248.000000 128.000000) (-1112.000000 248.000000 256.000000) (-1240.000000 248.000000 256.000000) 
4 250 253 (-872.000000 248.000000 256.000000) (-872.000000 248.000000 128.000000) (-872.000000 40.000000 128.000000) (-872.000000 40.000000 256.000000) 
4 250 251 (-792.000000 40.000000 128.000000) (-792.000000 40.000000 256.000000) (-816.000000 40.000000 256.000000) (-816.000000 40.000000 128.000000) 
4 250 252 (-816.000000 40.000000 256.000000) (-872.000000 40.000000 256.000000) (-872.000000 40.000000 128.000000) (-816.000000 40.000000 128.000000) 
4 251 252 (-816.000000 40.000000 256.000000) (-816.000000 40.000000 128.000000) (-816.000000 8.000000 128.000000) (-816.000000 8.000000 256.000000) 
4 252 276 (-872.000000 0.000000 112.000000) (-816.000000 0.000000 112.000000) (-816.000000 0.000000 168.000000) (-872.000000 0.000000 168.000000) 
4 252 274 (-816.000000 0.000000 184.000000) (-816.000000 0.000000 256.000000) (-872.000000 0.000000 256.000000) (-872.000000 0.000000 184.000000) 
4 252 258 (-816.000000 0.000000 112.000000) (-872.000000 0.000000 112.000000) (-872.000000 40.000000 112.000000) (-816.000000 40.000000 112.000000) 
4 252 253 (-872.000000 8.000000 256.000000) (-872.000000 40.000000 256.000000) (-872.000000 40.000000 128.000000) (-872.000000 8.000000 128.000000) 
4 253 255 (-1112.000000 8.000000 256.000000) (-1240.000000 8.000000 256.000000) (-1240.000000 8.000000 128.000000) (-1112.000000 8.000000 128.000000) 
4 253 254 (-1296.000000 248.000000 128.000000) (-1296.000000 120.000000 128.000000) (-1296.000000 120.000000 256.000000) (-1296.000000 248.000000 256.000000) 
4 254 310 (-1304.000000 120.000000 256.000000) (-1304.000000 248.000000 256.000000) (-1304.000000 248.000000 128.000000) (-1304.000000 120.000000 128.000000) 
4 255 286 (-1240.000000 0.000000 128.000000) (-1112.000000 0.000000 128.000000) (-1112.000000 0.000000 192.000000) (-1240.000000 0.000000 192.000000) 
4 255 283 (-1112.000000 0.000000 192.000000) (-1112.000000 0.000000 256.000000) (-1240.000000 0.000000 256.000000) (-1240.000000 0.000000 192.000000) 
4 256 257 (-672.000000 128.000000 80.000000) (-672.000000 256.000000 80.000000) (-672.000000 256.000000 -48.000000) (-672.000000 128.000000 -48.000000) 
4 257 258 (-816.000000 376.000000 112.000000) (-816.000000 376.000000 -48.000000) (-816.000000 8.000000 -48.000000) (-816.000000 8.000000 112.000000) 
4 258 276 (-872.000000 0.000000 -48.000000) (-816.000000 0.000000 -48.000000) (-816.000000 0.000000 112.000000) (-872.000000 0.000000 112.000000) 
4 258 259 (-872.000000 376.000000 -48.000000) (-872.000000 8.000000 -48.000000) (-872.000000 8.000000 112.000000) (-872.000000 376.000000 112.000000) 
4 259 260 (-1008.000000 224.000000 -48.000000) (-1008.000000 32.000000 -48.000000) (-1008.000000 32.000000 80.000000) (-1008.000000 224.000000 80.000000) 
4 260 261 (-1016.000000 224.000000 -48.000000) (-1016.000000 32.000000 -48.000000) (-1016.000000 32.000000 80.000000) (-1016.000000 224.000000 80.000000) 
4 261 270 (-1112.000000 376.000000 -48.000000) (-1016.000000 376.000000 -48.000000) (-1016.000000 256.000000 -48.000000) (-1112.000000 256.000000 -48.000000) 
4 261 268 (-1240.000000 8.000000 -48.000000) (-1112.000000 8.000000 -48.000000) (-1112.000000 8.000000 80.000000) (-1240.000000 8.000000 80.000000) 
4 261 267 (-1260.000000 160.000000 -48.000000) (-1260.000000 120.000000 -48.000000) (-1260.000000 120.000000 -16.000000) (-1260.000000 160.000000 -16.000000) 
4 261 266 (-1260.000000 16.000000 48.000000) (-1260.000000 120.000000 48.000000) (-1260.000000 120.000000 -16.000000) (-1260.000000 16.000000 -16.000000) 
4 261 265 (-1260.000000 160.000000 32.000000) (-1260.000000 160.000000 -16.000000) (-1260.000000 120.000000 -16.000000) (-1260.000000 120.000000 32.000000) 
4 261 264 (-1260.000000 160.000000 48.000000) (-1260.000000 240.000000 48.000000) (-1260.000000 240.000000 -16.000000) (-1260.000000 160.000000 -16.000000) 
4 261 263 (-1260.000000 8.000000 80.000000) (-1260.000000 8.000000 112.000000) (-1260.000000 240.000000 112.000000) (-1260.000000 240.000000 80.000000) 
4 261 262 (-1260.000000 376.000000 112.000000) (-1260.000000 376.000000 -48.000000) (-1260.000000 240.000000 -48.000000) (-1260.000000 240.000000 112.000000) 
4 262 269 (-1296.000000 376.000000 -48.000000) (-1296.000000 248.000000 -48.000000) (-1296.000000 248.000000 80.000000) (-1296.000000 376.000000 80.000000) 
4 262 264 (-1292.000000 240.000000 -16.000000) (-1260.000000 240.000000 -16.000000) (-1260.000000 240.000000 48.000000) (-1292.000000 240.000000 48.000000) 
4 262 263 (-1296.000000 240.000000 112.000000) (-1296.000000 240.000000 80.000000) (-1260.000000 240.000000 80.000000) (-1260.000000 240.000000 112.000000) 
4 264 265 (-1292.000000 160.000000 -16.000000) (-1260.000000 160.000000 -16.000000) (-1260.000000 160.000000 32.000000) (-1292.000000 160.000000 32.000000) 
4 265 267 (-1292.000000 120.000000 -16.000000) (-1292.000000 160.000000 -16.000000) (-1260.000000 160.000000 -16.000000) (-1260.000000 120.000000 -16.000000) 
4 265 266 (-1292.000000 120.000000 32.000000) (-1292.000000 120.000000 -16.000000) (-1260.000000 120.000000 -16.000000) (-1260.000000 120.000000 32.000000) 
4 268 290 (-1240.000000 0.000000 -48.000000) (-1112.000000 0.000000 -48.000000) (-1112.000000 0.000000 80.000000) (-1240.000000 0.000000 80.000000) 
4 269 310 (-1304.000000 376.000000 80.000000) (-1304.000000 376.000000 -48.000000) (-1304.000000 248.000000 -48.000000) (-1304.000000 248.000000 80.000000) 
4 272 331 (-1304.000000 0.000000 464.000000) (-1304.000000 0.000000 448.000000) (-1304.000000 -1008.000000 448.000000) (-1304.000000 -1008.000000 464.000000) 
4 272 296 (-544.000000 -552.000000 448.000000) (-536.000000 -552.000000 448.000000) (-536.000000 -768.000000 448.000000) (-544.000000 -768.000000 448.000000) 
4 272 295 (-1304.000000 -552.000000 448.000000) (-1304.000000 -544.000000 448.000000) (-536.000000 -544.000000 448.000000) (-536.000000 -552.000000 448.000000) 
4 273 297 (-664.000000 -288.000000 -64.000000) (-536.000000 -288.000000 -64.000000) (-536.000000 -288.000000 64.000000) (-664.000000 -288.000000 64.000000) 
4 273 294 (-536.000000 -288.000000 64.000000) (-536.000000 -288.000000 448.000000) (-664.000000 -288.000000 448.000000) (-664.000000 -288.000000 64.000000) 
3 273 279 (-664.000000 -288.000000 104.000000) (-664.000000 -280.000000 105.777778) (-664.000000 -280.000000 104.000000) 
4 273 278 (-664.000000 -8.000000 -64.000000) (-664.000000 -280.000000 -64.000000) (-664.000000 -280.000000 105.777778) (-664.000000 -8.000000 166.222222) 
4 273 275 (-664.000000 0.000000 168.000000) (-664.000000 0.000000 -64.000000) (-664.000000 -8.000000 -64.000000) (-664.000000 -8.000000 166.222222) 
4 273 274 (-664.000000 0.000000 448.000000) (-664.000000 0.000000 184.000000) (-664.000000 -288.000000 120.000000) (-664.000000 -288.000000 448.000000) 
4 274 294 (-664.000000 -288.000000 120.000000) (-664.000000 -288.000000 448.000000) (-920.000000 -288.000000 448.000000) (-920.000000 -288.000000 120.000000) 
4 274 281 (-920.000000 0.000000 448.000000) (-920.000000 0.000000 272.000000) (-920.000000 -288.000000 208.000000) (-920.000000 -288.000000 448.000000) 
5 275 278 (-808.000000 -8.000000 -62.000000) (-792.000000 -8.000000 -64.000000) (-664.000000 -8.000000 -64.000000) (-664.000000 -8.000000 166.222222) (-808.000000 -8.000000 166.222222) 
4 275 276 (-808.000000 0.000000 168.000000) (-808.000000 0.000000 -48.000000) (-808.000000 -8.000000 -48.000000) (-808.000000 -8.000000 166.222222) 
4 276 278 (-808.000000 -8.000000 -48.000000) (-808.000000 -8.000000 166.222222) (-880.000000 -8.000000 166.222222) (-880.000000 -8.000000 -48.000000) 
4 276 277 (-880.000000 -8.000000 166.222222) (-880.000000 0.000000 168.000000) (-880.000000 0.000000 -48.000000) (-880.000000 -8.000000 -48.000000) 
4 277 278 (-920.000000 -8.000000 166.222222) (-920.000000 -8.000000 -48.000000) (-880.000000 -8.000000 -53.000000) (-880.000000 -8.000000 166.222222) 
4 278 284 (-920.000000 -32.000000 -48.000000) (-920.000000 -240.000000 -48.000000) (-920.000000 -240.000000 80.000000) (-920.000000 -32.000000 80.000000) 
5 278 280 (-688.000000 -280.000000 88.000000) (-920.000000 -280.000000 88.000000) (-920.000000 -280.000000 -48.000000) (-792.000000 -280.000000 -64.000000) (-688.000000 -280.000000 -64.000000) 
4 278 279 (-664.000000 -280.000000 104.000000) (-664.000000 -280.000000 105.777778) (-920.000000 -280.000000 105.777778) (-920.000000 -280.000000 104.000000) 
5 280 297 (-792.000000 -288.000000 -64.000000) (-688.000000 -288.000000 -64.000000) (-688.000000 -288.000000 64.000000) (-920.000000 -288.000000 64.000000) (-920.000000 -288.000000 -48.000000) 
4 280 294 (-688.000000 -288.000000 64.000000) (-688.000000 -288.000000 88.000000) (-920.000000 -288.000000 88.000000) (-920.000000 -288.000000 64.000000) 
4 281 332 (-1304.000000 -288.000000 448.000000) (-1304.000000 0.000000 448.000000) (-1304.000000 0.000000 272.000000) (-1304.000000 -288.000000 208.000000) 
4 281 294 (-920.000000 -288.000000 208.000000) (-920.000000 -288.000000 448.000000) (-1304.000000 -288.000000 448.000000) (-1304.000000 -288.000000 208.000000) 
4 281 282 (-1144.000000 -288.000000 208.000000) (-1272.000000 -288.000000 208.000000) (-1272.000000 -197.486000 228.114222) (-1144.000000 -197.486000 228.114222) 
4 282 294 (-1144.000000 -288.000000 208.000000) (-1272.000000 -288.000000 208.000000) (-1272.000000 -288.000000 192.000000) (-1144.000000 -288.000000 192.000000) 
4 282 283 (-1144.000000 -288.000000 192.000000) (-1272.000000 -288.000000 192.000000) (-1272.000000 -197.486000 212.114222) (-1144.000000 -197.486000 212.114222) 
4 283 292 (-1144.000000 -288.000000 192.000000) (-1272.000000 -288.000000 192.000000) (-1272.000000 -280.000000 192.000000) (-1144.000000 -280.000000 192.000000) 
4 283 286 (-1296.000000 -280.000000 192.000000) (-1296.000000 0.000000 192.000000) (-928.000000 0.000000 192.000000) (-928.000000 -280.000000 192.000000) 
4 285 288 (-928.000000 -32.000000 -48.000000) (-928.000000 -240.000000 -48.000000) (-928.000000 -240.000000 80.000000) (-928.000000 -32.000000 80.000000) 
4 286 292 (-1144.000000 -280.000000 192.000000) (-1272.000000 -280.000000 192.000000) (-1272.000000 -280.000000 128.000000) (-1144.000000 -280.000000 128.000000) 
4 287 289 (-1064.000000 -48.000000 96.000000) (-1064.000000 -280.000000 96.000000) (-1108.000000 -280.000000 96.000000) (-1108.000000 -48.000000 96.000000) 
4 287 288 (-1064.000000 0.000000 96.000000) (-928.000000 0.000000 96.000000) (-928.000000 -280.000000 96.000000) (-1064.000000 -280.000000 96.000000) 
4 287 290 (-1296.000000 -280.000000 96.000000) (-1296.000000 0.000000 96.000000) (-1108.000000 0.000000 96.000000) (-1108.000000 -280.000000 96.000000) 
4 288 293 (-1064.000000 -280.000000 -48.000000) (-944.000000 -280.000000 -48.000000) (-944.000000 -280.000000 80.000000) (-1064.000000 -280.000000 80.000000) 
4 288 289 (-1064.000000 -48.000000 -48.000000) (-1064.000000 -280.000000 -48.000000) (-1064.000000 -280.000000 96.000000) (-1064.000000 -48.000000 96.000000) 
4 289 293 (-1072.000000 -280.000000 -48.000000) (-1064.000000 -280.000000 -48.000000) (-1064.000000 -280.000000 80.000000) (-1072.000000 -280.000000 80.000000) 
4 289 290 (-1108.000000 -48.000000 -48.000000) (-1108.000000 -280.000000 -48.000000) (-1108.000000 -280.000000 96.000000) (-1108.000000 -48.000000 96.000000) 
4 290 291 (-1296.000000 -128.000000 -48.000000) (-1296.000000 -256.000000 -48.000000) (-1296.000000 -256.000000 80.000000) (-1296.000000 -128.000000 80.000000) 
4 291 332 (-1304.000000 -128.000000 -48.000000) (-1304.000000 -256.000000 -48.000000) (-1304.000000 -256.000000 80.000000) (-1304.000000 -128.000000 80.000000) 
4 292 294 (-1144.000000 -288.000000 192.000000) (-1272.000000 -288.000000 192.000000) (-1272.000000 -288.000000 128.000000) (-1144.000000 -288.000000 128.000000) 
4 293 297 (-1072.000000 -288.000000 64.000000) (-1072.000000 -288.000000 -48.000000) (-944.000000 -288.000000 -48.000000) (-944.000000 -288.000000 64.000000) 
4 293 294 (-944.000000 -288.000000 80.000000) (-1072.000000 -288.000000 80.000000) (-1072.000000 -288.000000 64.000000) (-944.000000 -288.000000 64.000000) 
4 294 350 (-1304.000000 -544.000000 448.000000) (-1304.000000 -480.000000 448.000000) (-1304.000000 -480.000000 64.000000) (-1304.000000 -544.000000 64.000000) 
4 294 333 (-1304.000000 -480.000000 448.000000) (-1304.000000 -472.000000 448.000000) (-1304.000000 -472.000000 64.000000) (-1304.000000 -480.000000 64.000000) 
4 294 332 (-1304.000000 -472.000000 448.000000) (-1304.000000 -288.000000 448.000000) (-1304.000000 -288.000000 64.000000) (-1304.000000 -472.000000 64.000000) 
4 294 297 (-1304.000000 -472.000000 64.000000) (-1304.000000 -288.000000 64.000000) (-536.000000 -288.000000 64.000000) (-536.000000 -472.000000 64.000000) 
4 295 351 (-1304.000000 -552.000000 448.000000) (-1304.000000 -544.000000 448.000000) (-1304.000000 -544.000000 64.000000) (-1304.000000 -552.000000 64.000000) 
4 295 296 (-544.000000 -552.000000 64.000000) (-536.000000 -552.000000 64.000000) (-536.000000 -552.000000 448.000000) (-544.000000 -552.000000 448.000000) 
4 297 332 (-1304.000000 -472.000000 64.000000) (-1304.000000 -288.000000 64.000000) (-1304.000000 -288.000000 -64.000000) (-1304.000000 -472.000000 -64.000000) 
4 298 318 (-2438.000000 576.000000 448.000000) (-1816.000000 576.000000 448.000000) (-1816.000000 576.000000 464.000000) (-2438.000000 576.000000 464.000000) 
4 298 303 (-1816.000000 576.000000 448.000000) (-1304.000000 576.000000 448.000000) (-1304.000000 576.000000 464.000000) (-1816.000000 576.000000 464.000000) 
4 298 301 (-2136.000000 576.000000 448.000000) (-2144.000000 576.000000 448.000000) (-2144.000000 640.000000 448.000000) (-2136.000000 640.000000 448.000000) 
4 298 299 (-1304.000000 648.000000 448.000000) (-1304.000000 640.000000 448.000000) (-2136.000000 640.000000 448.000000) (-2136.000000 648.000000 448.000000) 
4 300 319 (-2136.000000 576.000000 64.000000) (-1816.000000 576.000000 64.000000) (-1816.000000 576.000000 448.000000) (-2136.000000 576.000000 448.000000) 
4 300 304 (-1816.000000 576.000000 64.000000) (-1304.000000 576.000000 64.000000) (-1304.000000 576.000000 448.000000) (-1816.000000 576.000000 448.000000) 
4 301 320 (-2144.000000 576.000000 64.000000) (-2136.000000 576.000000 64.000000) (-2136.000000 576.000000 448.000000) (-2144.000000 576.000000 448.000000) 
4 302 305 (-1776.000000 576.000000 -64.000000) (-1664.000000 576.000000 -64.000000) (-1664.000000 576.000000 56.000000) (-1776.000000 576.000000 56.000000) 
4 303 331 (-1304.000000 0.000000 448.000000) (-1304.000000 0.000000 464.000000) (-1816.000000 0.000000 464.000000) (-1816.000000 0.000000 448.000000) 
4 303 318 (-1816.000000 576.000000 464.000000) (-1816.000000 576.000000 448.000000) (-1816.000000 0.000000 448.000000) (-1816.000000 0.000000 464.000000) 
4 304 319 (-1816.000000 576.000000 448.000000) (-1816.000000 576.000000 64.000000) (-1816.000000 568.000000 64.000000) (-1816.000000 568.000000 448.000000) 
4 304 306 (-1816.000000 568.000000 448.000000) (-1816.000000 568.000000 64.000000) (-1304.000000 568.000000 64.000000) (-1304.000000 568.000000 448.000000) 
4 304 305 (-1784.000000 576.000000 64.000000) (-1656.000000 576.000000 64.000000) (-1656.000000 568.000000 64.000000) (-1784.000000 568.000000 64.000000) 
4 305 308 (-1784.000000 568.000000 -64.000000) (-1656.000000 568.000000 -64.000000) (-1656.000000 568.000000 0.000000) (-1784.000000 568.000000 0.000000) 
4 305 306 (-1656.000000 568.000000 0.000000) (-1656.000000 568.000000 64.000000) (-1784.000000 568.000000 64.000000) (-1784.000000 568.000000 0.000000) 
4 306 321 (-1816.000000 384.000000 0.000000) (-1816.000000 384.000000 64.000000) (-1816.000000 568.000000 64.000000) (-1816.000000 568.000000 0.000000) 
4 306 319 (-1816.000000 384.000000 64.000000) (-1816.000000 384.000000 448.000000) (-1816.000000 568.000000 448.000000) (-1816.000000 568.000000 64.000000) 
4 306 315 (-1776.000000 384.000000 448.000000) (-1816.000000 384.000000 448.000000) (-1816.000000 384.000000 0.000000) (-1776.000000 384.000000 0.000000) 
4 306 311 (-1560.000000 384.000000 448.000000) (-1656.000000 384.000000 448.000000) (-1656.000000 384.000000 0.000000) (-1560.000000 384.000000 0.000000) 
4 306 310 (-1304.000000 384.000000 0.000000) (-1304.000000 384.000000 448.000000) (-1560.000000 384.000000 448.000000) (-1560.000000 384.000000 0.000000) 
4 306 314 (-1656.000000 384.000000 448.000000) (-1776.000000 384.000000 448.000000) (-1776.000000 384.000000 0.000000) (-1656.000000 384.000000 0.000000) 
4 306 308 (-1816.000000 512.000000 0.000000) (-1816.000000 568.000000 0.000000) (-1624.000000 568.000000 0.000000) (-1624.000000 512.000000 0.000000) 
4 306 307 (-1592.000000 568.000000 0.000000) (-1304.000000 568.000000 0.000000) (-1304.000000 512.000000 0.000000) (-1592.000000 512.000000 0.000000) 
4 306 309 (-1816.000000 384.000000 0.000000) (-1816.000000 512.000000 0.000000) (-1304.000000 512.000000 0.000000) (-1304.000000 384.000000 0.000000) 
4 307 309 (-1592.000000 512.000000 -64.000000) (-1304.000000 512.000000 -64.000000) (-1304.000000 512.000000 0.000000) (-1592.000000 512.000000 0.000000) 
4 308 309 (-1816.000000 512.000000 0.000000) (-1816.000000 512.000000 -64.000000) (-1624.000000 512.000000 -64.000000) (-1624.000000 512.000000 0.000000) 
4 309 322 (-1816.000000 512.000000 -64.000000) (-1816.000000 384.000000 -64.000000) (-1816.000000 384.000000 0.000000) (-1816.000000 512.000000 0.000000) 
4 309 316 (-1816.000000 384.000000 -64.000000) (-1776.000000 384.000000 -64.000000) (-1776.000000 384.000000 0.000000) (-1816.000000 384.000000 0.000000) 
4 309 313 (-1656.000000 384.000000 -64.000000) (-1624.000000 384.000000 -64.000000) (-1624.000000 384.000000 -48.000000) (-1656.000000 384.000000 -48.000000) 
4 309 311 (-1560.000000 384.000000 0.000000) (-1656.000000 384.000000 0.000000) (-1656.000000 384.000000 -48.000000) (-1560.000000 384.000000 -48.000000) 
4 309 310 (-1304.000000 384.000000 -48.000000) (-1304.000000 384.000000 0.000000) (-1560.000000 384.000000 0.000000) (-1560.000000 384.000000 -48.000000) 
4 309 314 (-1776.000000 384.000000 -64.000000) (-1656.000000 384.000000 -64.000000) (-1656.000000 384.000000 0.000000) (-1776.000000 384.000000 0.000000) 
4 310 332 (-1304.000000 0.000000 -48.000000) (-1304.000000 0.000000 448.000000) (-1560.000000 0.000000 448.000000) (-1560.000000 0.000000 -48.000000) 
4 310 312 (-1560.000000 0.000000 0.000000) (-1560.000000 0.000000 448.000000) (-1560.000000 40.000000 448.000000) (-1560.000000 40.000000 0.000000) 
4 310 311 (-1560.000000 40.000000 448.000000) (-1560.000000 384.000000 448.000000) (-1560.000000 384.000000 -48.000000) (-1560.000000 40.000000 -48.000000) 
4 311 313 (-1656.000000 40.000000 -48.000000) (-1656.000000 384.000000 -48.000000) (-1624.000000 384.000000 -48.000000) (-1624.000000 40.000000 -48.000000) 
4 311 312 (-1560.000000 40.000000 0.000000) (-1560.000000 40.000000 448.000000) (-1656.000000 40.000000 448.000000) (-1656.000000 40.000000 0.000000) 
4 311 314 (-1656.000000 40.000000 448.000000) (-1656.000000 384.000000 448.000000) (-1656.000000 384.000000 -48.000000) (-1656.000000 40.000000 -48.000000) 
4 312 334 (-1560.000000 0.000000 448.000000) (-1656.000000 0.000000 448.000000) (-1656.000000 0.000000 0.000000) (-1560.000000 0.000000 0.000000) 
4 312 314 (-1656.000000 0.000000 0.000000) (-1656.000000 0.000000 448.000000) (-1656.000000 40.000000 448.000000) (-1656.000000 40.000000 0.000000) 
4 313 314 (-1656.000000 384.000000 -64.000000) (-1656.000000 40.000000 -64.000000) (-1656.000000 40.000000 -48.000000) (-1656.000000 384.000000 -48.000000) 
4 314 346 (-1776.000000 0.000000 -48.000000) (-1776.000000 0.000000 -64.000000) (-1688.000000 0.000000 -64.000000) (-1688.000000 0.000000 -48.000000) 
4 314 344 (-1776.000000 0.000000 -31.000000) (-1776.000000 0.000000 -48.000000) (-1688.000000 0.000000 -48.000000) (-1688.000000 0.000000 -31.000000) 
4 314 341 (-1776.000000 0.000000 64.000000) (-1776.000000 0.000000 -31.000000) (-1688.000000 0.000000 -31.000000) (-1688.000000 0.000000 64.000000) 
4 314 340 (-1688.000000 0.000000 448.000000) (-1776.000000 0.000000 448.000000) (-1776.000000 0.000000 64.000000) (-1688.000000 0.000000 64.000000) 
4 314 335 (-1688.000000 0.000000 0.000000) (-1688.000000 0.000000 -64.000000) (-1656.000000 0.000000 -64.000000) (-1656.000000 0.000000 0.000000) 
4 314 334 (-1656.000000 0.000000 448.000000) (-1688.000000 0.000000 448.000000) (-1688.000000 0.000000 0.000000) (-1656.000000 0.000000 0.000000) 
4 314 316 (-1776.000000 384.000000 0.000000) (-1776.000000 384.000000 -64.000000) (-1776.000000 56.000000 -64.000000) (-1776.000000 56.000000 0.000000) 
4 314 317 (-1776.000000 8.000000 -64.000000) (-1776.000000 0.000000 -64.000000) (-1776.000000 0.000000 0.000000) (-1776.000000 8.000000 0.000000) 
4 314 315 (-1776.000000 384.000000 448.000000) (-1776.000000 384.000000 0.000000) (-1776.000000 0.000000 0.000000) (-1776.000000 0.000000 448.000000) 
4 315 341 (-1816.000000 0.000000 64.000000) (-1816.000000 0.000000 0.000000) (-1776.000000 0.000000 0.000000) (-1776.000000 0.000000 64.000000) 
4 315 340 (-1776.000000 0.000000 448.000000) (-1816.000000 0.000000 448.000000) (-1816.000000 0.000000 64.000000) (-1776.000000 0.000000 64.000000) 
4 315 326 (-1816.000000 0.000000 0.000000) (-1816.000000 0.000000 64.000000) (-1816.000000 64.000000 64.000000) (-1816.000000 64.000000 0.000000) 
4 315 321 (-1816.000000 64.000000 64.000000) (-1816.000000 384.000000 64.000000) (-1816.000000 384.000000 0.000000) (-1816.000000 64.000000 0.000000) 
4 315 319 (-1816.000000 0.000000 64.000000) (-1816.000000 0.000000 448.000000) (-1816.000000 384.000000 448.000000) (-1816.000000 384.000000 64.000000) 
4 315 316 (-1776.000000 384.000000 0.000000) (-1776.000000 56.000000 0.000000) (-1816.000000 56.000000 0.000000) (-1816.000000 384.000000 0.000000) 
4 315 317 (-1776.000000 8.000000 0.000000) (-1776.000000 0.000000 0.000000) (-1816.000000 0.000000 0.000000) (-1816.000000 8.000000 0.000000) 
4 316 327 (-1816.000000 64.000000 -64.000000) (-1816.000000 56.000000 -64.000000) (-1816.000000 56.000000 0.000000) (-1816.000000 64.000000 0.000000) 
4 316 323 (-1816.000000 256.000000 -64.000000) (-1816.000000 128.000000 -64.000000) (-1816.000000 128.000000 0.000000) (-1816.000000 256.000000 0.000000) 
4 317 346 (-1816.000000 0.000000 -48.000000) (-1816.000000 0.000000 -64.000000) (-1776.000000 0.000000 -64.000000) (-1776.000000 0.000000 -48.000000) 
4 317 344 (-1816.000000 0.000000 -31.000000) (-1816.000000 0.000000 -48.000000) (-1776.000000 0.000000 -48.000000) (-1776.000000 0.000000 -31.000000) 
4 317 341 (-1816.000000 0.000000 0.000000) (-1816.000000 0.000000 -31.000000) (-1776.000000 0.000000 -31.000000) (-1776.000000 0.000000 0.000000) 
4 317 328 (-1816.000000 8.000000 -64.000000) (-1816.000000 0.000000 -64.000000) (-1816.000000 0.000000 0.000000) (-1816.000000 8.000000 0.000000) 
4 318 352 (-1944.000000 0.000000 464.000000) (-2438.000000 0.000000 464.000000) (-2438.000000 0.000000 448.000000) (-1944.000000 0.000000 448.000000) 
4 318 331 (-1816.000000 0.000000 448.000000) (-1816.000000 0.000000 464.000000) (-1944.000000 0.000000 464.000000) (-1944.000000 0.000000 448.000000) 
4 318 320 (-2136.000000 0.000000 448.000000) (-2144.000000 0.000000 448.000000) (-2144.000000 576.000000 448.000000) (-2136.000000 576.000000 448.000000) 
4 319 348 (-1880.000000 0.000000 448.000000) (-1944.000000 0.000000 448.000000) (-1944.000000 0.000000 64.000000) (-1880.000000 0.000000 64.000000) 
4 319 340 (-1816.000000 0.000000 64.000000) (-1816.000000 0.000000 448.000000) (-1880.000000 0.000000 448.000000) (-1880.000000 0.000000 64.000000) 
4 319 326 (-1816.000000 64.000000 64.000000) (-1816.000000 0.000000 64.000000) (-1872.000000 0.000000 64.000000) (-1872.000000 64.000000 64.000000) 
4 319 325 (-1824.000000 64.000000 64.000000) (-1872.000000 64.000000 64.000000) (-1872.000000 72.000000 64.000000) (-1824.000000 72.000000 64.000000) 
4 319 324 (-2064.000000 568.000000 64.000000) (-1824.000000 568.000000 64.000000) (-1824.000000 72.000000 64.000000) (-2064.000000 72.000000 64.000000) 
4 319 321 (-1816.000000 568.000000 64.000000) (-1816.000000 64.000000 64.000000) (-1824.000000 64.000000 64.000000) (-1824.000000 568.000000 64.000000) 
4 321 326 (-1816.000000 64.000000 0.000000) (-1816.000000 64.000000 64.000000) (-1824.000000 64.000000 64.000000) (-1824.000000 64.000000 0.000000) 
4 321 325 (-1824.000000 64.000000 0.000000) (-1824.000000 64.000000 64.000000) (-1824.000000 72.000000 64.000000) (-1824.000000 72.000000 0.000000) 
4 321 324 (-1824.000000 72.000000 64.000000) (-1824.000000 568.000000 64.000000) (-1824.000000 568.000000 0.000000) (-1824.000000 72.000000 0.000000) 
4 321 323 (-1824.000000 128.000000 0.000000) (-1824.000000 256.000000 0.000000) (-1816.000000 256.000000 0.000000) (-1816.000000 128.000000 0.000000) 
4 321 322 (-1824.000000 384.000000 0.000000) (-1824.000000 512.000000 0.000000) (-1816.000000 512.000000 0.000000) (-1816.000000 384.000000 0.000000) 
4 322 324 (-1824.000000 512.000000 -64.000000) (-1824.000000 384.000000 -64.000000) (-1824.000000 384.000000 0.000000) (-1824.000000 512.000000 0.000000) 
4 323 324 (-1824.000000 256.000000 -64.000000) (-1824.000000 128.000000 -64.000000) (-1824.000000 128.000000 0.000000) (-1824.000000 256.000000 0.000000) 
4 324 325 (-1824.000000 72.000000 0.000000) (-1824.000000 72.000000 64.000000) (-1872.000000 72.000000 64.000000) (-1872.000000 72.000000 0.000000) 
4 325 326 (-1824.000000 64.000000 64.000000) (-1872.000000 64.000000 64.000000) (-1872.000000 64.000000 0.000000) (-1824.000000 64.000000 0.000000) 
4 326 341 (-1816.000000 0.000000 0.000000) (-1816.000000 0.000000 64.000000) (-1872.000000 0.000000 64.000000) (-1872.000000 0.000000 0.000000) 
4 326 328 (-1816.000000 8.000000 0.000000) (-1816.000000 0.000000 0.000000) (-1864.000000 0.000000 0.000000) (-1864.000000 8.000000 0.000000) 
4 326 327 (-1864.000000 64.000000 0.000000) (-1816.000000 64.000000 0.000000) (-1816.000000 56.000000 0.000000) (-1864.000000 56.000000 0.000000) 
4 326 329 (-1872.000000 64.000000 0.000000) (-1864.000000 64.000000 0.000000) (-1864.000000 0.000000 0.000000) (-1872.000000 0.000000 0.000000) 
4 327 329 (-1864.000000 64.000000 0.000000) (-1864.000000 64.000000 -64.000000) (-1864.000000 56.000000 -64.000000) (-1864.000000 56.000000 0.000000) 
4 328 346 (-1816.000000 0.000000 -64.000000) (-1816.000000 0.000000 -48.000000) (-1864.000000 0.000000 -48.000000) (-1864.000000 0.000000 -64.000000) 
4 328 344 (-1816.000000 0.000000 -48.000000) (-1816.000000 0.000000 -31.000000) (-1864.000000 0.000000 -31.000000) (-1864.000000 0.000000 -48.000000) 
4 328 341 (-1816.000000 0.000000 -31.000000) (-1816.000000 0.000000 0.000000) (-1864.000000 0.000000 0.000000) (-1864.000000 0.000000 -31.000000) 
4 328 329 (-1864.000000 8.000000 -64.000000) (-1864.000000 0.000000 -64.000000) (-1864.000000 0.000000 0.000000) (-1864.000000 8.000000 0.000000) 
4 329 346 (-1872.000000 0.000000 -48.000000) (-1872.000000 0.000000 -64.000000) (-1864.000000 0.000000 -64.000000) (-1864.000000 0.000000 -48.000000) 
4 329 344 (-1872.000000 0.000000 -31.000000) (-1872.000000 0.000000 -48.000000) (-1864.000000 0.000000 -48.000000) (-1864.000000 0.000000 -31.000000) 
4 329 341 (-1864.000000 0.000000 0.000000) (-1872.000000 0.000000 0.000000) (-1872.000000 0.000000 -31.000000) (-1864.000000 0.000000 -31.000000) 
4 331 352 (-1944.000000 0.000000 464.000000) (-1944.000000 0.000000 448.000000) (-1944.000000 -1008.000000 448.000000) (-1944.000000 -1008.000000 464.000000) 
4 331 351 (-1944.000000 -552.000000 448.000000) (-1944.000000 -544.000000 448.000000) (-1304.000000 -544.000000 448.000000) (-1304.000000 -552.000000 448.000000) 
4 332 337 (-1560.000000 -472.000000 81.600000) (-1560.000000 -472.000000 448.000000) (-1560.000000 -320.000000 448.000000) (-1560.000000 -320.000000 112.000000) 
4 332 334 (-1560.000000 0.000000 448.000000) (-1560.000000 0.000000 0.000000) (-1560.000000 -8.000000 0.000000) (-1560.000000 -8.000000 448.000000) 
4 332 336 (-1560.000000 -8.000000 -64.000000) (-1560.000000 -320.000000 -64.000000) (-1560.000000 -320.000000 448.000000) (-1560.000000 -8.000000 448.000000) 
4 332 333 (-1304.000000 -472.000000 64.000000) (-1304.000000 -472.000000 448.000000) (-1560.000000 -472.000000 448.000000) (-1560.000000 -472.000000 64.000000) 
4 333 350 (-1304.000000 -480.000000 64.000000) (-1304.000000 -480.000000 448.000000) (-1560.000000 -480.000000 448.000000) (-1560.000000 -480.000000 64.000000) 
4 333 337 (-1560.000000 -480.000000 80.000000) (-1560.000000 -480.000000 448.000000) (-1560.000000 -472.000000 448.000000) (-1560.000000 -472.000000 81.600000) 
4 334 341 (-1688.000000 -8.000000 0.000000) (-1688.000000 -8.000000 64.000000) (-1688.000000 0.000000 64.000000) (-1688.000000 0.000000 0.000000) 
4 334 340 (-1688.000000 -8.000000 64.000000) (-1688.000000 -8.000000 448.000000) (-1688.000000 0.000000 448.000000) (-1688.000000 0.000000 64.000000) 
4 334 335 (-1688.000000 -8.000000 0.000000) (-1688.000000 0.000000 0.000000) (-1656.000000 0.000000 0.000000) (-1656.000000 -8.000000 0.000000) 
4 334 336 (-1688.000000 -8.000000 448.000000) (-1688.000000 -8.000000 0.000000) (-1560.000000 -8.000000 0.000000) (-1560.000000 -8.000000 448.000000) 
4 335 346 (-1688.000000 0.000000 -64.000000) (-1688.000000 -8.000000 -64.000000) (-1688.000000 -8.000000 -48.000000) (-1688.000000 0.000000 -48.000000) 
4 335 344 (-1688.000000 -8.000000 -48.000000) (-1688.000000 -8.000000 -31.000000) (-1688.000000 0.000000 -31.000000) (-1688.000000 0.000000 -48.000000) 
4 335 341 (-1688.000000 -8.000000 -31.000000) (-1688.000000 -8.000000 0.000000) (-1688.000000 0.000000 0.000000) (-1688.000000 0.000000 -31.000000) 
4 335 336 (-1688.000000 -8.000000 0.000000) (-1688.000000 -8.000000 -64.000000) (-1656.000000 -8.000000 -64.000000) (-1656.000000 -8.000000 0.000000) 
4 336 346 (-1688.000000 -8.000000 -64.000000) (-1688.000000 -256.000000 -64.000000) (-1688.000000 -256.000000 -48.000000) (-1688.000000 -8.000000 -48.000000) 
4 336 343 (-1688.000000 -320.000000 -48.000000) (-1688.000000 -320.000000 -31.000000) (-1688.000000 -154.220124 -31.000000) (-1688.000000 -154.220124 -48.000000) 
4 336 344 (-1688.000000 -154.220124 -31.000000) (-1688.000000 -8.000000 -31.000000) (-1688.000000 -8.000000 -48.000000) (-1688.000000 -154.220124 -48.000000) 
4 336 341 (-1688.000000 -320.000000 -31.000000) (-1688.000000 -320.000000 64.000000) (-1688.000000 -8.000000 64.000000) (-1688.000000 -8.000000 -31.000000) 
4 336 340 (-1688.000000 -320.000000 64.000000) (-1688.000000 -320.000000 448.000000) (-1688.000000 -8.000000 448.000000) (-1688.000000 -8.000000 64.000000) 
4 336 339 (-1568.000000 -320.000000 64.000000) (-1680.000000 -320.000000 64.000000) (-1680.000000 -320.000000 -56.000000) (-1568.000000 -320.000000 -56.000000) 
4 336 337 (-1560.000000 -320.000000 112.000000) (-1560.000000 -320.000000 448.000000) (-1688.000000 -320.000000 448.000000) (-1688.000000 -320.000000 112.000000) 
4 337 350 (-1560.000000 -480.000000 80.000000) (-1560.000000 -480.000000 448.000000) (-1688.000000 -480.000000 448.000000) (-1688.000000 -480.000000 80.000000) 
4 337 340 (-1688.000000 -480.000000 80.000000) (-1688.000000 -480.000000 448.000000) (-1688.000000 -320.000000 448.000000) (-1688.000000 -320.000000 112.000000) 
4 338 339 (-1680.000000 -472.000000 64.000000) (-1680.000000 -328.000000 64.000000) (-1568.000000 -328.000000 64.000000) (-1568.000000 -472.000000 64.000000) 
4 340 350 (-1688.000000 -480.000000 64.000000) (-1688.000000 -480.000000 448.000000) (-1880.000000 -480.000000 448.000000) (-1880.000000 -480.000000 64.000000) 
4 340 348 (-1880.000000 -480.000000 64.000000) (-1880.000000 -480.000000 448.000000) (-1880.000000 0.000000 448.000000) (-1880.000000 0.000000 64.000000) 
4 340 347 (-1872.000000 -64.000000 64.000000) (-1872.000000 -192.000000 64.000000) (-1880.000000 -192.000000 64.000000) (-1880.000000 -64.000000 64.000000) 
4 340 341 (-1872.000000 0.000000 64.000000) (-1688.000000 0.000000 64.000000) (-1688.000000 -472.000000 64.000000) (-1872.000000 -472.000000 64.000000) 
4 341 347 (-1872.000000 -64.000000 -31.000000) (-1872.000000 -192.000000 -31.000000) (-1872.000000 -192.000000 64.000000) (-1872.000000 -64.000000 64.000000) 
4 341 343 (-1688.000000 -154.220124 -31.000000) (-1688.000000 -323.747035 -31.000000) (-1766.760000 -438.375000 -31.000000) (-1845.880000 -384.000000 -31.000000) 
5 341 344 (-1872.000000 -404.874022 -31.000000) (-1872.000000 0.000000 -31.000000) (-1688.000000 0.000000 -31.000000) (-1688.000000 -154.220124 -31.000000) (-1864.000000 -410.372000 -31.000000) 
4 341 345 (-1872.000000 -472.000000 -31.000000) (-1872.000000 -404.874022 -31.000000) (-1784.880000 -464.747000 -31.000000) (-1789.863481 -472.000000 -31.000000) 
3 341 342 (-1688.000000 -323.747035 -31.000000) (-1688.000000 -472.000000 -31.000000) (-1789.863481 -472.000000 -31.000000) 
4 342 343 (-1688.000000 -323.747035 -31.000000) (-1688.000000 -323.747035 -48.000000) (-1766.760000 -438.375000 -48.000000) (-1766.760000 -438.375000 -31.000000) 
4 342 345 (-1784.880000 -464.747000 -48.000000) (-1789.863481 -472.000000 -48.000000) (-1789.863481 -472.000000 -31.000000) (-1784.880000 -464.747000 -31.000000) 
3 343 346 (-1688.000000 -154.220124 -48.000000) (-1688.000000 -256.000000 -48.000000) (-1757.932177 -256.000000 -48.000000) 
4 343 344 (-1688.000000 -154.220124 -31.000000) (-1688.000000 -154.220124 -48.000000) (-1845.880000 -384.000000 -48.000000) (-1845.880000 -384.000000 -31.000000) 
4 344 347 (-1872.000000 -64.000000 -48.000000) (-1872.000000 -192.000000 -48.000000) (-1872.000000 -192.000000 -31.000000) (-1872.000000 -64.000000 -31.000000) 
5 344 346 (-1872.000000 0.000000 -48.000000) (-1688.000000 0.000000 -48.000000) (-1688.000000 -154.220124 -48.000000) (-1757.932177 -256.000000 -48.000000) (-1872.000000 -256.000000 -48.000000) 
4 344 345 (-1872.000000 -404.874022 -48.000000) (-1864.000000 -410.372000 -48.000000) (-1864.000000 -410.372000 -31.000000) (-1872.000000 -404.874022 -31.000000) 
4 346 347 (-1872.000000 -64.000000 -64.000000) (-1872.000000 -192.000000 -64.000000) (-1872.000000 -192.000000 -48.000000) (-1872.000000 -64.000000 -48.000000) 
4 347 349 (-1880.000000 -72.000000 -64.000000) (-1880.000000 -184.000000 -64.000000) (-1880.000000 -184.000000 56.000000) (-1880.000000 -72.000000 56.000000) 
4 348 350 (-1944.000000 -480.000000 448.000000) (-1944.000000 -480.000000 64.000000) (-1880.000000 -480.000000 64.000000) (-1880.000000 -480.000000 448.000000) 
4 352 354 (-2136.000000 0.000000 448.000000) (-1952.000000 0.000000 448.000000) (-1952.000000 -8.000000 448.000000) (-2136.000000 -8.000000 448.000000) 
4 352 353 (-1944.000000 0.000000 448.000000) (-1944.000000 -544.000000 448.000000) (-1952.000000 -544.000000 448.000000) (-1952.000000 0.000000 448.000000) 
4 353 354 (-1952.000000 0.000000 448.000000) (-1952.000000 0.000000 64.000000) (-1952.000000 -8.000000 64.000000) (-1952.000000 -8.000000 448.000000) 
