706
2143
4 0 4 (4368.000000 176.000000 -32.000000) (4368.000000 184.000000 -32.000000) (4368.000000 184.000000 -352.000000) (4368.000000 176.000000 -352.000000) 
4 0 1 (4368.000000 376.000000 -32.000000) (4368.000000 384.000000 -32.000000) (4368.000000 384.000000 -352.000000) (4368.000000 376.000000 -352.000000) 
4 1 5 (4112.000000 376.000000 -288.000000) (4112.000000 376.000000 -96.000000) (4112.000000 384.000000 -96.000000) (4112.000000 384.000000 -288.000000) 
4 4 8 (4112.000000 176.000000 -288.000000) (4112.000000 176.000000 -96.000000) (4112.000000 184.000000 -96.000000) (4112.000000 184.000000 -288.000000) 
4 10 83 (2248.000000 632.000000 -264.000000) (2248.000000 632.000000 88.000000) (2248.000000 640.000000 88.000000) (2248.000000 640.000000 -264.000000) 
4 11 81 (2248.000000 -72.000000 88.000000) (2248.000000 -72.000000 96.000000) (2248.000000 632.000000 96.000000) (2248.000000 632.000000 88.000000) 
4 12 60 (2888.000000 632.000000 -224.000000) (3000.000000 632.000000 -224.000000) (3000.000000 -72.000000 -224.000000) (2888.000000 -72.000000 -224.000000) 
4 12 27 (2888.000000 -72.000000 -224.000000) (2888.000000 -72.000000 -96.000000) (2888.000000 24.000000 -96.000000) (2888.000000 24.000000 -224.000000) 
4 12 22 (2888.000000 408.000000 -192.000000) (2888.000000 408.000000 -224.000000) (2888.000000 152.000000 -224.000000) (2888.000000 152.000000 -192.000000) 
4 12 18 (2888.000000 152.000000 -96.000000) (2888.000000 408.000000 -96.000000) (2888.000000 408.000000 -192.000000) (2888.000000 152.000000 -192.000000) 
4 12 14 (2888.000000 536.000000 -96.000000) (2888.000000 632.000000 -96.000000) (2888.000000 632.000000 -224.000000) (2888.000000 536.000000 -224.000000) 
4 12 13 (2888.000000 -72.000000 -96.000000) (2888.000000 -72.000000 88.000000) (2888.000000 632.000000 88.000000) (2888.000000 632.000000 -96.000000) 
4 13 57 (2728.000000 -8.000000 -96.000000) (2728.000000 -16.000000 -96.000000) (2728.000000 -16.000000 88.000000) (2728.000000 -8.000000 88.000000) 
4 13 59 (2728.000000 -16.000000 -96.000000) (2728.000000 -72.000000 -96.000000) (2728.000000 -72.000000 88.000000) (2728.000000 -16.000000 88.000000) 
4 13 35 (2728.000000 568.000000 -96.000000) (2728.000000 -8.000000 -96.000000) (2728.000000 -8.000000 88.000000) (2728.000000 568.000000 88.000000) 
4 13 28 (2728.000000 632.000000 88.000000) (2728.000000 632.000000 -96.000000) (2728.000000 568.000000 -96.000000) (2728.000000 568.000000 88.000000) 
4 13 26 (2760.000000 24.000000 -96.000000) (2728.000000 24.000000 -96.000000) (2728.000000 32.000000 -96.000000) (2760.000000 32.000000 -96.000000) 
4 13 25 (2880.000000 32.000000 -96.000000) (2728.000000 32.000000 -96.000000) (2728.000000 144.000000 -96.000000) (2880.000000 144.000000 -96.000000) 
4 13 27 (2888.000000 24.000000 -96.000000) (2888.000000 -72.000000 -96.000000) (2728.000000 -72.000000 -96.000000) (2728.000000 24.000000 -96.000000) 
4 13 24 (2760.000000 144.000000 -96.000000) (2728.000000 144.000000 -96.000000) (2728.000000 152.000000 -96.000000) (2760.000000 152.000000 -96.000000) 
4 13 19 (2760.000000 312.000000 -96.000000) (2760.000000 408.000000 -96.000000) (2762.000000 408.000000 -96.000000) (2762.000000 312.000000 -96.000000) 
4 13 21 (2762.000000 152.000000 -96.000000) (2760.000000 152.000000 -96.000000) (2760.000000 248.000000 -96.000000) (2762.000000 248.000000 -96.000000) 
4 13 18 (2888.000000 408.000000 -96.000000) (2888.000000 152.000000 -96.000000) (2762.000000 152.000000 -96.000000) (2762.000000 408.000000 -96.000000) 
4 13 23 (2760.000000 152.000000 -96.000000) (2728.000000 152.000000 -96.000000) (2728.000000 408.000000 -96.000000) (2760.000000 408.000000 -96.000000) 
4 13 17 (2760.000000 408.000000 -96.000000) (2728.000000 408.000000 -96.000000) (2728.000000 416.000000 -96.000000) (2760.000000 416.000000 -96.000000) 
4 13 16 (2728.000000 416.000000 -96.000000) (2728.000000 528.000000 -96.000000) (2880.000000 528.000000 -96.000000) (2880.000000 416.000000 -96.000000) 
4 13 15 (2760.000000 528.000000 -96.000000) (2728.000000 528.000000 -96.000000) (2728.000000 536.000000 -96.000000) (2760.000000 536.000000 -96.000000) 
4 13 14 (2728.000000 632.000000 -96.000000) (2888.000000 632.000000 -96.000000) (2888.000000 536.000000 -96.000000) (2728.000000 536.000000 -96.000000) 
3 14 68 (2728.000000 568.000000 -224.000000) (2728.000000 580.000000 -224.000000) (2744.000000 564.000000 -224.000000) 
4 14 67 (2728.000000 632.000000 -224.000000) (2736.000000 632.000000 -224.000000) (2756.000000 552.000000 -224.000000) (2728.000000 580.000000 -224.000000) 
3 14 66 (2736.000000 632.000000 -224.000000) (2760.000000 632.000000 -224.000000) (2760.000000 536.000000 -224.000000) 
4 14 61 (2760.000000 632.000000 -224.000000) (2888.000000 632.000000 -224.000000) (2888.000000 536.000000 -224.000000) (2760.000000 536.000000 -224.000000) 
4 14 35 (2728.000000 568.000000 -224.000000) (2728.000000 536.000000 -224.000000) (2728.000000 536.000000 -96.000000) (2728.000000 568.000000 -96.000000) 
4 14 33 (2728.000000 568.000000 -192.000000) (2728.000000 568.000000 -176.000000) (2728.000000 576.000000 -176.000000) (2728.000000 576.000000 -192.000000) 
4 14 32 (2728.000000 632.000000 -176.000000) (2728.000000 632.000000 -224.000000) (2728.000000 576.000000 -224.000000) (2728.000000 576.000000 -176.000000) 
4 14 30 (2728.000000 570.000000 -176.000000) (2728.000000 568.000000 -176.000000) (2728.000000 568.000000 -160.000000) (2728.000000 570.000000 -160.000000) 
4 14 29 (2728.000000 632.000000 -160.000000) (2728.000000 632.000000 -176.000000) (2728.000000 570.000000 -176.000000) (2728.000000 570.000000 -160.000000) 
4 14 28 (2728.000000 632.000000 -96.000000) (2728.000000 632.000000 -160.000000) (2728.000000 568.000000 -160.000000) (2728.000000 568.000000 -96.000000) 
4 14 15 (2728.000000 536.000000 -96.000000) (2728.000000 536.000000 -224.000000) (2760.000000 536.000000 -224.000000) (2760.000000 536.000000 -96.000000) 
4 15 35 (2728.000000 536.000000 -224.000000) (2728.000000 528.000000 -224.000000) (2728.000000 528.000000 -96.000000) (2728.000000 536.000000 -96.000000) 
4 15 16 (2728.000000 528.000000 -224.000000) (2760.000000 528.000000 -224.000000) (2760.000000 528.000000 -96.000000) (2728.000000 528.000000 -96.000000) 
4 16 35 (2728.000000 528.000000 -224.000000) (2728.000000 416.000000 -224.000000) (2728.000000 416.000000 -96.000000) (2728.000000 528.000000 -96.000000) 
4 16 17 (2728.000000 416.000000 -224.000000) (2760.000000 416.000000 -224.000000) (2760.000000 416.000000 -96.000000) (2728.000000 416.000000 -96.000000) 
4 17 35 (2728.000000 416.000000 -224.000000) (2728.000000 408.000000 -224.000000) (2728.000000 408.000000 -96.000000) (2728.000000 416.000000 -96.000000) 
4 17 23 (2728.000000 408.000000 -224.000000) (2760.000000 408.000000 -224.000000) (2760.000000 408.000000 -96.000000) (2728.000000 408.000000 -96.000000) 
4 18 22 (2768.000000 408.000000 -192.000000) (2888.000000 408.000000 -192.000000) (2888.000000 152.000000 -192.000000) (2768.000000 152.000000 -192.000000) 
4 18 19 (2762.000000 408.000000 -96.000000) (2762.000000 408.000000 -112.000000) (2762.000000 312.000000 -112.000000) (2762.000000 312.000000 -96.000000) 
4 18 20 (2762.000000 408.000000 -112.000000) (2762.000000 408.000000 -192.000000) (2762.000000 248.000000 -192.000000) (2762.000000 248.000000 -112.000000) 
4 18 21 (2762.000000 248.000000 -192.000000) (2762.000000 152.000000 -192.000000) (2762.000000 152.000000 -96.000000) (2762.000000 248.000000 -96.000000) 
4 19 20 (2760.000000 312.000000 -112.000000) (2760.000000 408.000000 -112.000000) (2762.000000 408.000000 -112.000000) (2762.000000 312.000000 -112.000000) 
4 19 23 (2760.000000 408.000000 -96.000000) (2760.000000 408.000000 -112.000000) (2760.000000 312.000000 -112.000000) (2760.000000 312.000000 -96.000000) 
4 20 21 (2760.000000 248.000000 -192.000000) (2762.000000 248.000000 -192.000000) (2762.000000 248.000000 -112.000000) (2760.000000 248.000000 -112.000000) 
4 20 23 (2760.000000 408.000000 -112.000000) (2760.000000 408.000000 -192.000000) (2760.000000 248.000000 -192.000000) (2760.000000 248.000000 -112.000000) 
4 21 23 (2760.000000 248.000000 -192.000000) (2760.000000 152.000000 -192.000000) (2760.000000 152.000000 -96.000000) (2760.000000 248.000000 -96.000000) 
4 22 62 (2888.000000 408.000000 -224.000000) (2888.000000 152.000000 -224.000000) (2768.000000 152.000000 -224.000000) (2768.000000 408.000000 -224.000000) 
4 23 35 (2728.000000 408.000000 -224.000000) (2728.000000 152.000000 -224.000000) (2728.000000 152.000000 -96.000000) (2728.000000 408.000000 -96.000000) 
4 23 24 (2728.000000 152.000000 -96.000000) (2728.000000 152.000000 -224.000000) (2760.000000 152.000000 -224.000000) (2760.000000 152.000000 -96.000000) 
4 24 35 (2728.000000 152.000000 -224.000000) (2728.000000 144.000000 -224.000000) (2728.000000 144.000000 -96.000000) (2728.000000 152.000000 -96.000000) 
4 24 25 (2728.000000 144.000000 -224.000000) (2760.000000 144.000000 -224.000000) (2760.000000 144.000000 -96.000000) (2728.000000 144.000000 -96.000000) 
4 25 35 (2728.000000 144.000000 -224.000000) (2728.000000 32.000000 -224.000000) (2728.000000 32.000000 -96.000000) (2728.000000 144.000000 -96.000000) 
4 25 26 (2728.000000 32.000000 -224.000000) (2760.000000 32.000000 -224.000000) (2760.000000 32.000000 -96.000000) (2728.000000 32.000000 -96.000000) 
4 26 35 (2728.000000 32.000000 -224.000000) (2728.000000 24.000000 -224.000000) (2728.000000 24.000000 -96.000000) (2728.000000 32.000000 -96.000000) 
4 26 27 (2728.000000 24.000000 -96.000000) (2728.000000 24.000000 -224.000000) (2760.000000 24.000000 -224.000000) (2760.000000 24.000000 -96.000000) 
3 27 75 (2728.000000 -8.000000 -224.000000) (2744.000000 -4.000000 -224.000000) (2740.000000 -8.000000 -224.000000) 
3 27 65 (2756.000000 8.000000 -224.000000) (2752.000000 -8.000000 -224.000000) (2740.000000 -8.000000 -224.000000) 
4 27 76 (2736.000000 -72.000000 -224.000000) (2728.000000 -72.000000 -224.000000) (2728.000000 -8.000000 -224.000000) (2752.000000 -8.000000 -224.000000) 
3 27 64 (2760.000000 -72.000000 -224.000000) (2736.000000 -72.000000 -224.000000) (2760.000000 24.000000 -224.000000) 
4 27 63 (2888.000000 24.000000 -224.000000) (2888.000000 -72.000000 -224.000000) (2760.000000 -72.000000 -224.000000) (2760.000000 24.000000 -224.000000) 
4 27 57 (2728.000000 -16.000000 -192.000000) (2728.000000 -16.000000 -96.000000) (2728.000000 -8.000000 -96.000000) (2728.000000 -8.000000 -192.000000) 
4 27 59 (2728.000000 -16.000000 -224.000000) (2728.000000 -72.000000 -224.000000) (2728.000000 -72.000000 -96.000000) (2728.000000 -16.000000 -96.000000) 
4 27 35 (2728.000000 24.000000 -224.000000) (2728.000000 -8.000000 -224.000000) (2728.000000 -8.000000 -96.000000) (2728.000000 24.000000 -96.000000) 
4 28 37 (2504.000000 568.000000 88.000000) (2504.000000 568.000000 -160.000000) (2536.000000 568.000000 -160.000000) (2536.000000 568.000000 88.000000) 
4 28 36 (2536.000000 568.000000 -160.000000) (2568.000000 568.000000 -160.000000) (2568.000000 568.000000 88.000000) (2536.000000 568.000000 88.000000) 
4 28 35 (2568.000000 568.000000 -160.000000) (2728.000000 568.000000 -160.000000) (2728.000000 568.000000 88.000000) (2568.000000 568.000000 88.000000) 
4 28 30 (2728.000000 568.000000 -160.000000) (2688.000000 568.000000 -160.000000) (2688.000000 570.000000 -160.000000) (2728.000000 570.000000 -160.000000) 
4 28 31 (2624.000000 568.000000 -160.000000) (2504.000000 568.000000 -160.000000) (2504.000000 570.000000 -160.000000) (2624.000000 570.000000 -160.000000) 
4 28 29 (2504.000000 570.000000 -160.000000) (2504.000000 632.000000 -160.000000) (2728.000000 632.000000 -160.000000) (2728.000000 570.000000 -160.000000) 
4 28 77 (2504.000000 568.000000 88.000000) (2504.000000 632.000000 88.000000) (2504.000000 632.000000 -160.000000) (2504.000000 568.000000 -160.000000) 
4 29 33 (2504.000000 570.000000 -176.000000) (2504.000000 576.000000 -176.000000) (2728.000000 576.000000 -176.000000) (2728.000000 570.000000 -176.000000) 
4 29 32 (2504.000000 576.000000 -176.000000) (2504.000000 632.000000 -176.000000) (2728.000000 632.000000 -176.000000) (2728.000000 576.000000 -176.000000) 
4 29 30 (2688.000000 570.000000 -176.000000) (2728.000000 570.000000 -176.000000) (2728.000000 570.000000 -160.000000) (2688.000000 570.000000 -160.000000) 
4 29 31 (2504.000000 570.000000 -160.000000) (2504.000000 570.000000 -176.000000) (2624.000000 570.000000 -176.000000) (2624.000000 570.000000 -160.000000) 
4 29 77 (2504.000000 632.000000 -160.000000) (2504.000000 632.000000 -176.000000) (2504.000000 570.000000 -176.000000) (2504.000000 570.000000 -160.000000) 
4 30 35 (2688.000000 568.000000 -176.000000) (2728.000000 568.000000 -176.000000) (2728.000000 568.000000 -160.000000) (2688.000000 568.000000 -160.000000) 
4 30 33 (2688.000000 570.000000 -176.000000) (2728.000000 570.000000 -176.000000) (2728.000000 568.000000 -176.000000) (2688.000000 568.000000 -176.000000) 
4 31 37 (2504.000000 568.000000 -160.000000) (2504.000000 568.000000 -176.000000) (2536.000000 568.000000 -176.000000) (2536.000000 568.000000 -160.000000) 
4 31 36 (2536.000000 568.000000 -176.000000) (2568.000000 568.000000 -176.000000) (2568.000000 568.000000 -160.000000) (2536.000000 568.000000 -160.000000) 
4 31 35 (2568.000000 568.000000 -176.000000) (2624.000000 568.000000 -176.000000) (2624.000000 568.000000 -160.000000) (2568.000000 568.000000 -160.000000) 
4 31 33 (2504.000000 568.000000 -176.000000) (2504.000000 570.000000 -176.000000) (2624.000000 570.000000 -176.000000) (2624.000000 568.000000 -176.000000) 
4 31 77 (2504.000000 570.000000 -176.000000) (2504.000000 568.000000 -176.000000) (2504.000000 568.000000 -160.000000) (2504.000000 570.000000 -160.000000) 
3 32 69 (2696.000000 576.000000 -224.000000) (2544.000000 576.000000 -224.000000) (2544.000000 614.000000 -224.000000) 
4 32 70 (2544.000000 576.000000 -224.000000) (2504.000000 576.000000 -224.000000) (2504.000000 624.000000 -224.000000) (2544.000000 614.000000 -224.000000) 
6 32 68 (2504.000000 632.000000 -224.000000) (2676.000000 632.000000 -224.000000) (2728.000000 580.000000 -224.000000) (2728.000000 576.000000 -224.000000) (2696.000000 576.000000 -224.000000) (2504.000000 624.000000 -224.000000) 
3 32 67 (2676.000000 632.000000 -224.000000) (2728.000000 632.000000 -224.000000) (2728.000000 580.000000 -224.000000) 
4 32 34 (2536.000000 576.000000 -192.000000) (2504.000000 576.000000 -192.000000) (2504.000000 576.000000 -224.000000) (2536.000000 576.000000 -224.000000) 
4 32 33 (2728.000000 576.000000 -192.000000) (2728.000000 576.000000 -176.000000) (2504.000000 576.000000 -176.000000) (2504.000000 576.000000 -192.000000) 
4 32 77 (2504.000000 632.000000 -176.000000) (2504.000000 632.000000 -224.000000) (2504.000000 576.000000 -224.000000) (2504.000000 576.000000 -176.000000) 
4 33 37 (2504.000000 568.000000 -176.000000) (2504.000000 568.000000 -192.000000) (2536.000000 568.000000 -192.000000) (2536.000000 568.000000 -176.000000) 
4 33 36 (2536.000000 568.000000 -192.000000) (2568.000000 568.000000 -192.000000) (2568.000000 568.000000 -176.000000) (2536.000000 568.000000 -176.000000) 
4 33 35 (2568.000000 568.000000 -192.000000) (2728.000000 568.000000 -192.000000) (2728.000000 568.000000 -176.000000) (2568.000000 568.000000 -176.000000) 
4 33 34 (2504.000000 568.000000 -192.000000) (2504.000000 576.000000 -192.000000) (2536.000000 576.000000 -192.000000) (2536.000000 568.000000 -192.000000) 
4 33 77 (2504.000000 568.000000 -192.000000) (2504.000000 568.000000 -176.000000) (2504.000000 576.000000 -176.000000) (2504.000000 576.000000 -192.000000) 
4 34 70 (2536.000000 568.000000 -224.000000) (2504.000000 568.000000 -224.000000) (2504.000000 576.000000 -224.000000) (2536.000000 576.000000 -224.000000) 
4 34 37 (2504.000000 568.000000 -192.000000) (2504.000000 568.000000 -224.000000) (2536.000000 568.000000 -224.000000) (2536.000000 568.000000 -192.000000) 
4 34 77 (2504.000000 576.000000 -224.000000) (2504.000000 568.000000 -224.000000) (2504.000000 568.000000 -192.000000) (2504.000000 576.000000 -192.000000) 
4 35 57 (2728.000000 -8.000000 -192.000000) (2728.000000 -8.000000 88.000000) (2568.000000 -8.000000 88.000000) (2568.000000 -8.000000 -192.000000) 
4 35 53 (2568.000000 160.000000 -224.000000) (2568.000000 -8.000000 -224.000000) (2568.000000 -8.000000 88.000000) (2568.000000 160.000000 88.000000) 
4 35 51 (2568.000000 344.000000 -224.000000) (2568.000000 160.000000 -224.000000) (2568.000000 160.000000 -192.000000) (2568.000000 344.000000 -192.000000) 
4 35 48 (2568.000000 216.000000 -120.000000) (2568.000000 208.000000 -120.000000) (2568.000000 208.000000 -112.000000) (2568.000000 216.000000 -112.000000) 
4 35 47 (2568.000000 344.000000 -80.000000) (2568.000000 344.000000 -112.000000) (2568.000000 216.000000 -112.000000) (2568.000000 216.000000 -80.000000) 
4 35 46 (2568.000000 208.000000 88.000000) (2568.000000 344.000000 88.000000) (2568.000000 344.000000 -80.000000) (2568.000000 208.000000 -80.000000) 
4 35 49 (2568.000000 344.000000 -120.000000) (2568.000000 344.000000 -192.000000) (2568.000000 208.000000 -192.000000) (2568.000000 208.000000 -120.000000) 
4 35 50 (2568.000000 160.000000 -192.000000) (2568.000000 160.000000 88.000000) (2568.000000 208.000000 88.000000) (2568.000000 208.000000 -192.000000) 
4 35 44 (2568.000000 400.000000 -224.000000) (2568.000000 344.000000 -224.000000) (2568.000000 344.000000 -192.000000) (2568.000000 400.000000 -192.000000) 
4 35 43 (2568.000000 408.000000 -224.000000) (2568.000000 400.000000 -224.000000) (2568.000000 400.000000 -192.000000) (2568.000000 408.000000 -192.000000) 
4 35 41 (2568.000000 344.000000 -80.000000) (2568.000000 344.000000 88.000000) (2568.000000 352.000000 88.000000) (2568.000000 352.000000 -80.000000) 
4 35 40 (2568.000000 352.000000 88.000000) (2568.000000 408.000000 88.000000) (2568.000000 408.000000 -112.000000) (2568.000000 352.000000 -112.000000) 
4 35 42 (2568.000000 344.000000 -192.000000) (2568.000000 344.000000 -112.000000) (2568.000000 408.000000 -112.000000) (2568.000000 408.000000 -192.000000) 
4 35 36 (2568.000000 568.000000 -224.000000) (2568.000000 408.000000 -224.000000) (2568.000000 408.000000 88.000000) (2568.000000 568.000000 88.000000) 
4 36 70 (2536.000000 568.000000 -224.000000) (2544.000000 568.000000 -224.000000) (2544.000000 536.000000 -224.000000) (2536.000000 536.000000 -224.000000) 
4 36 43 (2536.000000 408.000000 -224.000000) (2568.000000 408.000000 -224.000000) (2568.000000 408.000000 -192.000000) (2536.000000 408.000000 -192.000000) 
4 36 40 (2568.000000 408.000000 -112.000000) (2568.000000 408.000000 88.000000) (2536.000000 408.000000 88.000000) (2536.000000 408.000000 -112.000000) 
4 36 42 (2568.000000 408.000000 -192.000000) (2568.000000 408.000000 -112.000000) (2536.000000 408.000000 -112.000000) (2536.000000 408.000000 -192.000000) 
4 36 39 (2536.000000 536.000000 -224.000000) (2536.000000 408.000000 -224.000000) (2536.000000 408.000000 -192.000000) (2536.000000 536.000000 -192.000000) 
4 36 38 (2536.000000 408.000000 -192.000000) (2536.000000 408.000000 88.000000) (2536.000000 544.000000 88.000000) (2536.000000 544.000000 -192.000000) 
4 36 37 (2536.000000 568.000000 88.000000) (2536.000000 568.000000 -224.000000) (2536.000000 544.000000 -224.000000) (2536.000000 544.000000 88.000000) 
4 37 70 (2504.000000 544.000000 -224.000000) (2504.000000 568.000000 -224.000000) (2536.000000 568.000000 -224.000000) (2536.000000 544.000000 -224.000000) 
4 37 38 (2504.000000 544.000000 88.000000) (2504.000000 544.000000 -192.000000) (2536.000000 544.000000 -192.000000) (2536.000000 544.000000 88.000000) 
4 37 77 (2504.000000 544.000000 88.000000) (2504.000000 568.000000 88.000000) (2504.000000 568.000000 -224.000000) (2504.000000 544.000000 -224.000000) 
4 38 40 (2504.000000 408.000000 88.000000) (2504.000000 408.000000 -112.000000) (2536.000000 408.000000 -112.000000) (2536.000000 408.000000 88.000000) 
4 38 42 (2504.000000 408.000000 -112.000000) (2504.000000 408.000000 -192.000000) (2536.000000 408.000000 -192.000000) (2536.000000 408.000000 -112.000000) 
4 38 39 (2504.000000 408.000000 -192.000000) (2504.000000 536.000000 -192.000000) (2536.000000 536.000000 -192.000000) (2536.000000 408.000000 -192.000000) 
4 38 77 (2504.000000 408.000000 88.000000) (2504.000000 544.000000 88.000000) (2504.000000 544.000000 -192.000000) (2504.000000 408.000000 -192.000000) 
4 39 77 (2504.000000 536.000000 -224.000000) (2504.000000 408.000000 -224.000000) (2504.000000 408.000000 -192.000000) (2504.000000 536.000000 -192.000000) 
4 40 41 (2568.000000 352.000000 -80.000000) (2568.000000 352.000000 88.000000) (2504.000000 352.000000 88.000000) (2504.000000 352.000000 -80.000000) 
4 40 42 (2504.000000 352.000000 -112.000000) (2504.000000 408.000000 -112.000000) (2568.000000 408.000000 -112.000000) (2568.000000 352.000000 -112.000000) 
4 40 77 (2504.000000 352.000000 88.000000) (2504.000000 408.000000 88.000000) (2504.000000 408.000000 -112.000000) (2504.000000 352.000000 -112.000000) 
4 41 46 (2568.000000 344.000000 -80.000000) (2568.000000 344.000000 88.000000) (2504.000000 344.000000 88.000000) (2504.000000 344.000000 -80.000000) 
4 41 77 (2504.000000 344.000000 88.000000) (2504.000000 352.000000 88.000000) (2504.000000 352.000000 -80.000000) (2504.000000 344.000000 -80.000000) 
4 42 49 (2568.000000 344.000000 -192.000000) (2568.000000 344.000000 -120.000000) (2504.000000 344.000000 -120.000000) (2504.000000 344.000000 -192.000000) 
4 42 45 (2504.000000 352.000000 -192.000000) (2504.000000 400.000000 -192.000000) (2512.000000 400.000000 -192.000000) (2512.000000 352.000000 -192.000000) 
4 42 44 (2568.000000 344.000000 -192.000000) (2512.000000 344.000000 -192.000000) (2512.000000 400.000000 -192.000000) (2568.000000 400.000000 -192.000000) 
4 42 43 (2536.000000 408.000000 -192.000000) (2568.000000 408.000000 -192.000000) (2568.000000 400.000000 -192.000000) (2536.000000 400.000000 -192.000000) 
4 42 77 (2504.000000 408.000000 -112.000000) (2504.000000 408.000000 -192.000000) (2504.000000 344.000000 -192.000000) (2504.000000 344.000000 -112.000000) 
4 43 71 (2536.000000 408.000000 -224.000000) (2568.000000 408.000000 -224.000000) (2568.000000 400.000000 -224.000000) (2536.000000 400.000000 -224.000000) 
4 43 44 (2568.000000 400.000000 -224.000000) (2568.000000 400.000000 -192.000000) (2536.000000 400.000000 -192.000000) (2536.000000 400.000000 -224.000000) 
4 44 71 (2512.000000 400.000000 -224.000000) (2568.000000 400.000000 -224.000000) (2568.000000 352.000000 -224.000000) (2512.000000 352.000000 -224.000000) 
4 44 51 (2512.000000 344.000000 -224.000000) (2568.000000 344.000000 -224.000000) (2568.000000 344.000000 -192.000000) (2512.000000 344.000000 -192.000000) 
4 44 45 (2512.000000 400.000000 -192.000000) (2512.000000 400.000000 -224.000000) (2512.000000 352.000000 -224.000000) (2512.000000 352.000000 -192.000000) 
4 45 71 (2504.000000 352.000000 -224.000000) (2504.000000 400.000000 -224.000000) (2512.000000 400.000000 -224.000000) (2512.000000 352.000000 -224.000000) 
4 45 77 (2504.000000 400.000000 -224.000000) (2504.000000 352.000000 -224.000000) (2504.000000 352.000000 -192.000000) (2504.000000 400.000000 -192.000000) 
4 46 47 (2504.000000 216.000000 -80.000000) (2504.000000 344.000000 -80.000000) (2568.000000 344.000000 -80.000000) (2568.000000 216.000000 -80.000000) 
4 46 50 (2504.000000 208.000000 88.000000) (2504.000000 208.000000 -80.000000) (2568.000000 208.000000 -80.000000) (2568.000000 208.000000 88.000000) 
4 46 77 (2504.000000 208.000000 88.000000) (2504.000000 344.000000 88.000000) (2504.000000 344.000000 -80.000000) (2504.000000 208.000000 -80.000000) 
4 47 77 (2504.000000 344.000000 -80.000000) (2504.000000 344.000000 -112.000000) (2504.000000 216.000000 -112.000000) (2504.000000 216.000000 -80.000000) 
4 48 50 (2504.000000 208.000000 -112.000000) (2504.000000 208.000000 -120.000000) (2568.000000 208.000000 -120.000000) (2568.000000 208.000000 -112.000000) 
4 48 77 (2504.000000 216.000000 -120.000000) (2504.000000 208.000000 -120.000000) (2504.000000 208.000000 -112.000000) (2504.000000 216.000000 -112.000000) 
4 48 49 (2504.000000 208.000000 -120.000000) (2504.000000 216.000000 -120.000000) (2568.000000 216.000000 -120.000000) (2568.000000 208.000000 -120.000000) 
4 49 51 (2512.000000 344.000000 -192.000000) (2568.000000 344.000000 -192.000000) (2568.000000 208.000000 -192.000000) (2512.000000 208.000000 -192.000000) 
4 49 50 (2504.000000 208.000000 -120.000000) (2504.000000 208.000000 -192.000000) (2568.000000 208.000000 -192.000000) (2568.000000 208.000000 -120.000000) 
4 49 77 (2504.000000 344.000000 -120.000000) (2504.000000 344.000000 -192.000000) (2504.000000 208.000000 -192.000000) (2504.000000 208.000000 -120.000000) 
4 50 54 (2504.000000 160.000000 88.000000) (2504.000000 160.000000 -192.000000) (2536.000000 160.000000 -192.000000) (2536.000000 160.000000 88.000000) 
4 50 53 (2536.000000 160.000000 -192.000000) (2568.000000 160.000000 -192.000000) (2568.000000 160.000000 88.000000) (2536.000000 160.000000 88.000000) 
4 50 52 (2504.000000 160.000000 -192.000000) (2504.000000 208.000000 -192.000000) (2512.000000 208.000000 -192.000000) (2512.000000 160.000000 -192.000000) 
4 50 51 (2512.000000 208.000000 -192.000000) (2568.000000 208.000000 -192.000000) (2568.000000 160.000000 -192.000000) (2512.000000 160.000000 -192.000000) 
4 50 77 (2504.000000 160.000000 88.000000) (2504.000000 208.000000 88.000000) (2504.000000 208.000000 -192.000000) (2504.000000 160.000000 -192.000000) 
4 51 73 (2568.000000 208.000000 -224.000000) (2568.000000 160.000000 -224.000000) (2512.000000 160.000000 -224.000000) (2512.000000 208.000000 -224.000000) 
4 51 53 (2536.000000 160.000000 -224.000000) (2568.000000 160.000000 -224.000000) (2568.000000 160.000000 -192.000000) (2536.000000 160.000000 -192.000000) 
4 51 52 (2512.000000 160.000000 -224.000000) (2512.000000 160.000000 -192.000000) (2512.000000 208.000000 -192.000000) (2512.000000 208.000000 -224.000000) 
4 52 73 (2504.000000 160.000000 -224.000000) (2504.000000 208.000000 -224.000000) (2512.000000 208.000000 -224.000000) (2512.000000 160.000000 -224.000000) 
4 52 77 (2504.000000 208.000000 -224.000000) (2504.000000 160.000000 -224.000000) (2504.000000 160.000000 -192.000000) (2504.000000 208.000000 -192.000000) 
4 53 74 (2544.000000 -8.000000 -224.000000) (2536.000000 -8.000000 -224.000000) (2536.000000 24.000000 -224.000000) (2544.000000 24.000000 -224.000000) 
4 53 73 (2536.000000 152.000000 -224.000000) (2536.000000 160.000000 -224.000000) (2568.000000 160.000000 -224.000000) (2568.000000 152.000000 -224.000000) 
4 53 57 (2568.000000 -8.000000 -192.000000) (2568.000000 -8.000000 88.000000) (2536.000000 -8.000000 88.000000) (2536.000000 -8.000000 -192.000000) 
4 53 56 (2536.000000 16.000000 -224.000000) (2536.000000 -8.000000 -224.000000) (2536.000000 -8.000000 -192.000000) (2536.000000 16.000000 -192.000000) 
4 53 55 (2536.000000 152.000000 -224.000000) (2536.000000 24.000000 -224.000000) (2536.000000 24.000000 -192.000000) (2536.000000 152.000000 -192.000000) 
4 53 54 (2536.000000 160.000000 88.000000) (2536.000000 160.000000 -192.000000) (2536.000000 -8.000000 -192.000000) (2536.000000 -8.000000 88.000000) 
4 54 57 (2536.000000 -8.000000 -192.000000) (2536.000000 -8.000000 88.000000) (2504.000000 -8.000000 88.000000) (2504.000000 -8.000000 -192.000000) 
4 54 56 (2536.000000 -8.000000 -192.000000) (2504.000000 -8.000000 -192.000000) (2504.000000 16.000000 -192.000000) (2536.000000 16.000000 -192.000000) 
4 54 55 (2504.000000 24.000000 -192.000000) (2504.000000 152.000000 -192.000000) (2536.000000 152.000000 -192.000000) (2536.000000 24.000000 -192.000000) 
4 54 77 (2504.000000 -8.000000 88.000000) (2504.000000 160.000000 88.000000) (2504.000000 160.000000 -192.000000) (2504.000000 -8.000000 -192.000000) 
4 55 77 (2504.000000 152.000000 -224.000000) (2504.000000 24.000000 -224.000000) (2504.000000 24.000000 -192.000000) (2504.000000 152.000000 -192.000000) 
4 56 74 (2536.000000 -8.000000 -224.000000) (2504.000000 -8.000000 -224.000000) (2504.000000 16.000000 -224.000000) (2536.000000 16.000000 -224.000000) 
4 56 58 (2504.000000 -8.000000 -224.000000) (2536.000000 -8.000000 -224.000000) (2536.000000 -8.000000 -192.000000) (2504.000000 -8.000000 -192.000000) 
4 56 77 (2504.000000 16.000000 -224.000000) (2504.000000 -8.000000 -224.000000) (2504.000000 -8.000000 -192.000000) (2504.000000 16.000000 -192.000000) 
4 57 58 (2504.000000 -16.000000 -192.000000) (2504.000000 -8.000000 -192.000000) (2536.000000 -8.000000 -192.000000) (2536.000000 -16.000000 -192.000000) 
4 57 59 (2504.000000 -16.000000 88.000000) (2504.000000 -16.000000 -192.000000) (2728.000000 -16.000000 -192.000000) (2728.000000 -16.000000 88.000000) 
4 57 77 (2504.000000 -16.000000 88.000000) (2504.000000 -8.000000 88.000000) (2504.000000 -8.000000 -192.000000) (2504.000000 -16.000000 -192.000000) 
4 58 76 (2536.000000 -16.000000 -224.000000) (2504.000000 -16.000000 -224.000000) (2504.000000 -8.000000 -224.000000) (2536.000000 -8.000000 -224.000000) 
4 58 77 (2504.000000 -8.000000 -192.000000) (2504.000000 -8.000000 -224.000000) (2504.000000 -16.000000 -224.000000) (2504.000000 -16.000000 -192.000000) 
4 58 59 (2504.000000 -16.000000 -192.000000) (2504.000000 -16.000000 -224.000000) (2536.000000 -16.000000 -224.000000) (2536.000000 -16.000000 -192.000000) 
4 59 76 (2728.000000 -16.000000 -224.000000) (2728.000000 -72.000000 -224.000000) (2504.000000 -72.000000 -224.000000) (2504.000000 -16.000000 -224.000000) 
4 59 77 (2504.000000 -72.000000 -224.000000) (2504.000000 -72.000000 88.000000) (2504.000000 -16.000000 88.000000) (2504.000000 -16.000000 -224.000000) 
4 60 78 (3000.000000 -72.000000 -232.000000) (2888.000000 -72.000000 -232.000000) (2888.000000 632.000000 -232.000000) (3000.000000 632.000000 -232.000000) 
4 60 62 (2888.000000 408.000000 -232.000000) (2888.000000 152.000000 -232.000000) (2888.000000 152.000000 -224.000000) (2888.000000 408.000000 -224.000000) 
4 60 63 (2888.000000 24.000000 -232.000000) (2888.000000 -72.000000 -232.000000) (2888.000000 -72.000000 -224.000000) (2888.000000 24.000000 -224.000000) 
4 60 61 (2888.000000 632.000000 -224.000000) (2888.000000 632.000000 -232.000000) (2888.000000 536.000000 -232.000000) (2888.000000 536.000000 -224.000000) 
4 61 78 (2760.000000 536.000000 -232.000000) (2760.000000 632.000000 -232.000000) (2888.000000 632.000000 -232.000000) (2888.000000 536.000000 -232.000000) 
4 61 66 (2760.000000 632.000000 -232.000000) (2760.000000 536.000000 -232.000000) (2760.000000 536.000000 -224.000000) (2760.000000 632.000000 -224.000000) 
4 62 78 (2760.000000 152.000000 -232.000000) (2760.000000 408.000000 -232.000000) (2888.000000 408.000000 -232.000000) (2888.000000 152.000000 -232.000000) 
4 63 78 (2888.000000 -72.000000 -232.000000) (2760.000000 -72.000000 -232.000000) (2760.000000 24.000000 -232.000000) (2888.000000 24.000000 -232.000000) 
4 63 64 (2760.000000 24.000000 -232.000000) (2760.000000 -72.000000 -232.000000) (2760.000000 -72.000000 -224.000000) (2760.000000 24.000000 -224.000000) 
3 64 78 (2760.000000 -72.000000 -232.000000) (2736.000000 -72.000000 -232.000000) (2760.000000 24.000000 -232.000000) 
4 64 65 (2756.000000 8.000000 -232.000000) (2752.000000 -8.000000 -232.000000) (2752.000000 -8.000000 -224.000000) (2756.000000 8.000000 -224.000000) 
4 64 76 (2752.000000 -8.000000 -232.000000) (2736.000000 -72.000000 -232.000000) (2736.000000 -72.000000 -224.000000) (2752.000000 -8.000000 -224.000000) 
3 65 78 (2756.000000 8.000000 -232.000000) (2752.000000 -8.000000 -232.000000) (2740.000000 -8.000000 -232.000000) 
4 65 75 (2744.000000 -4.000000 -232.000000) (2740.000000 -8.000000 -232.000000) (2740.000000 -8.000000 -224.000000) (2744.000000 -4.000000 -224.000000) 
4 65 76 (2752.000000 -8.000000 -224.000000) (2740.000000 -8.000000 -224.000000) (2740.000000 -8.000000 -232.000000) (2752.000000 -8.000000 -232.000000) 
3 66 78 (2736.000000 632.000000 -232.000000) (2760.000000 632.000000 -232.000000) (2760.000000 536.000000 -232.000000) 
4 66 67 (2736.000000 632.000000 -224.000000) (2736.000000 632.000000 -232.000000) (2756.000000 552.000000 -232.000000) (2756.000000 552.000000 -224.000000) 
3 67 78 (2676.000000 632.000000 -232.000000) (2736.000000 632.000000 -232.000000) (2756.000000 552.000000 -232.000000) 
4 67 68 (2676.000000 632.000000 -224.000000) (2676.000000 632.000000 -232.000000) (2744.000000 564.000000 -232.000000) (2744.000000 564.000000 -224.000000) 
4 68 78 (2504.000000 624.000000 -232.000000) (2504.000000 632.000000 -232.000000) (2676.000000 632.000000 -232.000000) (2744.000000 564.000000 -232.000000) 
4 68 69 (2544.000000 614.000000 -232.000000) (2728.000000 568.000000 -232.000000) (2728.000000 568.000000 -224.000000) (2544.000000 614.000000 -224.000000) 
4 68 70 (2504.000000 624.000000 -224.000000) (2504.000000 624.000000 -232.000000) (2544.000000 614.000000 -232.000000) (2544.000000 614.000000 -224.000000) 
4 68 77 (2504.000000 632.000000 -232.000000) (2504.000000 624.000000 -232.000000) (2504.000000 624.000000 -224.000000) (2504.000000 632.000000 -224.000000) 
3 69 78 (2544.000000 614.000000 -232.000000) (2728.000000 568.000000 -232.000000) (2544.000000 568.000000 -232.000000) 
4 69 70 (2544.000000 614.000000 -224.000000) (2544.000000 614.000000 -232.000000) (2544.000000 568.000000 -232.000000) (2544.000000 568.000000 -224.000000) 
4 70 78 (2504.000000 536.000000 -232.000000) (2504.000000 624.000000 -232.000000) (2544.000000 614.000000 -232.000000) (2544.000000 536.000000 -232.000000) 
4 70 77 (2504.000000 624.000000 -232.000000) (2504.000000 536.000000 -232.000000) (2504.000000 536.000000 -224.000000) (2504.000000 624.000000 -224.000000) 
4 71 78 (2504.000000 352.000000 -232.000000) (2504.000000 408.000000 -232.000000) (2568.000000 408.000000 -232.000000) (2568.000000 352.000000 -232.000000) 
4 71 72 (2512.000000 352.000000 -224.000000) (2504.000000 352.000000 -224.000000) (2504.000000 352.000000 -232.000000) (2512.000000 352.000000 -232.000000) 
4 71 77 (2504.000000 408.000000 -232.000000) (2504.000000 352.000000 -232.000000) (2504.000000 352.000000 -224.000000) (2504.000000 408.000000 -224.000000) 
4 72 78 (2504.000000 208.000000 -232.000000) (2504.000000 352.000000 -232.000000) (2512.000000 352.000000 -232.000000) (2512.000000 208.000000 -232.000000) 
4 72 73 (2512.000000 208.000000 -224.000000) (2504.000000 208.000000 -224.000000) (2504.000000 208.000000 -232.000000) (2512.000000 208.000000 -232.000000) 
4 72 77 (2504.000000 352.000000 -232.000000) (2504.000000 208.000000 -232.000000) (2504.000000 208.000000 -224.000000) (2504.000000 352.000000 -224.000000) 
4 73 78 (2504.000000 152.000000 -232.000000) (2504.000000 208.000000 -232.000000) (2568.000000 208.000000 -232.000000) (2568.000000 152.000000 -232.000000) 
4 73 77 (2504.000000 208.000000 -232.000000) (2504.000000 152.000000 -232.000000) (2504.000000 152.000000 -224.000000) (2504.000000 208.000000 -224.000000) 
4 74 78 (2504.000000 -8.000000 -232.000000) (2504.000000 24.000000 -232.000000) (2544.000000 24.000000 -232.000000) (2544.000000 -8.000000 -232.000000) 
4 74 77 (2504.000000 24.000000 -232.000000) (2504.000000 -8.000000 -232.000000) (2504.000000 -8.000000 -224.000000) (2504.000000 24.000000 -224.000000) 
4 74 76 (2544.000000 -8.000000 -224.000000) (2504.000000 -8.000000 -224.000000) (2504.000000 -8.000000 -232.000000) (2544.000000 -8.000000 -232.000000) 
3 75 78 (2744.000000 -4.000000 -232.000000) (2740.000000 -8.000000 -232.000000) (2728.000000 -8.000000 -232.000000) 
4 75 76 (2740.000000 -8.000000 -224.000000) (2728.000000 -8.000000 -224.000000) (2728.000000 -8.000000 -232.000000) (2740.000000 -8.000000 -232.000000) 
4 76 78 (2736.000000 -72.000000 -232.000000) (2504.000000 -72.000000 -232.000000) (2504.000000 -8.000000 -232.000000) (2752.000000 -8.000000 -232.000000) 
4 76 77 (2504.000000 -8.000000 -232.000000) (2504.000000 -72.000000 -232.000000) (2504.000000 -72.000000 -224.000000) (2504.000000 -8.000000 -224.000000) 
4 77 129 (2248.000000 -8.000000 -168.000000) (2248.000000 24.000000 -168.000000) (2248.000000 24.000000 -176.000000) (2248.000000 -8.000000 -176.000000) 
4 77 128 (2248.000000 152.000000 -168.000000) (2248.000000 216.000000 -168.000000) (2248.000000 216.000000 -176.000000) (2248.000000 152.000000 -176.000000) 
4 77 127 (2248.000000 344.000000 -168.000000) (2248.000000 408.000000 -168.000000) (2248.000000 408.000000 -176.000000) (2248.000000 344.000000 -176.000000) 
4 77 124 (2248.000000 536.000000 -168.000000) (2248.000000 568.000000 -168.000000) (2248.000000 568.000000 -176.000000) (2248.000000 536.000000 -176.000000) 
4 77 123 (2248.000000 568.000000 -168.000000) (2248.000000 624.000000 -168.000000) (2248.000000 624.000000 -176.000000) (2248.000000 568.000000 -176.000000) 
4 77 122 (2248.000000 624.000000 -168.000000) (2248.000000 632.000000 -168.000000) (2248.000000 632.000000 -176.000000) (2248.000000 624.000000 -176.000000) 
4 77 133 (2248.000000 -72.000000 -176.000000) (2248.000000 -72.000000 -168.000000) (2248.000000 -8.000000 -168.000000) (2248.000000 -8.000000 -176.000000) 
4 77 140 (2248.000000 -72.000000 -232.000000) (2248.000000 -72.000000 -176.000000) (2248.000000 632.000000 -176.000000) (2248.000000 632.000000 -232.000000) 
4 77 91 (2248.000000 -72.000000 -168.000000) (2248.000000 -72.000000 -136.000000) (2248.000000 16.000000 -136.000000) (2248.000000 16.000000 -168.000000) 
4 77 90 (2248.000000 24.000000 -136.000000) (2248.000000 152.000000 -136.000000) (2248.000000 152.000000 -168.000000) (2248.000000 24.000000 -168.000000) 
4 77 88 (2248.000000 216.000000 -136.000000) (2248.000000 344.000000 -136.000000) (2248.000000 344.000000 -168.000000) (2248.000000 216.000000 -168.000000) 
4 77 87 (2248.000000 352.000000 -136.000000) (2248.000000 400.000000 -136.000000) (2248.000000 400.000000 -168.000000) (2248.000000 352.000000 -168.000000) 
4 77 86 (2248.000000 408.000000 -136.000000) (2248.000000 536.000000 -136.000000) (2248.000000 536.000000 -168.000000) (2248.000000 408.000000 -168.000000) 
4 77 89 (2248.000000 160.000000 -136.000000) (2248.000000 208.000000 -136.000000) (2248.000000 208.000000 -168.000000) (2248.000000 160.000000 -168.000000) 
4 77 85 (2248.000000 544.000000 -136.000000) (2248.000000 632.000000 -136.000000) (2248.000000 632.000000 -168.000000) (2248.000000 544.000000 -168.000000) 
4 77 84 (2248.000000 -72.000000 -136.000000) (2248.000000 -72.000000 88.000000) (2248.000000 632.000000 88.000000) (2248.000000 632.000000 -136.000000) 
4 77 78 (2504.000000 -72.000000 -232.000000) (2248.000000 -72.000000 -232.000000) (2248.000000 632.000000 -232.000000) (2504.000000 632.000000 -232.000000) 
4 78 140 (2248.000000 -72.000000 -264.000000) (2248.000000 -72.000000 -232.000000) (2248.000000 632.000000 -232.000000) (2248.000000 632.000000 -264.000000) 
4 79 162 (2248.000000 -72.000000 -272.000000) (2248.000000 -72.000000 -264.000000) (2248.000000 632.000000 -264.000000) (2248.000000 632.000000 -272.000000) 
4 80 161 (2248.000000 -72.000000 88.000000) (2248.000000 -72.000000 -264.000000) (2248.000000 -80.000000 -264.000000) (2248.000000 -80.000000 88.000000) 
4 81 82 (1736.000000 376.000000 88.000000) (1736.000000 184.000000 88.000000) (1736.000000 184.000000 96.000000) (1736.000000 376.000000 96.000000) 
4 84 99 (2216.000000 -8.000000 -136.000000) (2216.000000 -16.000000 -136.000000) (2216.000000 -16.000000 -120.000000) (2216.000000 -8.000000 -120.000000) 
4 84 100 (2216.000000 -16.000000 -136.000000) (2216.000000 -72.000000 -136.000000) (2216.000000 -72.000000 -120.000000) (2216.000000 -16.000000 -120.000000) 
4 84 96 (2216.000000 -10.000000 -104.000000) (2216.000000 -8.000000 -104.000000) (2216.000000 -8.000000 -120.000000) (2216.000000 -10.000000 -120.000000) 
4 84 97 (2216.000000 -72.000000 -120.000000) (2216.000000 -72.000000 -104.000000) (2216.000000 -10.000000 -104.000000) (2216.000000 -10.000000 -120.000000) 
4 84 95 (2216.000000 -72.000000 -104.000000) (2216.000000 -72.000000 88.000000) (2216.000000 -8.000000 88.000000) (2216.000000 -8.000000 -104.000000) 
4 84 92 (2216.000000 632.000000 88.000000) (2216.000000 632.000000 -136.000000) (2216.000000 568.000000 -136.000000) (2216.000000 568.000000 88.000000) 
4 84 94 (2216.000000 568.000000 -136.000000) (2216.000000 -8.000000 -136.000000) (2216.000000 -8.000000 88.000000) (2216.000000 568.000000 88.000000) 
4 84 91 (2248.000000 16.000000 -136.000000) (2248.000000 -72.000000 -136.000000) (2216.000000 -72.000000 -136.000000) (2216.000000 16.000000 -136.000000) 
4 84 90 (2248.000000 152.000000 -136.000000) (2248.000000 24.000000 -136.000000) (2216.000000 24.000000 -136.000000) (2216.000000 152.000000 -136.000000) 
4 84 88 (2248.000000 344.000000 -136.000000) (2248.000000 216.000000 -136.000000) (2216.000000 216.000000 -136.000000) (2216.000000 344.000000 -136.000000) 
4 84 87 (2248.000000 400.000000 -136.000000) (2248.000000 352.000000 -136.000000) (2216.000000 352.000000 -136.000000) (2216.000000 400.000000 -136.000000) 
4 84 86 (2248.000000 536.000000 -136.000000) (2248.000000 408.000000 -136.000000) (2216.000000 408.000000 -136.000000) (2216.000000 536.000000 -136.000000) 
4 84 89 (2248.000000 208.000000 -136.000000) (2248.000000 160.000000 -136.000000) (2216.000000 160.000000 -136.000000) (2216.000000 208.000000 -136.000000) 
4 84 85 (2216.000000 632.000000 -136.000000) (2248.000000 632.000000 -136.000000) (2248.000000 544.000000 -136.000000) (2216.000000 544.000000 -136.000000) 
4 85 124 (2248.000000 568.000000 -168.000000) (2248.000000 544.000000 -168.000000) (2216.000000 544.000000 -168.000000) (2216.000000 568.000000 -168.000000) 
4 85 123 (2248.000000 624.000000 -168.000000) (2248.000000 568.000000 -168.000000) (2216.000000 568.000000 -168.000000) (2216.000000 616.000000 -168.000000) 
4 85 122 (2216.000000 632.000000 -168.000000) (2248.000000 632.000000 -168.000000) (2248.000000 624.000000 -168.000000) (2216.000000 616.000000 -168.000000) 
4 85 93 (2216.000000 632.000000 -136.000000) (2216.000000 632.000000 -168.000000) (2216.000000 576.000000 -168.000000) (2216.000000 576.000000 -136.000000) 
4 85 94 (2216.000000 568.000000 -168.000000) (2216.000000 544.000000 -168.000000) (2216.000000 544.000000 -136.000000) (2216.000000 568.000000 -136.000000) 
4 86 94 (2216.000000 536.000000 -168.000000) (2216.000000 408.000000 -168.000000) (2216.000000 408.000000 -136.000000) (2216.000000 536.000000 -136.000000) 
4 87 127 (2248.000000 400.000000 -168.000000) (2248.000000 352.000000 -168.000000) (2216.000000 352.000000 -168.000000) (2216.000000 400.000000 -168.000000) 
4 87 94 (2216.000000 400.000000 -168.000000) (2216.000000 352.000000 -168.000000) (2216.000000 352.000000 -136.000000) (2216.000000 400.000000 -136.000000) 
4 88 94 (2216.000000 344.000000 -168.000000) (2216.000000 216.000000 -168.000000) (2216.000000 216.000000 -136.000000) (2216.000000 344.000000 -136.000000) 
4 89 128 (2248.000000 208.000000 -168.000000) (2248.000000 160.000000 -168.000000) (2216.000000 160.000000 -168.000000) (2216.000000 208.000000 -168.000000) 
4 89 94 (2216.000000 208.000000 -168.000000) (2216.000000 160.000000 -168.000000) (2216.000000 160.000000 -136.000000) (2216.000000 208.000000 -136.000000) 
4 90 94 (2216.000000 152.000000 -168.000000) (2216.000000 24.000000 -168.000000) (2216.000000 24.000000 -136.000000) (2216.000000 152.000000 -136.000000) 
4 91 129 (2248.000000 16.000000 -168.000000) (2248.000000 -8.000000 -168.000000) (2216.000000 -8.000000 -168.000000) (2216.000000 16.000000 -168.000000) 
4 91 133 (2248.000000 -8.000000 -168.000000) (2248.000000 -72.000000 -168.000000) (2216.000000 -72.000000 -168.000000) (2216.000000 -8.000000 -168.000000) 
4 91 100 (2216.000000 -16.000000 -168.000000) (2216.000000 -72.000000 -168.000000) (2216.000000 -72.000000 -136.000000) (2216.000000 -16.000000 -136.000000) 
4 91 94 (2216.000000 16.000000 -168.000000) (2216.000000 -8.000000 -168.000000) (2216.000000 -8.000000 -136.000000) (2216.000000 16.000000 -136.000000) 
4 92 101 (2024.000000 632.000000 88.000000) (2024.000000 632.000000 -136.000000) (2024.000000 568.000000 -136.000000) (2024.000000 568.000000 88.000000) 
4 92 93 (2024.000000 576.000000 -136.000000) (2024.000000 632.000000 -136.000000) (2216.000000 632.000000 -136.000000) (2216.000000 576.000000 -136.000000) 
4 92 94 (2024.000000 568.000000 88.000000) (2024.000000 568.000000 -136.000000) (2216.000000 568.000000 -136.000000) (2216.000000 568.000000 88.000000) 
3 93 123 (2216.000000 616.000000 -168.000000) (2216.000000 576.000000 -168.000000) (2056.000000 576.000000 -168.000000) 
5 93 122 (2024.000000 632.000000 -168.000000) (2216.000000 632.000000 -168.000000) (2216.000000 616.000000 -168.000000) (2056.000000 576.000000 -168.000000) (2024.000000 576.000000 -168.000000) 
4 93 101 (2024.000000 632.000000 -136.000000) (2024.000000 632.000000 -168.000000) (2024.000000 576.000000 -168.000000) (2024.000000 576.000000 -136.000000) 
4 94 129 (2216.000000 24.000000 -168.000000) (2216.000000 -8.000000 -168.000000) (2208.000000 -8.000000 -168.000000) (2208.000000 24.000000 -168.000000) 
4 94 128 (2216.000000 216.000000 -168.000000) (2216.000000 152.000000 -168.000000) (2184.000000 152.000000 -168.000000) (2184.000000 216.000000 -168.000000) 
4 94 127 (2216.000000 408.000000 -168.000000) (2216.000000 344.000000 -168.000000) (2184.000000 344.000000 -168.000000) (2184.000000 408.000000 -168.000000) 
4 94 124 (2216.000000 568.000000 -168.000000) (2216.000000 536.000000 -168.000000) (2208.000000 536.000000 -168.000000) (2208.000000 568.000000 -168.000000) 
4 94 118 (2024.000000 32.000000 -168.000000) (2024.000000 24.000000 -168.000000) (2024.000000 24.000000 -40.000000) (2024.000000 32.000000 -40.000000) 
4 94 117 (2024.000000 144.000000 -168.000000) (2024.000000 32.000000 -168.000000) (2024.000000 32.000000 -40.000000) (2024.000000 144.000000 -40.000000) 
4 94 116 (2024.000000 152.000000 -168.000000) (2024.000000 144.000000 -168.000000) (2024.000000 144.000000 -40.000000) (2024.000000 152.000000 -40.000000) 
4 94 115 (2024.000000 24.000000 -40.000000) (2024.000000 24.000000 88.000000) (2024.000000 152.000000 88.000000) (2024.000000 152.000000 -40.000000) 
4 94 113 (2024.000000 192.000000 -168.000000) (2024.000000 152.000000 -168.000000) (2024.000000 152.000000 -136.000000) (2024.000000 192.000000 -136.000000) 
4 94 112 (2024.000000 152.000000 -136.000000) (2024.000000 152.000000 88.000000) (2024.000000 192.000000 88.000000) (2024.000000 192.000000 -136.000000) 
4 94 107 (2024.000000 408.000000 -168.000000) (2024.000000 368.000000 -168.000000) (2024.000000 368.000000 -136.000000) (2024.000000 408.000000 -136.000000) 
4 94 106 (2024.000000 368.000000 -136.000000) (2024.000000 368.000000 -40.000000) (2024.000000 408.000000 -40.000000) (2024.000000 408.000000 -136.000000) 
4 94 105 (2024.000000 416.000000 -168.000000) (2024.000000 408.000000 -168.000000) (2024.000000 408.000000 -40.000000) (2024.000000 416.000000 -40.000000) 
4 94 104 (2024.000000 528.000000 -168.000000) (2024.000000 416.000000 -168.000000) (2024.000000 416.000000 -40.000000) (2024.000000 528.000000 -40.000000) 
4 94 103 (2024.000000 536.000000 -168.000000) (2024.000000 528.000000 -168.000000) (2024.000000 528.000000 -40.000000) (2024.000000 536.000000 -40.000000) 
4 94 102 (2024.000000 368.000000 -40.000000) (2024.000000 368.000000 88.000000) (2024.000000 536.000000 88.000000) (2024.000000 536.000000 -40.000000) 
4 94 111 (2024.000000 368.000000 -168.000000) (2024.000000 192.000000 -168.000000) (2024.000000 192.000000 88.000000) (2024.000000 368.000000 88.000000) 
4 94 101 (2024.000000 568.000000 -168.000000) (2024.000000 536.000000 -168.000000) (2024.000000 536.000000 88.000000) (2024.000000 568.000000 88.000000) 
4 94 120 (2024.000000 24.000000 -168.000000) (2024.000000 -8.000000 -168.000000) (2024.000000 -8.000000 88.000000) (2024.000000 24.000000 88.000000) 
4 94 99 (2216.000000 -8.000000 -136.000000) (2216.000000 -8.000000 -120.000000) (2024.000000 -8.000000 -120.000000) (2024.000000 -8.000000 -136.000000) 
4 94 96 (2216.000000 -8.000000 -120.000000) (2216.000000 -8.000000 -104.000000) (2120.000000 -8.000000 -104.000000) (2120.000000 -8.000000 -120.000000) 
4 94 98 (2056.000000 -8.000000 -104.000000) (2024.000000 -8.000000 -104.000000) (2024.000000 -8.000000 -120.000000) (2056.000000 -8.000000 -120.000000) 
4 94 95 (2216.000000 -8.000000 -104.000000) (2216.000000 -8.000000 88.000000) (2024.000000 -8.000000 88.000000) (2024.000000 -8.000000 -104.000000) 
4 95 120 (2024.000000 -72.000000 -104.000000) (2024.000000 -72.000000 88.000000) (2024.000000 -8.000000 88.000000) (2024.000000 -8.000000 -104.000000) 
4 95 96 (2120.000000 -8.000000 -104.000000) (2216.000000 -8.000000 -104.000000) (2216.000000 -10.000000 -104.000000) (2120.000000 -10.000000 -104.000000) 
4 95 97 (2216.000000 -72.000000 -104.000000) (2056.000000 -72.000000 -104.000000) (2056.000000 -10.000000 -104.000000) (2216.000000 -10.000000 -104.000000) 
4 95 98 (2056.000000 -72.000000 -104.000000) (2024.000000 -72.000000 -104.000000) (2024.000000 -8.000000 -104.000000) (2056.000000 -8.000000 -104.000000) 
4 96 99 (2216.000000 -8.000000 -120.000000) (2216.000000 -10.000000 -120.000000) (2120.000000 -10.000000 -120.000000) (2120.000000 -8.000000 -120.000000) 
4 96 97 (2120.000000 -10.000000 -120.000000) (2216.000000 -10.000000 -120.000000) (2216.000000 -10.000000 -104.000000) (2120.000000 -10.000000 -104.000000) 
4 97 99 (2216.000000 -10.000000 -120.000000) (2216.000000 -16.000000 -120.000000) (2056.000000 -16.000000 -120.000000) (2056.000000 -10.000000 -120.000000) 
4 97 100 (2216.000000 -16.000000 -120.000000) (2216.000000 -72.000000 -120.000000) (2056.000000 -72.000000 -120.000000) (2056.000000 -16.000000 -120.000000) 
4 97 98 (2056.000000 -72.000000 -120.000000) (2056.000000 -72.000000 -104.000000) (2056.000000 -10.000000 -104.000000) (2056.000000 -10.000000 -120.000000) 
4 98 120 (2024.000000 -72.000000 -120.000000) (2024.000000 -72.000000 -104.000000) (2024.000000 -8.000000 -104.000000) (2024.000000 -8.000000 -120.000000) 
4 98 99 (2024.000000 -16.000000 -120.000000) (2024.000000 -8.000000 -120.000000) (2056.000000 -8.000000 -120.000000) (2056.000000 -16.000000 -120.000000) 
4 98 100 (2056.000000 -72.000000 -120.000000) (2024.000000 -72.000000 -120.000000) (2024.000000 -16.000000 -120.000000) (2056.000000 -16.000000 -120.000000) 
4 99 120 (2024.000000 -16.000000 -136.000000) (2024.000000 -16.000000 -120.000000) (2024.000000 -8.000000 -120.000000) (2024.000000 -8.000000 -136.000000) 
4 99 100 (2216.000000 -16.000000 -120.000000) (2024.000000 -16.000000 -120.000000) (2024.000000 -16.000000 -136.000000) (2216.000000 -16.000000 -136.000000) 
4 100 133 (2216.000000 -16.000000 -168.000000) (2216.000000 -72.000000 -168.000000) (2024.000000 -72.000000 -168.000000) (2024.000000 -16.000000 -168.000000) 
4 100 120 (2024.000000 -16.000000 -168.000000) (2024.000000 -72.000000 -168.000000) (2024.000000 -72.000000 -120.000000) (2024.000000 -16.000000 -120.000000) 
4 101 134 (1800.000000 632.000000 -168.000000) (1992.000000 632.000000 -168.000000) (1992.000000 536.000000 -168.000000) (1800.000000 536.000000 -168.000000) 
3 101 125 (1992.000000 536.000000 -168.000000) (1992.000000 548.000000 -168.000000) (1996.000000 552.000000 -168.000000) 
3 101 126 (1992.000000 548.000000 -168.000000) (1992.000000 560.000000 -168.000000) (2008.000000 564.000000 -168.000000) 
4 101 122 (1992.000000 632.000000 -168.000000) (2024.000000 632.000000 -168.000000) (2024.000000 568.000000 -168.000000) (1992.000000 560.000000 -168.000000) 
4 101 110 (1800.000000 536.000000 -136.000000) (1800.000000 536.000000 -168.000000) (1864.000000 536.000000 -168.000000) (1864.000000 536.000000 -136.000000) 
4 101 109 (1800.000000 536.000000 88.000000) (1800.000000 536.000000 -136.000000) (1864.000000 536.000000 -136.000000) (1864.000000 536.000000 88.000000) 
4 101 103 (1992.000000 536.000000 -168.000000) (2024.000000 536.000000 -168.000000) (2024.000000 536.000000 -40.000000) (1992.000000 536.000000 -40.000000) 
4 101 102 (2024.000000 536.000000 -40.000000) (2024.000000 536.000000 88.000000) (1864.000000 536.000000 88.000000) (1864.000000 536.000000 -40.000000) 
4 101 121 (1800.000000 632.000000 -168.000000) (1800.000000 536.000000 -168.000000) (1800.000000 536.000000 88.000000) (1800.000000 632.000000 88.000000) 
4 102 109 (1864.000000 368.000000 -40.000000) (1864.000000 368.000000 88.000000) (1864.000000 536.000000 88.000000) (1864.000000 536.000000 -40.000000) 
4 102 106 (2024.000000 368.000000 -40.000000) (1864.000000 368.000000 -40.000000) (1864.000000 408.000000 -40.000000) (2024.000000 408.000000 -40.000000) 
4 102 105 (1992.000000 416.000000 -40.000000) (2024.000000 416.000000 -40.000000) (2024.000000 408.000000 -40.000000) (1992.000000 408.000000 -40.000000) 
4 102 104 (1872.000000 528.000000 -40.000000) (2024.000000 528.000000 -40.000000) (2024.000000 416.000000 -40.000000) (1872.000000 416.000000 -40.000000) 
4 102 103 (1992.000000 536.000000 -40.000000) (2024.000000 536.000000 -40.000000) (2024.000000 528.000000 -40.000000) (1992.000000 528.000000 -40.000000) 
4 102 111 (2024.000000 368.000000 -40.000000) (2024.000000 368.000000 88.000000) (1864.000000 368.000000 88.000000) (1864.000000 368.000000 -40.000000) 
4 103 104 (1992.000000 528.000000 -168.000000) (2024.000000 528.000000 -168.000000) (2024.000000 528.000000 -40.000000) (1992.000000 528.000000 -40.000000) 
4 104 105 (1992.000000 416.000000 -168.000000) (2024.000000 416.000000 -168.000000) (2024.000000 416.000000 -40.000000) (1992.000000 416.000000 -40.000000) 
4 105 107 (1992.000000 408.000000 -168.000000) (2024.000000 408.000000 -168.000000) (2024.000000 408.000000 -136.000000) (1992.000000 408.000000 -136.000000) 
4 105 106 (2024.000000 408.000000 -136.000000) (2024.000000 408.000000 -40.000000) (1992.000000 408.000000 -40.000000) (1992.000000 408.000000 -136.000000) 
4 106 109 (1864.000000 368.000000 -136.000000) (1864.000000 368.000000 -40.000000) (1864.000000 408.000000 -40.000000) (1864.000000 408.000000 -136.000000) 
4 106 108 (1864.000000 376.000000 -136.000000) (1864.000000 408.000000 -136.000000) (1952.000000 408.000000 -136.000000) (1952.000000 376.000000 -136.000000) 
4 106 107 (1952.000000 408.000000 -136.000000) (2024.000000 408.000000 -136.000000) (2024.000000 368.000000 -136.000000) (1952.000000 368.000000 -136.000000) 
4 106 111 (2024.000000 368.000000 -136.000000) (2024.000000 368.000000 -40.000000) (1864.000000 368.000000 -40.000000) (1864.000000 368.000000 -136.000000) 
4 107 135 (1992.000000 368.000000 -168.000000) (1952.000000 368.000000 -168.000000) (1952.000000 408.000000 -168.000000) (1992.000000 408.000000 -168.000000) 
4 107 108 (1952.000000 408.000000 -136.000000) (1952.000000 408.000000 -168.000000) (1952.000000 376.000000 -168.000000) (1952.000000 376.000000 -136.000000) 
4 107 111 (1952.000000 368.000000 -168.000000) (2024.000000 368.000000 -168.000000) (2024.000000 368.000000 -136.000000) (1952.000000 368.000000 -136.000000) 
4 108 135 (1864.000000 376.000000 -168.000000) (1864.000000 408.000000 -168.000000) (1952.000000 408.000000 -168.000000) (1952.000000 376.000000 -168.000000) 
4 108 110 (1864.000000 408.000000 -168.000000) (1864.000000 376.000000 -168.000000) (1864.000000 376.000000 -136.000000) (1864.000000 408.000000 -136.000000) 
4 109 110 (1800.000000 536.000000 -136.000000) (1864.000000 536.000000 -136.000000) (1864.000000 376.000000 -136.000000) (1800.000000 376.000000 -136.000000) 
4 109 121 (1800.000000 368.000000 -136.000000) (1800.000000 368.000000 88.000000) (1800.000000 536.000000 88.000000) (1800.000000 536.000000 -136.000000) 
4 109 111 (1800.000000 368.000000 88.000000) (1800.000000 368.000000 -136.000000) (1864.000000 368.000000 -136.000000) (1864.000000 368.000000 88.000000) 
4 110 136 (1800.000000 376.000000 -168.000000) (1800.000000 536.000000 -168.000000) (1864.000000 536.000000 -168.000000) (1864.000000 376.000000 -168.000000) 
4 110 121 (1800.000000 536.000000 -168.000000) (1800.000000 376.000000 -168.000000) (1800.000000 376.000000 -136.000000) (1800.000000 536.000000 -136.000000) 
4 111 113 (1952.000000 192.000000 -168.000000) (2024.000000 192.000000 -168.000000) (2024.000000 192.000000 -136.000000) (1952.000000 192.000000 -136.000000) 
4 111 112 (2024.000000 192.000000 -136.000000) (2024.000000 192.000000 88.000000) (1800.000000 192.000000 88.000000) (1800.000000 192.000000 -136.000000) 
4 111 121 (1800.000000 368.000000 -168.000000) (1800.000000 192.000000 -168.000000) (1800.000000 192.000000 88.000000) (1800.000000 368.000000 88.000000) 
4 112 116 (2024.000000 152.000000 -136.000000) (2024.000000 152.000000 -40.000000) (1992.000000 152.000000 -40.000000) (1992.000000 152.000000 -136.000000) 
4 112 115 (2024.000000 152.000000 -40.000000) (2024.000000 152.000000 88.000000) (1864.000000 152.000000 88.000000) (1864.000000 152.000000 -40.000000) 
4 112 119 (1864.000000 152.000000 88.000000) (1800.000000 152.000000 88.000000) (1800.000000 152.000000 -136.000000) (1864.000000 152.000000 -136.000000) 
4 112 114 (1800.000000 152.000000 -136.000000) (1800.000000 184.000000 -136.000000) (1952.000000 184.000000 -136.000000) (1952.000000 152.000000 -136.000000) 
4 112 113 (1952.000000 192.000000 -136.000000) (2024.000000 192.000000 -136.000000) (2024.000000 152.000000 -136.000000) (1952.000000 152.000000 -136.000000) 
4 112 121 (1800.000000 152.000000 -136.000000) (1800.000000 152.000000 88.000000) (1800.000000 192.000000 88.000000) (1800.000000 192.000000 -136.000000) 
4 113 137 (1992.000000 152.000000 -168.000000) (1952.000000 152.000000 -168.000000) (1952.000000 192.000000 -168.000000) (1992.000000 192.000000 -168.000000) 
4 113 116 (1992.000000 152.000000 -168.000000) (2024.000000 152.000000 -168.000000) (2024.000000 152.000000 -136.000000) (1992.000000 152.000000 -136.000000) 
4 113 114 (1952.000000 184.000000 -168.000000) (1952.000000 152.000000 -168.000000) (1952.000000 152.000000 -136.000000) (1952.000000 184.000000 -136.000000) 
4 114 137 (1952.000000 152.000000 -168.000000) (1864.000000 152.000000 -168.000000) (1864.000000 184.000000 -168.000000) (1952.000000 184.000000 -168.000000) 
4 114 139 (1864.000000 152.000000 -168.000000) (1800.000000 152.000000 -168.000000) (1800.000000 184.000000 -168.000000) (1864.000000 184.000000 -168.000000) 
4 114 119 (1800.000000 152.000000 -168.000000) (1864.000000 152.000000 -168.000000) (1864.000000 152.000000 -136.000000) (1800.000000 152.000000 -136.000000) 
4 114 121 (1800.000000 184.000000 -168.000000) (1800.000000 152.000000 -168.000000) (1800.000000 152.000000 -136.000000) (1800.000000 184.000000 -136.000000) 
4 115 118 (2024.000000 32.000000 -40.000000) (2024.000000 24.000000 -40.000000) (1992.000000 24.000000 -40.000000) (1992.000000 32.000000 -40.000000) 
4 115 117 (2024.000000 144.000000 -40.000000) (2024.000000 32.000000 -40.000000) (1872.000000 32.000000 -40.000000) (1872.000000 144.000000 -40.000000) 
4 115 116 (1992.000000 152.000000 -40.000000) (2024.000000 152.000000 -40.000000) (2024.000000 144.000000 -40.000000) (1992.000000 144.000000 -40.000000) 
4 115 119 (1864.000000 152.000000 88.000000) (1864.000000 152.000000 -40.000000) (1864.000000 24.000000 -40.000000) (1864.000000 24.000000 88.000000) 
4 115 120 (2024.000000 24.000000 -40.000000) (2024.000000 24.000000 88.000000) (1864.000000 24.000000 88.000000) (1864.000000 24.000000 -40.000000) 
4 116 117 (1992.000000 144.000000 -168.000000) (2024.000000 144.000000 -168.000000) (2024.000000 144.000000 -40.000000) (1992.000000 144.000000 -40.000000) 
4 117 118 (1992.000000 32.000000 -168.000000) (2024.000000 32.000000 -168.000000) (2024.000000 32.000000 -40.000000) (1992.000000 32.000000 -40.000000) 
4 118 120 (1992.000000 24.000000 -168.000000) (2024.000000 24.000000 -168.000000) (2024.000000 24.000000 -40.000000) (1992.000000 24.000000 -40.000000) 
4 119 139 (1864.000000 24.000000 -168.000000) (1800.000000 24.000000 -168.000000) (1800.000000 152.000000 -168.000000) (1864.000000 152.000000 -168.000000) 
4 119 121 (1800.000000 152.000000 -168.000000) (1800.000000 24.000000 -168.000000) (1800.000000 24.000000 88.000000) (1800.000000 152.000000 88.000000) 
4 119 120 (1800.000000 24.000000 88.000000) (1800.000000 24.000000 -168.000000) (1864.000000 24.000000 -168.000000) (1864.000000 24.000000 88.000000) 
4 120 138 (1992.000000 -72.000000 -168.000000) (1864.000000 -72.000000 -168.000000) (1864.000000 24.000000 -168.000000) (1992.000000 24.000000 -168.000000) 
4 120 139 (1864.000000 -72.000000 -168.000000) (1800.000000 -72.000000 -168.000000) (1800.000000 24.000000 -168.000000) (1864.000000 24.000000 -168.000000) 
3 120 130 (2008.000000 -4.000000 -168.000000) (1998.400000 -1.600000 -168.000000) (1996.000000 8.000000 -168.000000) 
3 120 131 (1998.400000 -1.600000 -168.000000) (1992.000000 -0.000000 -168.000000) (1992.000000 24.000000 -168.000000) 
3 120 132 (2024.000000 -8.000000 -168.000000) (1992.000000 -8.000000 -168.000000) (1992.000000 -0.000000 -168.000000) 
4 120 133 (2024.000000 -8.000000 -168.000000) (2024.000000 -72.000000 -168.000000) (1992.000000 -72.000000 -168.000000) (1992.000000 -8.000000 -168.000000) 
4 120 121 (1800.000000 24.000000 -168.000000) (1800.000000 -72.000000 -168.000000) (1800.000000 -72.000000 88.000000) (1800.000000 24.000000 88.000000) 
4 121 159 (1776.000000 184.000000 -168.000000) (1776.000000 -72.000000 -168.000000) (1776.000000 -72.000000 88.000000) (1776.000000 184.000000 88.000000) 
4 121 143 (1776.000000 376.000000 -168.000000) (1776.000000 184.000000 -168.000000) (1776.000000 184.000000 88.000000) (1776.000000 376.000000 88.000000) 
4 121 141 (1776.000000 632.000000 88.000000) (1776.000000 632.000000 -168.000000) (1776.000000 376.000000 -168.000000) (1776.000000 376.000000 88.000000) 
4 121 139 (1800.000000 192.000000 -168.000000) (1800.000000 -72.000000 -168.000000) (1776.000000 -72.000000 -168.000000) (1776.000000 192.000000 -168.000000) 
4 121 136 (1800.000000 536.000000 -168.000000) (1800.000000 368.000000 -168.000000) (1776.000000 368.000000 -168.000000) (1776.000000 536.000000 -168.000000) 
4 121 134 (1776.000000 632.000000 -168.000000) (1800.000000 632.000000 -168.000000) (1800.000000 536.000000 -168.000000) (1776.000000 536.000000 -168.000000) 
4 122 134 (1992.000000 632.000000 -168.000000) (1992.000000 632.000000 -176.000000) (1992.000000 560.000000 -176.000000) (1992.000000 560.000000 -168.000000) 
4 122 123 (2024.000000 568.000000 -176.000000) (2248.000000 624.000000 -176.000000) (2248.000000 624.000000 -168.000000) (2024.000000 568.000000 -168.000000) 
4 122 126 (1992.000000 560.000000 -168.000000) (1992.000000 560.000000 -176.000000) (2008.000000 564.000000 -176.000000) (2008.000000 564.000000 -168.000000) 
4 122 140 (1992.000000 560.000000 -176.000000) (1992.000000 632.000000 -176.000000) (2248.000000 632.000000 -176.000000) (2248.000000 624.000000 -176.000000) 
4 123 124 (2208.000000 568.000000 -176.000000) (2248.000000 568.000000 -176.000000) (2248.000000 568.000000 -168.000000) (2208.000000 568.000000 -168.000000) 
3 123 140 (2024.000000 568.000000 -176.000000) (2248.000000 624.000000 -176.000000) (2248.000000 568.000000 -176.000000) 
4 124 140 (2208.000000 568.000000 -176.000000) (2248.000000 568.000000 -176.000000) (2248.000000 536.000000 -176.000000) (2208.000000 536.000000 -176.000000) 
4 125 134 (1992.000000 548.000000 -176.000000) (1992.000000 536.000000 -176.000000) (1992.000000 536.000000 -168.000000) (1992.000000 548.000000 -168.000000) 
3 125 140 (1992.000000 536.000000 -176.000000) (1992.000000 548.000000 -176.000000) (1996.000000 552.000000 -176.000000) 
4 125 126 (1996.000000 552.000000 -176.000000) (1992.000000 548.000000 -176.000000) (1992.000000 548.000000 -168.000000) (1996.000000 552.000000 -168.000000) 
4 126 134 (1992.000000 560.000000 -176.000000) (1992.000000 548.000000 -176.000000) (1992.000000 548.000000 -168.000000) (1992.000000 560.000000 -168.000000) 
3 126 140 (1992.000000 548.000000 -176.000000) (1992.000000 560.000000 -176.000000) (2008.000000 564.000000 -176.000000) 
4 127 140 (2184.000000 408.000000 -176.000000) (2248.000000 408.000000 -176.000000) (2248.000000 344.000000 -176.000000) (2184.000000 344.000000 -176.000000) 
4 128 140 (2248.000000 216.000000 -176.000000) (2248.000000 152.000000 -176.000000) (2184.000000 152.000000 -176.000000) (2184.000000 216.000000 -176.000000) 
4 129 140 (2248.000000 24.000000 -176.000000) (2248.000000 -8.000000 -176.000000) (2208.000000 -8.000000 -176.000000) (2208.000000 24.000000 -176.000000) 
4 129 133 (2208.000000 -8.000000 -176.000000) (2248.000000 -8.000000 -176.000000) (2248.000000 -8.000000 -168.000000) (2208.000000 -8.000000 -168.000000) 
4 130 131 (1996.000000 8.000000 -176.000000) (1998.400000 -1.600000 -176.000000) (1998.400000 -1.600000 -168.000000) (1996.000000 8.000000 -168.000000) 
3 130 140 (2008.000000 -4.000000 -176.000000) (1998.400000 -1.600000 -176.000000) (1996.000000 8.000000 -176.000000) 
4 130 132 (1998.400000 -1.600000 -176.000000) (2008.000000 -4.000000 -176.000000) (2008.000000 -4.000000 -168.000000) (1998.400000 -1.600000 -168.000000) 
4 131 138 (1992.000000 24.000000 -176.000000) (1992.000000 0.000000 -176.000000) (1992.000000 -0.000000 -168.000000) (1992.000000 24.000000 -168.000000) 
4 131 132 (1992.000000 0.000000 -168.000000) (1992.000000 0.000000 -176.000000) (1998.400000 -1.600000 -176.000000) (1998.400000 -1.600000 -168.000000) 
3 131 140 (1992.000000 -0.000000 -176.000000) (1992.000000 24.000000 -176.000000) (1998.400000 -1.600000 -176.000000) 
4 132 138 (1992.000000 0.000000 -176.000000) (1992.000000 -8.000000 -176.000000) (1992.000000 -8.000000 -168.000000) (1992.000000 -0.000000 -168.000000) 
4 132 133 (1992.000000 -8.000000 -176.000000) (2024.000000 -8.000000 -176.000000) (2024.000000 -8.000000 -168.000000) (1992.000000 -8.000000 -168.000000) 
3 132 140 (1992.000000 -8.000000 -176.000000) (1992.000000 -0.000000 -176.000000) (2024.000000 -8.000000 -176.000000) 
4 133 138 (1992.000000 -8.000000 -176.000000) (1992.000000 -72.000000 -176.000000) (1992.000000 -72.000000 -168.000000) (1992.000000 -8.000000 -168.000000) 
4 133 140 (2248.000000 -72.000000 -176.000000) (1992.000000 -72.000000 -176.000000) (1992.000000 -8.000000 -176.000000) (2248.000000 -8.000000 -176.000000) 
4 134 141 (1776.000000 632.000000 -168.000000) (1776.000000 632.000000 -176.000000) (1776.000000 536.000000 -176.000000) (1776.000000 536.000000 -168.000000) 
4 134 136 (1776.000000 536.000000 -168.000000) (1776.000000 536.000000 -176.000000) (1864.000000 536.000000 -176.000000) (1864.000000 536.000000 -168.000000) 
4 134 140 (1776.000000 536.000000 -176.000000) (1776.000000 632.000000 -176.000000) (1992.000000 632.000000 -176.000000) (1992.000000 536.000000 -176.000000) 
4 135 136 (1864.000000 408.000000 -176.000000) (1864.000000 368.000000 -176.000000) (1864.000000 368.000000 -168.000000) (1864.000000 408.000000 -168.000000) 
4 135 140 (1992.000000 408.000000 -176.000000) (1992.000000 368.000000 -176.000000) (1864.000000 368.000000 -176.000000) (1864.000000 408.000000 -176.000000) 
4 136 152 (1776.000000 376.000000 -176.000000) (1776.000000 368.000000 -176.000000) (1776.000000 368.000000 -168.000000) (1776.000000 376.000000 -168.000000) 
4 136 141 (1776.000000 536.000000 -176.000000) (1776.000000 376.000000 -176.000000) (1776.000000 376.000000 -168.000000) (1776.000000 536.000000 -168.000000) 
4 136 140 (1776.000000 368.000000 -176.000000) (1776.000000 536.000000 -176.000000) (1864.000000 536.000000 -176.000000) (1864.000000 368.000000 -176.000000) 
4 137 139 (1864.000000 192.000000 -168.000000) (1864.000000 192.000000 -176.000000) (1864.000000 152.000000 -176.000000) (1864.000000 152.000000 -168.000000) 
4 137 140 (1864.000000 152.000000 -176.000000) (1864.000000 192.000000 -176.000000) (1992.000000 192.000000 -176.000000) (1992.000000 152.000000 -176.000000) 
4 138 140 (1992.000000 -72.000000 -176.000000) (1864.000000 -72.000000 -176.000000) (1864.000000 24.000000 -176.000000) (1992.000000 24.000000 -176.000000) 
4 138 139 (1864.000000 24.000000 -176.000000) (1864.000000 -72.000000 -176.000000) (1864.000000 -72.000000 -168.000000) (1864.000000 24.000000 -168.000000) 
4 139 159 (1776.000000 184.000000 -176.000000) (1776.000000 -72.000000 -176.000000) (1776.000000 -72.000000 -168.000000) (1776.000000 184.000000 -168.000000) 
4 139 154 (1776.000000 192.000000 -176.000000) (1776.000000 184.000000 -176.000000) (1776.000000 184.000000 -168.000000) (1776.000000 192.000000 -168.000000) 
4 139 140 (1864.000000 -72.000000 -176.000000) (1776.000000 -72.000000 -176.000000) (1776.000000 192.000000 -176.000000) (1864.000000 192.000000 -176.000000) 
4 140 159 (1776.000000 184.000000 -264.000000) (1776.000000 -72.000000 -264.000000) (1776.000000 -72.000000 -176.000000) (1776.000000 184.000000 -176.000000) 
4 140 156 (1776.000000 376.000000 -264.000000) (1776.000000 184.000000 -264.000000) (1776.000000 184.000000 -176.000000) (1776.000000 376.000000 -176.000000) 
4 140 141 (1776.000000 632.000000 -176.000000) (1776.000000 632.000000 -264.000000) (1776.000000 376.000000 -264.000000) (1776.000000 376.000000 -176.000000) 
4 141 156 (1736.000000 376.000000 -264.000000) (1776.000000 376.000000 -264.000000) (1776.000000 376.000000 -176.000000) (1736.000000 376.000000 -176.000000) 
4 141 152 (1776.000000 376.000000 -176.000000) (1776.000000 376.000000 -168.000000) (1736.000000 376.000000 -168.000000) (1736.000000 376.000000 -176.000000) 
4 141 146 (1736.000000 376.000000 -136.000000) (1736.000000 376.000000 -168.000000) (1768.000000 376.000000 -168.000000) (1768.000000 376.000000 -136.000000) 
4 141 144 (1768.000000 376.000000 88.000000) (1736.000000 376.000000 88.000000) (1736.000000 376.000000 -136.000000) (1768.000000 376.000000 -136.000000) 
4 141 143 (1776.000000 376.000000 -168.000000) (1776.000000 376.000000 88.000000) (1768.000000 376.000000 88.000000) (1768.000000 376.000000 -168.000000) 
4 142 168 (1728.000000 376.000000 88.000000) (1728.000000 384.000000 88.000000) (1728.000000 384.000000 -208.000000) (1728.000000 376.000000 -208.000000) 
4 142 158 (1728.000000 376.000000 -208.000000) (1728.000000 376.000000 -264.000000) (1736.000000 376.000000 -264.000000) (1736.000000 376.000000 -208.000000) 
4 143 159 (1776.000000 184.000000 -168.000000) (1776.000000 184.000000 88.000000) (1768.000000 184.000000 88.000000) (1768.000000 184.000000 -168.000000) 
4 143 154 (1776.000000 184.000000 -168.000000) (1768.000000 184.000000 -168.000000) (1768.000000 216.000000 -168.000000) (1776.000000 216.000000 -168.000000) 
4 143 152 (1768.000000 344.000000 -168.000000) (1768.000000 376.000000 -168.000000) (1776.000000 376.000000 -168.000000) (1776.000000 344.000000 -168.000000) 
4 143 150 (1768.000000 184.000000 -168.000000) (1768.000000 184.000000 -136.000000) (1768.000000 208.000000 -136.000000) (1768.000000 208.000000 -168.000000) 
4 143 148 (1768.000000 216.000000 -136.000000) (1768.000000 344.000000 -136.000000) (1768.000000 344.000000 -168.000000) (1768.000000 216.000000 -168.000000) 
4 143 146 (1768.000000 352.000000 -136.000000) (1768.000000 376.000000 -136.000000) (1768.000000 376.000000 -168.000000) (1768.000000 352.000000 -168.000000) 
4 143 144 (1768.000000 184.000000 -136.000000) (1768.000000 184.000000 88.000000) (1768.000000 376.000000 88.000000) (1768.000000 376.000000 -136.000000) 
4 144 159 (1768.000000 184.000000 88.000000) (1736.000000 184.000000 88.000000) (1736.000000 184.000000 -136.000000) (1768.000000 184.000000 -136.000000) 
4 144 150 (1768.000000 184.000000 -136.000000) (1736.000000 184.000000 -136.000000) (1736.000000 208.000000 -136.000000) (1768.000000 208.000000 -136.000000) 
4 144 148 (1736.000000 216.000000 -136.000000) (1736.000000 344.000000 -136.000000) (1768.000000 344.000000 -136.000000) (1768.000000 216.000000 -136.000000) 
4 144 146 (1736.000000 352.000000 -136.000000) (1736.000000 376.000000 -136.000000) (1768.000000 376.000000 -136.000000) (1768.000000 352.000000 -136.000000) 
4 144 145 (1736.000000 184.000000 -136.000000) (1736.000000 184.000000 88.000000) (1736.000000 376.000000 88.000000) (1736.000000 376.000000 -136.000000) 
4 145 169 (1728.000000 184.000000 88.000000) (1728.000000 376.000000 88.000000) (1728.000000 376.000000 -136.000000) (1728.000000 184.000000 -136.000000) 
4 145 151 (1736.000000 184.000000 -136.000000) (1728.000000 184.000000 -136.000000) (1728.000000 208.000000 -136.000000) (1736.000000 208.000000 -136.000000) 
4 145 149 (1728.000000 216.000000 -136.000000) (1728.000000 344.000000 -136.000000) (1736.000000 344.000000 -136.000000) (1736.000000 216.000000 -136.000000) 
4 145 147 (1728.000000 352.000000 -136.000000) (1728.000000 376.000000 -136.000000) (1736.000000 376.000000 -136.000000) (1736.000000 352.000000 -136.000000) 
4 146 152 (1736.000000 376.000000 -168.000000) (1768.000000 376.000000 -168.000000) (1768.000000 352.000000 -168.000000) (1736.000000 352.000000 -168.000000) 
4 146 147 (1736.000000 352.000000 -136.000000) (1736.000000 376.000000 -136.000000) (1736.000000 376.000000 -168.000000) (1736.000000 352.000000 -168.000000) 
4 147 169 (1728.000000 376.000000 -136.000000) (1728.000000 376.000000 -168.000000) (1728.000000 352.000000 -168.000000) (1728.000000 352.000000 -136.000000) 
4 147 153 (1728.000000 352.000000 -168.000000) (1728.000000 376.000000 -168.000000) (1736.000000 376.000000 -168.000000) (1736.000000 352.000000 -168.000000) 
4 148 149 (1736.000000 344.000000 -136.000000) (1736.000000 344.000000 -168.000000) (1736.000000 216.000000 -168.000000) (1736.000000 216.000000 -136.000000) 
4 149 169 (1728.000000 344.000000 -168.000000) (1728.000000 216.000000 -168.000000) (1728.000000 216.000000 -136.000000) (1728.000000 344.000000 -136.000000) 
4 150 159 (1736.000000 184.000000 -168.000000) (1768.000000 184.000000 -168.000000) (1768.000000 184.000000 -136.000000) (1736.000000 184.000000 -136.000000) 
4 150 154 (1768.000000 184.000000 -168.000000) (1736.000000 184.000000 -168.000000) (1736.000000 208.000000 -168.000000) (1768.000000 208.000000 -168.000000) 
4 150 151 (1736.000000 208.000000 -136.000000) (1736.000000 208.000000 -168.000000) (1736.000000 184.000000 -168.000000) (1736.000000 184.000000 -136.000000) 
4 151 169 (1728.000000 208.000000 -168.000000) (1728.000000 184.000000 -168.000000) (1728.000000 184.000000 -136.000000) (1728.000000 208.000000 -136.000000) 
4 151 155 (1736.000000 184.000000 -168.000000) (1728.000000 184.000000 -168.000000) (1728.000000 208.000000 -168.000000) (1736.000000 208.000000 -168.000000) 
4 152 156 (1736.000000 376.000000 -176.000000) (1776.000000 376.000000 -176.000000) (1776.000000 344.000000 -176.000000) (1736.000000 344.000000 -176.000000) 
4 152 153 (1736.000000 376.000000 -168.000000) (1736.000000 376.000000 -176.000000) (1736.000000 344.000000 -176.000000) (1736.000000 344.000000 -168.000000) 
4 153 169 (1728.000000 376.000000 -168.000000) (1728.000000 376.000000 -176.000000) (1728.000000 344.000000 -176.000000) (1728.000000 344.000000 -168.000000) 
4 153 157 (1728.000000 344.000000 -176.000000) (1728.000000 376.000000 -176.000000) (1736.000000 376.000000 -176.000000) (1736.000000 344.000000 -176.000000) 
4 154 159 (1776.000000 184.000000 -176.000000) (1776.000000 184.000000 -168.000000) (1736.000000 184.000000 -168.000000) (1736.000000 184.000000 -176.000000) 
4 154 156 (1736.000000 216.000000 -176.000000) (1776.000000 216.000000 -176.000000) (1776.000000 184.000000 -176.000000) (1736.000000 184.000000 -176.000000) 
4 154 155 (1736.000000 216.000000 -168.000000) (1736.000000 216.000000 -176.000000) (1736.000000 184.000000 -176.000000) (1736.000000 184.000000 -168.000000) 
4 155 169 (1728.000000 216.000000 -176.000000) (1728.000000 184.000000 -176.000000) (1728.000000 184.000000 -168.000000) (1728.000000 216.000000 -168.000000) 
4 155 157 (1728.000000 184.000000 -176.000000) (1728.000000 216.000000 -176.000000) (1736.000000 216.000000 -176.000000) (1736.000000 184.000000 -176.000000) 
4 156 159 (1736.000000 184.000000 -264.000000) (1776.000000 184.000000 -264.000000) (1776.000000 184.000000 -176.000000) (1736.000000 184.000000 -176.000000) 
4 156 157 (1736.000000 184.000000 -208.000000) (1736.000000 184.000000 -176.000000) (1736.000000 376.000000 -176.000000) (1736.000000 376.000000 -208.000000) 
4 157 169 (1728.000000 376.000000 -176.000000) (1728.000000 376.000000 -208.000000) (1728.000000 184.000000 -208.000000) (1728.000000 184.000000 -176.000000) 
4 158 277 (1728.000000 376.000000 -208.000000) (1728.000000 376.000000 -216.000000) (1728.000000 184.000000 -216.000000) (1728.000000 184.000000 -208.000000) 
4 158 160 (1728.000000 184.000000 -264.000000) (1736.000000 184.000000 -264.000000) (1736.000000 184.000000 -208.000000) (1728.000000 184.000000 -208.000000) 
4 160 170 (1728.000000 176.000000 88.000000) (1728.000000 184.000000 88.000000) (1728.000000 184.000000 -208.000000) (1728.000000 176.000000 -208.000000) 
4 164 166 (1472.000000 376.000000 152.000000) (1472.000000 184.000000 152.000000) (1472.000000 184.000000 160.000000) (1472.000000 376.000000 160.000000) 
4 165 222 (1224.000000 632.000000 240.000000) (1224.000000 632.000000 232.000000) (1224.000000 -104.000000 232.000000) (1224.000000 -104.000000 240.000000) 
4 165 166 (1464.000000 632.000000 232.000000) (1472.000000 632.000000 232.000000) (1472.000000 -104.000000 232.000000) (1464.000000 -104.000000 232.000000) 
4 166 188 (1472.000000 -104.000000 152.000000) (1464.000000 -104.000000 152.000000) (1464.000000 184.000000 152.000000) (1472.000000 184.000000 152.000000) 
4 166 171 (1464.000000 376.000000 152.000000) (1464.000000 632.000000 152.000000) (1472.000000 632.000000 152.000000) (1472.000000 376.000000 152.000000) 
4 167 261 (1224.000000 192.000000 152.000000) (1224.000000 -104.000000 152.000000) (1224.000000 -104.000000 232.000000) (1224.000000 192.000000 232.000000) 
4 167 223 (1224.000000 632.000000 232.000000) (1224.000000 632.000000 152.000000) (1224.000000 192.000000 152.000000) (1224.000000 192.000000 232.000000) 
4 167 202 (1288.000000 -64.000000 152.000000) (1352.000000 -64.000000 152.000000) (1352.000000 -66.000000 152.000000) (1288.000000 -66.000000 152.000000) 
4 167 201 (1352.000000 -64.000000 152.000000) (1440.000000 -64.000000 152.000000) (1440.000000 -66.000000 152.000000) (1352.000000 -66.000000 152.000000) 
4 167 204 (1224.000000 -66.000000 152.000000) (1224.000000 -64.000000 152.000000) (1288.000000 -64.000000 152.000000) (1288.000000 -66.000000 152.000000) 
4 167 200 (1224.000000 -64.000000 152.000000) (1224.000000 184.000000 152.000000) (1440.000000 184.000000 152.000000) (1440.000000 -64.000000 152.000000) 
4 167 205 (1440.000000 -104.000000 152.000000) (1224.000000 -104.000000 152.000000) (1224.000000 -66.000000 152.000000) (1440.000000 -66.000000 152.000000) 
4 167 191 (1224.000000 184.000000 152.000000) (1224.000000 632.000000 152.000000) (1416.000000 632.000000 152.000000) (1416.000000 184.000000 152.000000) 
4 167 190 (1416.000000 632.000000 152.000000) (1440.000000 632.000000 152.000000) (1440.000000 184.000000 152.000000) (1416.000000 184.000000 152.000000) 
4 167 189 (1464.000000 -104.000000 152.000000) (1440.000000 -104.000000 152.000000) (1440.000000 184.000000 152.000000) (1464.000000 184.000000 152.000000) 
4 167 174 (1448.000000 376.000000 152.000000) (1464.000000 376.000000 152.000000) (1464.000000 184.000000 152.000000) (1448.000000 184.000000 152.000000) 
4 167 181 (1440.000000 184.000000 152.000000) (1440.000000 376.000000 152.000000) (1448.000000 376.000000 152.000000) (1448.000000 184.000000 152.000000) 
4 167 172 (1440.000000 376.000000 152.000000) (1440.000000 632.000000 152.000000) (1464.000000 632.000000 152.000000) (1464.000000 376.000000 152.000000) 
4 168 171 (1472.000000 376.000000 -152.000000) (1472.000000 376.000000 152.000000) (1472.000000 384.000000 152.000000) (1472.000000 384.000000 -152.000000) 
4 169 186 (1472.000000 184.000000 -152.000000) (1472.000000 184.000000 -120.000000) (1472.000000 376.000000 -120.000000) (1472.000000 376.000000 -152.000000) 
4 169 184 (1472.000000 184.000000 -120.000000) (1472.000000 184.000000 -112.000000) (1472.000000 216.000000 -112.000000) (1472.000000 216.000000 -120.000000) 
4 169 182 (1472.000000 344.000000 -112.000000) (1472.000000 376.000000 -112.000000) (1472.000000 376.000000 -120.000000) (1472.000000 344.000000 -120.000000) 
4 169 179 (1472.000000 184.000000 -112.000000) (1472.000000 184.000000 -80.000000) (1472.000000 208.000000 -80.000000) (1472.000000 208.000000 -112.000000) 
4 169 177 (1472.000000 216.000000 -80.000000) (1472.000000 344.000000 -80.000000) (1472.000000 344.000000 -112.000000) (1472.000000 216.000000 -112.000000) 
4 169 175 (1472.000000 352.000000 -80.000000) (1472.000000 376.000000 -80.000000) (1472.000000 376.000000 -112.000000) (1472.000000 352.000000 -112.000000) 
4 169 173 (1472.000000 184.000000 -80.000000) (1472.000000 184.000000 152.000000) (1472.000000 376.000000 152.000000) (1472.000000 376.000000 -80.000000) 
4 170 188 (1472.000000 176.000000 -152.000000) (1472.000000 176.000000 152.000000) (1472.000000 184.000000 152.000000) (1472.000000 184.000000 -152.000000) 
4 172 212 (1440.000000 632.000000 -112.000000) (1440.000000 632.000000 -120.000000) (1440.000000 408.000000 -120.000000) (1440.000000 408.000000 -112.000000) 
4 172 214 (1440.000000 408.000000 -120.000000) (1440.000000 376.000000 -120.000000) (1440.000000 376.000000 -112.000000) (1440.000000 408.000000 -112.000000) 
4 172 219 (1440.000000 632.000000 -120.000000) (1440.000000 632.000000 -152.000000) (1440.000000 376.000000 -152.000000) (1440.000000 376.000000 -120.000000) 
4 172 190 (1440.000000 376.000000 152.000000) (1440.000000 632.000000 152.000000) (1440.000000 632.000000 -112.000000) (1440.000000 376.000000 -112.000000) 
4 172 187 (1440.000000 376.000000 -152.000000) (1464.000000 376.000000 -152.000000) (1464.000000 376.000000 -120.000000) (1440.000000 376.000000 -120.000000) 
4 172 183 (1464.000000 376.000000 -120.000000) (1464.000000 376.000000 -112.000000) (1440.000000 376.000000 -112.000000) (1440.000000 376.000000 -120.000000) 
4 172 176 (1464.000000 376.000000 -112.000000) (1464.000000 376.000000 -80.000000) (1448.000000 376.000000 -80.000000) (1448.000000 376.000000 -112.000000) 
4 172 174 (1464.000000 376.000000 -80.000000) (1464.000000 376.000000 152.000000) (1448.000000 376.000000 152.000000) (1448.000000 376.000000 -80.000000) 
4 172 181 (1448.000000 376.000000 152.000000) (1440.000000 376.000000 152.000000) (1440.000000 376.000000 -112.000000) (1448.000000 376.000000 -112.000000) 
4 173 179 (1472.000000 208.000000 -80.000000) (1472.000000 184.000000 -80.000000) (1464.000000 184.000000 -80.000000) (1464.000000 208.000000 -80.000000) 
4 173 177 (1472.000000 344.000000 -80.000000) (1472.000000 216.000000 -80.000000) (1464.000000 216.000000 -80.000000) (1464.000000 344.000000 -80.000000) 
4 173 175 (1464.000000 376.000000 -80.000000) (1472.000000 376.000000 -80.000000) (1472.000000 352.000000 -80.000000) (1464.000000 352.000000 -80.000000) 
4 173 174 (1464.000000 376.000000 152.000000) (1464.000000 376.000000 -80.000000) (1464.000000 184.000000 -80.000000) (1464.000000 184.000000 152.000000) 
4 174 189 (1464.000000 184.000000 152.000000) (1448.000000 184.000000 152.000000) (1448.000000 184.000000 -80.000000) (1464.000000 184.000000 -80.000000) 
4 174 180 (1464.000000 208.000000 -80.000000) (1464.000000 184.000000 -80.000000) (1448.000000 184.000000 -80.000000) (1448.000000 208.000000 -80.000000) 
4 174 178 (1464.000000 344.000000 -80.000000) (1464.000000 216.000000 -80.000000) (1448.000000 216.000000 -80.000000) (1448.000000 344.000000 -80.000000) 
4 174 176 (1448.000000 376.000000 -80.000000) (1464.000000 376.000000 -80.000000) (1464.000000 352.000000 -80.000000) (1448.000000 352.000000 -80.000000) 
4 174 181 (1448.000000 376.000000 152.000000) (1448.000000 376.000000 -80.000000) (1448.000000 184.000000 -80.000000) (1448.000000 184.000000 152.000000) 
4 175 182 (1464.000000 376.000000 -112.000000) (1472.000000 376.000000 -112.000000) (1472.000000 352.000000 -112.000000) (1464.000000 352.000000 -112.000000) 
4 175 176 (1464.000000 376.000000 -80.000000) (1464.000000 376.000000 -112.000000) (1464.000000 352.000000 -112.000000) (1464.000000 352.000000 -80.000000) 
4 176 183 (1448.000000 376.000000 -112.000000) (1464.000000 376.000000 -112.000000) (1464.000000 352.000000 -112.000000) (1448.000000 352.000000 -112.000000) 
4 176 181 (1448.000000 376.000000 -80.000000) (1448.000000 376.000000 -112.000000) (1448.000000 352.000000 -112.000000) (1448.000000 352.000000 -80.000000) 
4 177 178 (1464.000000 344.000000 -112.000000) (1464.000000 216.000000 -112.000000) (1464.000000 216.000000 -80.000000) (1464.000000 344.000000 -80.000000) 
4 178 181 (1448.000000 344.000000 -112.000000) (1448.000000 216.000000 -112.000000) (1448.000000 216.000000 -80.000000) (1448.000000 344.000000 -80.000000) 
4 179 184 (1472.000000 208.000000 -112.000000) (1472.000000 184.000000 -112.000000) (1464.000000 184.000000 -112.000000) (1464.000000 208.000000 -112.000000) 
4 179 180 (1464.000000 208.000000 -80.000000) (1464.000000 208.000000 -112.000000) (1464.000000 184.000000 -112.000000) (1464.000000 184.000000 -80.000000) 
4 180 189 (1448.000000 184.000000 -112.000000) (1464.000000 184.000000 -112.000000) (1464.000000 184.000000 -80.000000) (1448.000000 184.000000 -80.000000) 
4 180 185 (1464.000000 184.000000 -112.000000) (1448.000000 184.000000 -112.000000) (1448.000000 208.000000 -112.000000) (1464.000000 208.000000 -112.000000) 
4 180 181 (1448.000000 208.000000 -112.000000) (1448.000000 184.000000 -112.000000) (1448.000000 184.000000 -80.000000) (1448.000000 208.000000 -80.000000) 
4 181 190 (1440.000000 184.000000 152.000000) (1440.000000 376.000000 152.000000) (1440.000000 376.000000 -112.000000) (1440.000000 184.000000 -112.000000) 
4 181 189 (1440.000000 184.000000 152.000000) (1440.000000 184.000000 -112.000000) (1448.000000 184.000000 -112.000000) (1448.000000 184.000000 152.000000) 
4 181 185 (1440.000000 184.000000 -112.000000) (1440.000000 216.000000 -112.000000) (1448.000000 216.000000 -112.000000) (1448.000000 184.000000 -112.000000) 
4 181 183 (1440.000000 344.000000 -112.000000) (1440.000000 376.000000 -112.000000) (1448.000000 376.000000 -112.000000) (1448.000000 344.000000 -112.000000) 
4 182 186 (1464.000000 376.000000 -120.000000) (1472.000000 376.000000 -120.000000) (1472.000000 344.000000 -120.000000) (1464.000000 344.000000 -120.000000) 
4 182 183 (1464.000000 376.000000 -112.000000) (1464.000000 376.000000 -120.000000) (1464.000000 344.000000 -120.000000) (1464.000000 344.000000 -112.000000) 
4 183 214 (1440.000000 376.000000 -112.000000) (1440.000000 376.000000 -120.000000) (1440.000000 368.000000 -120.000000) (1440.000000 368.000000 -112.000000) 
4 183 187 (1440.000000 344.000000 -120.000000) (1440.000000 376.000000 -120.000000) (1464.000000 376.000000 -120.000000) (1464.000000 344.000000 -120.000000) 
4 184 186 (1472.000000 184.000000 -120.000000) (1464.000000 184.000000 -120.000000) (1464.000000 216.000000 -120.000000) (1472.000000 216.000000 -120.000000) 
4 184 185 (1464.000000 216.000000 -112.000000) (1464.000000 216.000000 -120.000000) (1464.000000 184.000000 -120.000000) (1464.000000 184.000000 -112.000000) 
4 185 215 (1440.000000 192.000000 -120.000000) (1440.000000 184.000000 -120.000000) (1440.000000 184.000000 -112.000000) (1440.000000 192.000000 -112.000000) 
4 185 189 (1440.000000 184.000000 -112.000000) (1440.000000 184.000000 -120.000000) (1464.000000 184.000000 -120.000000) (1464.000000 184.000000 -112.000000) 
4 185 187 (1464.000000 184.000000 -120.000000) (1440.000000 184.000000 -120.000000) (1440.000000 216.000000 -120.000000) (1464.000000 216.000000 -120.000000) 
4 186 187 (1464.000000 376.000000 -152.000000) (1464.000000 184.000000 -152.000000) (1464.000000 184.000000 -120.000000) (1464.000000 376.000000 -120.000000) 
4 187 219 (1440.000000 376.000000 -120.000000) (1440.000000 376.000000 -152.000000) (1440.000000 184.000000 -152.000000) (1440.000000 184.000000 -120.000000) 
4 187 189 (1440.000000 184.000000 -120.000000) (1440.000000 184.000000 -152.000000) (1464.000000 184.000000 -152.000000) (1464.000000 184.000000 -120.000000) 
4 189 216 (1440.000000 -64.000000 -112.000000) (1440.000000 -8.000000 -112.000000) (1440.000000 -8.000000 -120.000000) (1440.000000 -64.000000 -120.000000) 
4 189 217 (1440.000000 -104.000000 -120.000000) (1440.000000 -104.000000 -112.000000) (1440.000000 -64.000000 -112.000000) (1440.000000 -64.000000 -120.000000) 
4 189 215 (1440.000000 -8.000000 -112.000000) (1440.000000 184.000000 -112.000000) (1440.000000 184.000000 -120.000000) (1440.000000 -8.000000 -120.000000) 
4 189 219 (1440.000000 -104.000000 -152.000000) (1440.000000 -104.000000 -120.000000) (1440.000000 184.000000 -120.000000) (1440.000000 184.000000 -152.000000) 
4 189 206 (1440.000000 -104.000000 -112.000000) (1440.000000 -104.000000 -80.000000) (1440.000000 184.000000 -80.000000) (1440.000000 184.000000 -112.000000) 
4 189 201 (1440.000000 -66.000000 152.000000) (1440.000000 -64.000000 152.000000) (1440.000000 -64.000000 -64.000000) (1440.000000 -66.000000 -64.000000) 
4 189 203 (1440.000000 -64.000000 -64.000000) (1440.000000 -64.000000 -80.000000) (1440.000000 -66.000000 -80.000000) (1440.000000 -66.000000 -64.000000) 
4 189 200 (1440.000000 -64.000000 152.000000) (1440.000000 184.000000 152.000000) (1440.000000 184.000000 -80.000000) (1440.000000 -64.000000 -80.000000) 
4 189 205 (1440.000000 -104.000000 -80.000000) (1440.000000 -104.000000 152.000000) (1440.000000 -66.000000 152.000000) (1440.000000 -66.000000 -80.000000) 
4 190 215 (1440.000000 192.000000 -112.000000) (1440.000000 184.000000 -112.000000) (1416.000000 184.000000 -112.000000) (1416.000000 192.000000 -112.000000) 
4 190 212 (1416.000000 632.000000 -112.000000) (1440.000000 632.000000 -112.000000) (1440.000000 408.000000 -112.000000) (1416.000000 408.000000 -112.000000) 
4 190 214 (1440.000000 408.000000 -112.000000) (1440.000000 368.000000 -112.000000) (1416.000000 368.000000 -112.000000) (1416.000000 408.000000 -112.000000) 
4 190 206 (1440.000000 184.000000 -112.000000) (1440.000000 184.000000 -80.000000) (1424.000000 184.000000 -80.000000) (1424.000000 184.000000 -112.000000) 
4 190 200 (1440.000000 184.000000 -80.000000) (1440.000000 184.000000 152.000000) (1416.000000 184.000000 152.000000) (1416.000000 184.000000 -80.000000) 
4 190 194 (1416.000000 536.000000 -112.000000) (1416.000000 376.000000 -112.000000) (1416.000000 376.000000 -80.000000) (1416.000000 536.000000 -80.000000) 
4 190 193 (1416.000000 368.000000 -80.000000) (1416.000000 368.000000 16.000000) (1416.000000 536.000000 16.000000) (1416.000000 536.000000 -80.000000) 
4 190 192 (1416.000000 632.000000 16.000000) (1416.000000 632.000000 -112.000000) (1416.000000 536.000000 -112.000000) (1416.000000 536.000000 16.000000) 
4 190 199 (1416.000000 368.000000 -112.000000) (1416.000000 184.000000 -112.000000) (1416.000000 184.000000 16.000000) (1416.000000 368.000000 16.000000) 
4 190 191 (1416.000000 632.000000 152.000000) (1416.000000 632.000000 16.000000) (1416.000000 184.000000 16.000000) (1416.000000 184.000000 152.000000) 
4 191 261 (1224.000000 192.000000 16.000000) (1224.000000 184.000000 16.000000) (1224.000000 184.000000 152.000000) (1224.000000 192.000000 152.000000) 
4 191 223 (1224.000000 632.000000 152.000000) (1224.000000 632.000000 16.000000) (1224.000000 192.000000 16.000000) (1224.000000 192.000000 152.000000) 
4 191 200 (1416.000000 184.000000 152.000000) (1224.000000 184.000000 152.000000) (1224.000000 184.000000 16.000000) (1416.000000 184.000000 16.000000) 
4 191 196 (1224.000000 368.000000 16.000000) (1224.000000 408.000000 16.000000) (1352.000000 408.000000 16.000000) (1352.000000 368.000000 16.000000) 
4 191 195 (1224.000000 416.000000 16.000000) (1224.000000 528.000000 16.000000) (1344.000000 528.000000 16.000000) (1344.000000 416.000000 16.000000) 
4 191 193 (1352.000000 536.000000 16.000000) (1416.000000 536.000000 16.000000) (1416.000000 368.000000 16.000000) (1352.000000 368.000000 16.000000) 
4 191 192 (1224.000000 536.000000 16.000000) (1224.000000 632.000000 16.000000) (1416.000000 632.000000 16.000000) (1416.000000 536.000000 16.000000) 
4 191 199 (1416.000000 184.000000 16.000000) (1224.000000 184.000000 16.000000) (1224.000000 368.000000 16.000000) (1416.000000 368.000000 16.000000) 
4 192 225 (1224.000000 576.000000 -112.000000) (1224.000000 536.000000 -112.000000) (1224.000000 536.000000 -80.000000) (1224.000000 576.000000 -80.000000) 
4 192 224 (1224.000000 632.000000 -80.000000) (1224.000000 632.000000 -112.000000) (1224.000000 576.000000 -112.000000) (1224.000000 576.000000 -80.000000) 
4 192 223 (1224.000000 632.000000 16.000000) (1224.000000 632.000000 -80.000000) (1224.000000 536.000000 -80.000000) (1224.000000 536.000000 16.000000) 
4 192 213 (1224.000000 632.000000 -112.000000) (1352.000000 632.000000 -112.000000) (1352.000000 536.000000 -112.000000) (1224.000000 536.000000 -112.000000) 
4 192 212 (1352.000000 632.000000 -112.000000) (1416.000000 632.000000 -112.000000) (1416.000000 536.000000 -112.000000) (1352.000000 536.000000 -112.000000) 
4 192 194 (1352.000000 536.000000 -80.000000) (1352.000000 536.000000 -112.000000) (1416.000000 536.000000 -112.000000) (1416.000000 536.000000 -80.000000) 
4 192 193 (1416.000000 536.000000 16.000000) (1352.000000 536.000000 16.000000) (1352.000000 536.000000 -80.000000) (1416.000000 536.000000 -80.000000) 
4 193 196 (1352.000000 368.000000 -80.000000) (1352.000000 368.000000 16.000000) (1352.000000 408.000000 16.000000) (1352.000000 408.000000 -80.000000) 
4 193 194 (1352.000000 536.000000 -80.000000) (1416.000000 536.000000 -80.000000) (1416.000000 376.000000 -80.000000) (1352.000000 376.000000 -80.000000) 
4 193 199 (1416.000000 368.000000 -80.000000) (1416.000000 368.000000 16.000000) (1352.000000 368.000000 16.000000) (1352.000000 368.000000 -80.000000) 
4 194 212 (1416.000000 536.000000 -112.000000) (1416.000000 408.000000 -112.000000) (1352.000000 408.000000 -112.000000) (1352.000000 536.000000 -112.000000) 
4 194 214 (1416.000000 408.000000 -112.000000) (1416.000000 376.000000 -112.000000) (1352.000000 376.000000 -112.000000) (1352.000000 408.000000 -112.000000) 
4 194 197 (1352.000000 408.000000 -112.000000) (1352.000000 376.000000 -112.000000) (1352.000000 376.000000 -80.000000) (1352.000000 408.000000 -80.000000) 
4 195 225 (1224.000000 528.000000 -112.000000) (1224.000000 416.000000 -112.000000) (1224.000000 416.000000 -80.000000) (1224.000000 528.000000 -80.000000) 
4 195 223 (1224.000000 416.000000 -80.000000) (1224.000000 416.000000 16.000000) (1224.000000 528.000000 16.000000) (1224.000000 528.000000 -80.000000) 
4 196 223 (1224.000000 368.000000 -80.000000) (1224.000000 368.000000 16.000000) (1224.000000 408.000000 16.000000) (1224.000000 408.000000 -80.000000) 
4 196 197 (1264.000000 376.000000 -80.000000) (1264.000000 408.000000 -80.000000) (1352.000000 408.000000 -80.000000) (1352.000000 376.000000 -80.000000) 
4 196 198 (1264.000000 368.000000 -80.000000) (1224.000000 368.000000 -80.000000) (1224.000000 408.000000 -80.000000) (1264.000000 408.000000 -80.000000) 
4 196 199 (1224.000000 368.000000 16.000000) (1224.000000 368.000000 -80.000000) (1352.000000 368.000000 -80.000000) (1352.000000 368.000000 16.000000) 
4 197 214 (1264.000000 376.000000 -112.000000) (1264.000000 408.000000 -112.000000) (1352.000000 408.000000 -112.000000) (1352.000000 376.000000 -112.000000) 
4 197 198 (1264.000000 408.000000 -80.000000) (1264.000000 408.000000 -112.000000) (1264.000000 376.000000 -112.000000) (1264.000000 376.000000 -80.000000) 
4 198 225 (1224.000000 408.000000 -112.000000) (1224.000000 368.000000 -112.000000) (1224.000000 368.000000 -80.000000) (1224.000000 408.000000 -80.000000) 
4 198 214 (1264.000000 368.000000 -112.000000) (1224.000000 368.000000 -112.000000) (1224.000000 408.000000 -112.000000) (1264.000000 408.000000 -112.000000) 
4 198 199 (1224.000000 368.000000 -80.000000) (1224.000000 368.000000 -112.000000) (1264.000000 368.000000 -112.000000) (1264.000000 368.000000 -80.000000) 
4 199 263 (1224.000000 192.000000 -112.000000) (1224.000000 184.000000 -112.000000) (1224.000000 184.000000 -80.000000) (1224.000000 192.000000 -80.000000) 
4 199 262 (1224.000000 184.000000 -80.000000) (1224.000000 184.000000 16.000000) (1224.000000 192.000000 16.000000) (1224.000000 192.000000 -80.000000) 
4 199 225 (1224.000000 368.000000 -112.000000) (1224.000000 192.000000 -112.000000) (1224.000000 192.000000 -80.000000) (1224.000000 368.000000 -80.000000) 
4 199 223 (1224.000000 192.000000 -80.000000) (1224.000000 192.000000 16.000000) (1224.000000 368.000000 16.000000) (1224.000000 368.000000 -80.000000) 
4 199 207 (1224.000000 184.000000 -80.000000) (1224.000000 184.000000 -112.000000) (1416.000000 184.000000 -112.000000) (1416.000000 184.000000 -80.000000) 
4 199 200 (1224.000000 184.000000 16.000000) (1224.000000 184.000000 -80.000000) (1416.000000 184.000000 -80.000000) (1416.000000 184.000000 16.000000) 
4 200 268 (1224.000000 24.000000 -80.000000) (1224.000000 -64.000000 -80.000000) (1224.000000 -64.000000 16.000000) (1224.000000 24.000000 16.000000) 
4 200 265 (1224.000000 144.000000 -80.000000) (1224.000000 32.000000 -80.000000) (1224.000000 32.000000 16.000000) (1224.000000 144.000000 16.000000) 
4 200 262 (1224.000000 184.000000 16.000000) (1224.000000 184.000000 -80.000000) (1224.000000 152.000000 -80.000000) (1224.000000 152.000000 16.000000) 
4 200 261 (1224.000000 -64.000000 152.000000) (1224.000000 184.000000 152.000000) (1224.000000 184.000000 16.000000) (1224.000000 -64.000000 16.000000) 
4 200 209 (1400.000000 -64.000000 -80.000000) (1240.000000 -64.000000 -80.000000) (1240.000000 -8.000000 -80.000000) (1400.000000 -8.000000 -80.000000) 
4 200 208 (1424.000000 -8.000000 -80.000000) (1424.000000 -64.000000 -80.000000) (1400.000000 -64.000000 -80.000000) (1400.000000 -8.000000 -80.000000) 
4 200 211 (1240.000000 -64.000000 -80.000000) (1224.000000 -64.000000 -80.000000) (1224.000000 -8.000000 -80.000000) (1240.000000 -8.000000 -80.000000) 
4 200 207 (1224.000000 184.000000 -80.000000) (1416.000000 184.000000 -80.000000) (1416.000000 -8.000000 -80.000000) (1224.000000 -8.000000 -80.000000) 
4 200 206 (1424.000000 184.000000 -80.000000) (1440.000000 184.000000 -80.000000) (1440.000000 -64.000000 -80.000000) (1424.000000 -64.000000 -80.000000) 
4 200 202 (1352.000000 -64.000000 152.000000) (1288.000000 -64.000000 152.000000) (1288.000000 -64.000000 -48.000000) (1352.000000 -64.000000 -48.000000) 
4 200 201 (1440.000000 -64.000000 -64.000000) (1440.000000 -64.000000 152.000000) (1352.000000 -64.000000 152.000000) (1352.000000 -64.000000 -64.000000) 
4 200 203 (1288.000000 -64.000000 -80.000000) (1440.000000 -64.000000 -80.000000) (1440.000000 -64.000000 -64.000000) (1288.000000 -64.000000 -64.000000) 
4 200 204 (1224.000000 -64.000000 152.000000) (1224.000000 -64.000000 -80.000000) (1288.000000 -64.000000 -80.000000) (1288.000000 -64.000000 152.000000) 
4 201 202 (1352.000000 -66.000000 -48.000000) (1352.000000 -66.000000 152.000000) (1352.000000 -64.000000 152.000000) (1352.000000 -64.000000 -48.000000) 
4 201 203 (1352.000000 -64.000000 -64.000000) (1440.000000 -64.000000 -64.000000) (1440.000000 -66.000000 -64.000000) (1352.000000 -66.000000 -64.000000) 
4 201 205 (1440.000000 -66.000000 -64.000000) (1440.000000 -66.000000 152.000000) (1352.000000 -66.000000 152.000000) (1352.000000 -66.000000 -64.000000) 
4 202 204 (1288.000000 -66.000000 -48.000000) (1288.000000 -66.000000 152.000000) (1288.000000 -64.000000 152.000000) (1288.000000 -64.000000 -48.000000) 
4 202 205 (1352.000000 -66.000000 152.000000) (1288.000000 -66.000000 152.000000) (1288.000000 -66.000000 -48.000000) (1352.000000 -66.000000 -48.000000) 
4 203 208 (1424.000000 -66.000000 -80.000000) (1400.000000 -66.000000 -80.000000) (1400.000000 -64.000000 -80.000000) (1424.000000 -64.000000 -80.000000) 
4 203 206 (1440.000000 -64.000000 -80.000000) (1440.000000 -66.000000 -80.000000) (1424.000000 -66.000000 -80.000000) (1424.000000 -64.000000 -80.000000) 
4 203 204 (1288.000000 -64.000000 -80.000000) (1288.000000 -66.000000 -80.000000) (1288.000000 -66.000000 -64.000000) (1288.000000 -64.000000 -64.000000) 
4 203 205 (1440.000000 -66.000000 -80.000000) (1440.000000 -66.000000 -64.000000) (1288.000000 -66.000000 -64.000000) (1288.000000 -66.000000 -80.000000) 
4 204 268 (1224.000000 -64.000000 16.000000) (1224.000000 -64.000000 -80.000000) (1224.000000 -66.000000 -80.000000) (1224.000000 -66.000000 16.000000) 
4 204 261 (1224.000000 -66.000000 152.000000) (1224.000000 -64.000000 152.000000) (1224.000000 -64.000000 16.000000) (1224.000000 -66.000000 16.000000) 
4 204 211 (1240.000000 -66.000000 -80.000000) (1224.000000 -66.000000 -80.000000) (1224.000000 -64.000000 -80.000000) (1240.000000 -64.000000 -80.000000) 
4 204 205 (1288.000000 -66.000000 152.000000) (1224.000000 -66.000000 152.000000) (1224.000000 -66.000000 -80.000000) (1288.000000 -66.000000 -80.000000) 
4 205 268 (1224.000000 -104.000000 -80.000000) (1224.000000 -104.000000 16.000000) (1224.000000 -66.000000 16.000000) (1224.000000 -66.000000 -80.000000) 
4 205 261 (1224.000000 -104.000000 16.000000) (1224.000000 -104.000000 152.000000) (1224.000000 -66.000000 152.000000) (1224.000000 -66.000000 16.000000) 
4 205 208 (1400.000000 -66.000000 -80.000000) (1424.000000 -66.000000 -80.000000) (1424.000000 -72.000000 -80.000000) (1400.000000 -72.000000 -80.000000) 
4 205 210 (1424.000000 -104.000000 -80.000000) (1240.000000 -104.000000 -80.000000) (1240.000000 -72.000000 -80.000000) (1424.000000 -72.000000 -80.000000) 
4 205 211 (1240.000000 -104.000000 -80.000000) (1224.000000 -104.000000 -80.000000) (1224.000000 -66.000000 -80.000000) (1240.000000 -66.000000 -80.000000) 
4 205 206 (1440.000000 -66.000000 -80.000000) (1440.000000 -104.000000 -80.000000) (1424.000000 -104.000000 -80.000000) (1424.000000 -66.000000 -80.000000) 
4 206 216 (1440.000000 -8.000000 -112.000000) (1440.000000 -64.000000 -112.000000) (1424.000000 -64.000000 -112.000000) (1424.000000 -8.000000 -112.000000) 
4 206 217 (1440.000000 -64.000000 -112.000000) (1440.000000 -104.000000 -112.000000) (1424.000000 -104.000000 -112.000000) (1424.000000 -64.000000 -112.000000) 
4 206 215 (1440.000000 184.000000 -112.000000) (1440.000000 -8.000000 -112.000000) (1424.000000 -8.000000 -112.000000) (1424.000000 184.000000 -112.000000) 
4 206 208 (1424.000000 -8.000000 -112.000000) (1424.000000 -72.000000 -112.000000) (1424.000000 -72.000000 -80.000000) (1424.000000 -8.000000 -80.000000) 
4 206 210 (1424.000000 -72.000000 -112.000000) (1424.000000 -104.000000 -112.000000) (1424.000000 -104.000000 -80.000000) (1424.000000 -72.000000 -80.000000) 
4 207 265 (1224.000000 144.000000 -112.000000) (1224.000000 32.000000 -112.000000) (1224.000000 32.000000 -80.000000) (1224.000000 144.000000 -80.000000) 
4 207 263 (1224.000000 184.000000 -112.000000) (1224.000000 152.000000 -112.000000) (1224.000000 152.000000 -80.000000) (1224.000000 184.000000 -80.000000) 
4 207 209 (1240.000000 -8.000000 -112.000000) (1400.000000 -8.000000 -112.000000) (1400.000000 -8.000000 -80.000000) (1240.000000 -8.000000 -80.000000) 
4 207 208 (1400.000000 -8.000000 -112.000000) (1416.000000 -8.000000 -112.000000) (1416.000000 -8.000000 -80.000000) (1400.000000 -8.000000 -80.000000) 
4 207 211 (1224.000000 -8.000000 -80.000000) (1224.000000 -8.000000 -112.000000) (1240.000000 -8.000000 -112.000000) (1240.000000 -8.000000 -80.000000) 
4 208 216 (1400.000000 -8.000000 -112.000000) (1424.000000 -8.000000 -112.000000) (1424.000000 -64.000000 -112.000000) (1400.000000 -64.000000 -112.000000) 
4 208 217 (1424.000000 -64.000000 -112.000000) (1424.000000 -72.000000 -112.000000) (1400.000000 -72.000000 -112.000000) (1400.000000 -64.000000 -112.000000) 
4 208 209 (1400.000000 -8.000000 -80.000000) (1400.000000 -8.000000 -112.000000) (1400.000000 -64.000000 -112.000000) (1400.000000 -64.000000 -80.000000) 
4 208 210 (1400.000000 -72.000000 -112.000000) (1424.000000 -72.000000 -112.000000) (1424.000000 -72.000000 -80.000000) (1400.000000 -72.000000 -80.000000) 
4 209 211 (1240.000000 -8.000000 -80.000000) (1240.000000 -8.000000 -112.000000) (1240.000000 -64.000000 -112.000000) (1240.000000 -64.000000 -80.000000) 
4 210 217 (1424.000000 -104.000000 -112.000000) (1240.000000 -104.000000 -112.000000) (1240.000000 -72.000000 -112.000000) (1424.000000 -72.000000 -112.000000) 
4 210 211 (1240.000000 -72.000000 -112.000000) (1240.000000 -104.000000 -112.000000) (1240.000000 -104.000000 -80.000000) (1240.000000 -72.000000 -80.000000) 
4 211 269 (1224.000000 -8.000000 -112.000000) (1224.000000 -104.000000 -112.000000) (1224.000000 -104.000000 -80.000000) (1224.000000 -8.000000 -80.000000) 
4 211 218 (1240.000000 -104.000000 -112.000000) (1224.000000 -104.000000 -112.000000) (1224.000000 -8.000000 -112.000000) (1240.000000 -8.000000 -112.000000) 
4 212 213 (1352.000000 632.000000 -120.000000) (1352.000000 536.000000 -120.000000) (1352.000000 536.000000 -112.000000) (1352.000000 632.000000 -112.000000) 
4 212 214 (1352.000000 408.000000 -120.000000) (1440.000000 408.000000 -120.000000) (1440.000000 408.000000 -112.000000) (1352.000000 408.000000 -112.000000) 
4 212 219 (1352.000000 632.000000 -120.000000) (1440.000000 632.000000 -120.000000) (1440.000000 408.000000 -120.000000) (1352.000000 408.000000 -120.000000) 
4 213 228 (1224.000000 568.000000 -120.000000) (1224.000000 536.000000 -120.000000) (1224.000000 536.000000 -112.000000) (1224.000000 568.000000 -112.000000) 
4 213 227 (1224.000000 632.000000 -112.000000) (1224.000000 632.000000 -120.000000) (1224.000000 568.000000 -120.000000) (1224.000000 568.000000 -112.000000) 
4 213 219 (1224.000000 536.000000 -120.000000) (1224.000000 632.000000 -120.000000) (1352.000000 632.000000 -120.000000) (1352.000000 536.000000 -120.000000) 
4 214 219 (1224.000000 368.000000 -120.000000) (1224.000000 408.000000 -120.000000) (1440.000000 408.000000 -120.000000) (1440.000000 368.000000 -120.000000) 
4 215 216 (1416.000000 -8.000000 -120.000000) (1440.000000 -8.000000 -120.000000) (1440.000000 -8.000000 -112.000000) (1416.000000 -8.000000 -112.000000) 
4 215 219 (1416.000000 192.000000 -120.000000) (1440.000000 192.000000 -120.000000) (1440.000000 -8.000000 -120.000000) (1416.000000 -8.000000 -120.000000) 
4 216 217 (1400.000000 -64.000000 -120.000000) (1440.000000 -64.000000 -120.000000) (1440.000000 -64.000000 -112.000000) (1400.000000 -64.000000 -112.000000) 
4 216 219 (1400.000000 -8.000000 -120.000000) (1440.000000 -8.000000 -120.000000) (1440.000000 -64.000000 -120.000000) (1400.000000 -64.000000 -120.000000) 
4 217 218 (1240.000000 -64.000000 -120.000000) (1240.000000 -104.000000 -120.000000) (1240.000000 -104.000000 -112.000000) (1240.000000 -64.000000 -112.000000) 
4 217 219 (1440.000000 -104.000000 -120.000000) (1240.000000 -104.000000 -120.000000) (1240.000000 -64.000000 -120.000000) (1440.000000 -64.000000 -120.000000) 
4 218 272 (1224.000000 -8.000000 -120.000000) (1224.000000 -104.000000 -120.000000) (1224.000000 -104.000000 -112.000000) (1224.000000 -8.000000 -112.000000) 
4 218 219 (1240.000000 -104.000000 -120.000000) (1224.000000 -104.000000 -120.000000) (1224.000000 -8.000000 -120.000000) (1240.000000 -8.000000 -120.000000) 
4 219 274 (1224.000000 192.000000 -152.000000) (1224.000000 -104.000000 -152.000000) (1224.000000 -104.000000 -120.000000) (1224.000000 192.000000 -120.000000) 
4 219 231 (1224.000000 632.000000 -120.000000) (1224.000000 632.000000 -152.000000) (1224.000000 192.000000 -152.000000) (1224.000000 192.000000 -120.000000) 
4 220 221 (1464.000000 184.000000 -160.000000) (1464.000000 184.000000 -152.000000) (1464.000000 376.000000 -152.000000) (1464.000000 376.000000 -160.000000) 
4 221 276 (1224.000000 632.000000 -152.000000) (1224.000000 632.000000 -160.000000) (1224.000000 -104.000000 -160.000000) (1224.000000 -104.000000 -152.000000) 
4 223 262 (1224.000000 192.000000 -80.000000) (1224.000000 192.000000 16.000000) (1064.000000 192.000000 16.000000) (1064.000000 192.000000 -80.000000) 
4 223 261 (1224.000000 192.000000 16.000000) (1224.000000 192.000000 232.000000) (1064.000000 192.000000 232.000000) (1064.000000 192.000000 16.000000) 
4 223 232 (1064.000000 384.000000 232.000000) (1064.000000 632.000000 232.000000) (1064.000000 632.000000 -80.000000) (1064.000000 384.000000 -80.000000) 
4 223 236 (1064.000000 192.000000 -80.000000) (1064.000000 192.000000 232.000000) (1064.000000 384.000000 232.000000) (1064.000000 384.000000 -80.000000) 
4 223 226 (1064.000000 192.000000 -80.000000) (1064.000000 568.000000 -80.000000) (1192.000000 568.000000 -80.000000) (1192.000000 192.000000 -80.000000) 
4 223 225 (1192.000000 576.000000 -80.000000) (1224.000000 576.000000 -80.000000) (1224.000000 192.000000 -80.000000) (1192.000000 192.000000 -80.000000) 
4 223 224 (1064.000000 576.000000 -80.000000) (1064.000000 632.000000 -80.000000) (1224.000000 632.000000 -80.000000) (1224.000000 576.000000 -80.000000) 
4 224 233 (1064.000000 576.000000 -80.000000) (1064.000000 632.000000 -80.000000) (1064.000000 632.000000 -112.000000) (1064.000000 576.000000 -112.000000) 
4 224 227 (1064.000000 576.000000 -112.000000) (1064.000000 632.000000 -112.000000) (1224.000000 632.000000 -112.000000) (1224.000000 576.000000 -112.000000) 
4 224 225 (1192.000000 576.000000 -112.000000) (1224.000000 576.000000 -112.000000) (1224.000000 576.000000 -80.000000) (1192.000000 576.000000 -80.000000) 
4 225 263 (1224.000000 192.000000 -112.000000) (1224.000000 192.000000 -80.000000) (1192.000000 192.000000 -80.000000) (1192.000000 192.000000 -112.000000) 
3 225 230 (1208.000000 564.000000 -112.000000) (1217.600000 561.600000 -112.000000) (1220.000000 552.000000 -112.000000) 
3 225 229 (1192.000000 568.000000 -112.000000) (1216.000000 568.000000 -112.000000) (1217.600000 561.600000 -112.000000) 
3 225 228 (1216.000000 568.000000 -112.000000) (1224.000000 568.000000 -112.000000) (1224.000000 536.000000 -112.000000) 
4 225 227 (1192.000000 568.000000 -112.000000) (1192.000000 576.000000 -112.000000) (1224.000000 576.000000 -112.000000) (1224.000000 568.000000 -112.000000) 
4 225 226 (1192.000000 568.000000 -112.000000) (1192.000000 192.000000 -112.000000) (1192.000000 192.000000 -80.000000) (1192.000000 568.000000 -80.000000) 
4 226 263 (1192.000000 192.000000 -80.000000) (1184.000000 192.000000 -80.000000) (1184.000000 192.000000 -112.000000) (1192.000000 192.000000 -112.000000) 
4 226 234 (1064.000000 384.000000 -80.000000) (1064.000000 536.000000 -80.000000) (1064.000000 536.000000 -112.000000) (1064.000000 384.000000 -112.000000) 
4 226 233 (1064.000000 536.000000 -80.000000) (1064.000000 568.000000 -80.000000) (1064.000000 568.000000 -112.000000) (1064.000000 536.000000 -112.000000) 
4 226 236 (1064.000000 192.000000 -112.000000) (1064.000000 192.000000 -80.000000) (1064.000000 384.000000 -80.000000) (1064.000000 384.000000 -112.000000) 
4 227 237 (1064.000000 568.000000 -112.000000) (1064.000000 632.000000 -112.000000) (1064.000000 632.000000 -120.000000) (1064.000000 568.000000 -120.000000) 
4 227 229 (1192.000000 568.000000 -120.000000) (1216.000000 568.000000 -120.000000) (1216.000000 568.000000 -112.000000) (1192.000000 568.000000 -112.000000) 
4 227 228 (1216.000000 568.000000 -120.000000) (1224.000000 568.000000 -120.000000) (1224.000000 568.000000 -112.000000) (1216.000000 568.000000 -112.000000) 
4 227 231 (1064.000000 568.000000 -120.000000) (1064.000000 632.000000 -120.000000) (1224.000000 632.000000 -120.000000) (1224.000000 568.000000 -120.000000) 
4 228 230 (1217.600000 561.600000 -120.000000) (1220.000000 552.000000 -120.000000) (1220.000000 552.000000 -112.000000) (1217.600000 561.600000 -112.000000) 
4 228 229 (1216.000000 568.000000 -120.000000) (1217.600000 561.600000 -120.000000) (1217.600000 561.600000 -112.000000) (1216.000000 568.000000 -112.000000) 
3 228 231 (1216.000000 568.000000 -120.000000) (1224.000000 568.000000 -120.000000) (1224.000000 536.000000 -120.000000) 
4 229 230 (1208.000000 564.000000 -120.000000) (1217.600000 561.600000 -120.000000) (1217.600000 561.600000 -112.000000) (1208.000000 564.000000 -112.000000) 
3 229 231 (1192.000000 568.000000 -120.000000) (1216.000000 568.000000 -120.000000) (1217.600000 561.600000 -120.000000) 
3 230 231 (1208.000000 564.000000 -120.000000) (1217.600000 561.600000 -120.000000) (1220.000000 552.000000 -120.000000) 
4 231 274 (1064.000000 192.000000 -152.000000) (1224.000000 192.000000 -152.000000) (1224.000000 192.000000 -120.000000) (1064.000000 192.000000 -120.000000) 
4 231 241 (1064.000000 632.000000 -152.000000) (1064.000000 192.000000 -152.000000) (1064.000000 192.000000 -120.000000) (1064.000000 632.000000 -120.000000) 
4 232 242 (1008.000000 632.000000 232.000000) (1008.000000 632.000000 -80.000000) (1008.000000 384.000000 -80.000000) (1008.000000 384.000000 232.000000) 
4 232 235 (1008.000000 384.000000 -80.000000) (1008.000000 536.000000 -80.000000) (1024.000000 536.000000 -80.000000) (1024.000000 384.000000 -80.000000) 
4 232 234 (1032.000000 536.000000 -80.000000) (1064.000000 536.000000 -80.000000) (1064.000000 384.000000 -80.000000) (1032.000000 384.000000 -80.000000) 
4 232 233 (1008.000000 536.000000 -80.000000) (1008.000000 632.000000 -80.000000) (1064.000000 632.000000 -80.000000) (1064.000000 536.000000 -80.000000) 
4 232 236 (1008.000000 384.000000 232.000000) (1008.000000 384.000000 -80.000000) (1064.000000 384.000000 -80.000000) (1064.000000 384.000000 232.000000) 
4 233 242 (1008.000000 632.000000 -80.000000) (1008.000000 632.000000 -112.000000) (1008.000000 536.000000 -112.000000) (1008.000000 536.000000 -80.000000) 
3 233 238 (1032.000000 536.000000 -112.000000) (1032.000000 548.000000 -112.000000) (1036.000000 552.000000 -112.000000) 
3 233 239 (1032.000000 536.000000 -112.000000) (1020.000000 536.000000 -112.000000) (1032.000000 548.000000 -112.000000) 
4 233 240 (1008.000000 536.000000 -112.000000) (1008.000000 554.000000 -112.000000) (1048.000000 564.000000 -112.000000) (1020.000000 536.000000 -112.000000) 
4 233 237 (1008.000000 554.000000 -112.000000) (1008.000000 632.000000 -112.000000) (1064.000000 632.000000 -112.000000) (1064.000000 568.000000 -112.000000) 
4 233 235 (1008.000000 536.000000 -80.000000) (1008.000000 536.000000 -112.000000) (1024.000000 536.000000 -112.000000) (1024.000000 536.000000 -80.000000) 
4 233 234 (1032.000000 536.000000 -112.000000) (1064.000000 536.000000 -112.000000) (1064.000000 536.000000 -80.000000) (1032.000000 536.000000 -80.000000) 
4 234 236 (1032.000000 384.000000 -112.000000) (1064.000000 384.000000 -112.000000) (1064.000000 384.000000 -80.000000) (1032.000000 384.000000 -80.000000) 
4 235 242 (1008.000000 536.000000 -112.000000) (1008.000000 384.000000 -112.000000) (1008.000000 384.000000 -80.000000) (1008.000000 536.000000 -80.000000) 
5 235 239 (1008.000000 384.000000 -112.000000) (1008.000000 524.000000 -112.000000) (1020.000000 536.000000 -112.000000) (1024.000000 536.000000 -112.000000) (1024.000000 384.000000 -112.000000) 
3 235 240 (1008.000000 524.000000 -112.000000) (1008.000000 536.000000 -112.000000) (1020.000000 536.000000 -112.000000) 
4 235 236 (1008.000000 384.000000 -80.000000) (1008.000000 384.000000 -112.000000) (1024.000000 384.000000 -112.000000) (1024.000000 384.000000 -80.000000) 
4 236 262 (1064.000000 192.000000 -80.000000) (1064.000000 192.000000 16.000000) (1008.000000 192.000000 16.000000) (1008.000000 192.000000 -80.000000) 
4 236 261 (1064.000000 192.000000 16.000000) (1064.000000 192.000000 232.000000) (1008.000000 192.000000 232.000000) (1008.000000 192.000000 16.000000) 
4 236 244 (1008.000000 384.000000 -112.000000) (1008.000000 192.000000 -112.000000) (1008.000000 192.000000 232.000000) (1008.000000 384.000000 232.000000) 
4 236 239 (1008.000000 352.000000 -112.000000) (1008.000000 384.000000 -112.000000) (1032.000000 384.000000 -112.000000) (1032.000000 352.000000 -112.000000) 
4 237 242 (1008.000000 632.000000 -112.000000) (1008.000000 632.000000 -120.000000) (1008.000000 554.000000 -120.000000) (1008.000000 554.000000 -112.000000) 
4 237 240 (1008.000000 554.000000 -112.000000) (1008.000000 554.000000 -120.000000) (1048.000000 564.000000 -120.000000) (1048.000000 564.000000 -112.000000) 
4 237 241 (1008.000000 554.000000 -120.000000) (1008.000000 632.000000 -120.000000) (1064.000000 632.000000 -120.000000) (1064.000000 568.000000 -120.000000) 
4 238 239 (1032.000000 548.000000 -120.000000) (1032.000000 536.000000 -120.000000) (1032.000000 536.000000 -112.000000) (1032.000000 548.000000 -112.000000) 
3 238 241 (1032.000000 548.000000 -120.000000) (1036.000000 552.000000 -120.000000) (1032.000000 536.000000 -120.000000) 
4 238 240 (1036.000000 552.000000 -120.000000) (1032.000000 548.000000 -120.000000) (1032.000000 548.000000 -112.000000) (1036.000000 552.000000 -112.000000) 
4 239 254 (1008.000000 384.000000 -120.000000) (1008.000000 352.000000 -120.000000) (1008.000000 352.000000 -112.000000) (1008.000000 384.000000 -112.000000) 
4 239 242 (1008.000000 524.000000 -120.000000) (1008.000000 384.000000 -120.000000) (1008.000000 384.000000 -112.000000) (1008.000000 524.000000 -112.000000) 
4 239 240 (1032.000000 548.000000 -120.000000) (1008.000000 524.000000 -120.000000) (1008.000000 524.000000 -112.000000) (1032.000000 548.000000 -112.000000) 
4 239 241 (1008.000000 352.000000 -120.000000) (1008.000000 524.000000 -120.000000) (1032.000000 548.000000 -120.000000) (1032.000000 352.000000 -120.000000) 
4 240 242 (1008.000000 554.000000 -120.000000) (1008.000000 524.000000 -120.000000) (1008.000000 524.000000 -112.000000) (1008.000000 554.000000 -112.000000) 
3 240 241 (1008.000000 524.000000 -120.000000) (1008.000000 554.000000 -120.000000) (1048.000000 564.000000 -120.000000) 
4 241 274 (1008.000000 192.000000 -152.000000) (1064.000000 192.000000 -152.000000) (1064.000000 192.000000 -120.000000) (1008.000000 192.000000 -120.000000) 
4 241 258 (1008.000000 384.000000 -152.000000) (1008.000000 192.000000 -152.000000) (1008.000000 192.000000 -120.000000) (1008.000000 384.000000 -120.000000) 
4 241 242 (1008.000000 632.000000 -120.000000) (1008.000000 632.000000 -152.000000) (1008.000000 384.000000 -152.000000) (1008.000000 384.000000 -120.000000) 
4 242 258 (976.000000 384.000000 -152.000000) (1008.000000 384.000000 -152.000000) (1008.000000 384.000000 -120.000000) (976.000000 384.000000 -120.000000) 
4 242 254 (1008.000000 384.000000 -120.000000) (1008.000000 384.000000 -112.000000) (976.000000 384.000000 -112.000000) (976.000000 384.000000 -120.000000) 
4 242 248 (976.000000 384.000000 -80.000000) (976.000000 384.000000 -112.000000) (1000.000000 384.000000 -112.000000) (1000.000000 384.000000 -80.000000) 
4 242 245 (1000.000000 384.000000 232.000000) (976.000000 384.000000 232.000000) (976.000000 384.000000 -80.000000) (1000.000000 384.000000 -80.000000) 
4 242 244 (1008.000000 384.000000 -112.000000) (1008.000000 384.000000 232.000000) (1000.000000 384.000000 232.000000) (1000.000000 384.000000 -112.000000) 
4 243 279 (968.000000 392.000000 -128.000000) (968.000000 384.000000 -128.000000) (968.000000 384.000000 136.000000) (968.000000 392.000000 136.000000) 
4 243 260 (968.000000 384.000000 -152.000000) (976.000000 384.000000 -152.000000) (976.000000 384.000000 -128.000000) (968.000000 384.000000 -128.000000) 
4 243 246 (976.000000 384.000000 128.000000) (976.000000 384.000000 232.000000) (968.000000 384.000000 232.000000) (968.000000 384.000000 128.000000) 
4 244 262 (1008.000000 192.000000 -80.000000) (1008.000000 192.000000 16.000000) (1000.000000 192.000000 16.000000) (1000.000000 192.000000 -80.000000) 
4 244 261 (1008.000000 192.000000 16.000000) (1008.000000 192.000000 232.000000) (1000.000000 192.000000 232.000000) (1000.000000 192.000000 16.000000) 
4 244 256 (1008.000000 192.000000 -112.000000) (1000.000000 192.000000 -112.000000) (1000.000000 224.000000 -112.000000) (1008.000000 224.000000 -112.000000) 
4 244 254 (1000.000000 352.000000 -112.000000) (1000.000000 384.000000 -112.000000) (1008.000000 384.000000 -112.000000) (1008.000000 352.000000 -112.000000) 
4 244 252 (1000.000000 192.000000 -112.000000) (1000.000000 192.000000 -80.000000) (1000.000000 216.000000 -80.000000) (1000.000000 216.000000 -112.000000) 
4 244 250 (1000.000000 224.000000 -80.000000) (1000.000000 352.000000 -80.000000) (1000.000000 352.000000 -112.000000) (1000.000000 224.000000 -112.000000) 
4 244 248 (1000.000000 360.000000 -80.000000) (1000.000000 384.000000 -80.000000) (1000.000000 384.000000 -112.000000) (1000.000000 360.000000 -112.000000) 
4 244 245 (1000.000000 192.000000 -80.000000) (1000.000000 192.000000 232.000000) (1000.000000 384.000000 232.000000) (1000.000000 384.000000 -80.000000) 
4 245 267 (976.000000 192.000000 -80.000000) (1000.000000 192.000000 -80.000000) (1000.000000 192.000000 16.000000) (976.000000 192.000000 16.000000) 
4 245 261 (1000.000000 192.000000 16.000000) (1000.000000 192.000000 232.000000) (976.000000 192.000000 232.000000) (976.000000 192.000000 16.000000) 
4 245 252 (1000.000000 192.000000 -80.000000) (976.000000 192.000000 -80.000000) (976.000000 216.000000 -80.000000) (1000.000000 216.000000 -80.000000) 
4 245 250 (976.000000 224.000000 -80.000000) (976.000000 352.000000 -80.000000) (1000.000000 352.000000 -80.000000) (1000.000000 224.000000 -80.000000) 
4 245 248 (976.000000 360.000000 -80.000000) (976.000000 384.000000 -80.000000) (1000.000000 384.000000 -80.000000) (1000.000000 360.000000 -80.000000) 
4 245 247 (976.000000 192.000000 -80.000000) (976.000000 192.000000 128.000000) (976.000000 384.000000 128.000000) (976.000000 384.000000 -80.000000) 
4 246 280 (968.000000 384.000000 136.000000) (968.000000 384.000000 128.000000) (968.000000 192.000000 128.000000) (968.000000 192.000000 136.000000) 
4 246 275 (968.000000 192.000000 232.000000) (968.000000 192.000000 128.000000) (976.000000 192.000000 128.000000) (976.000000 192.000000 232.000000) 
4 247 281 (968.000000 384.000000 128.000000) (968.000000 384.000000 -80.000000) (968.000000 192.000000 -80.000000) (968.000000 192.000000 128.000000) 
4 247 253 (976.000000 192.000000 -80.000000) (968.000000 192.000000 -80.000000) (968.000000 216.000000 -80.000000) (976.000000 216.000000 -80.000000) 
4 247 251 (968.000000 224.000000 -80.000000) (968.000000 352.000000 -80.000000) (976.000000 352.000000 -80.000000) (976.000000 224.000000 -80.000000) 
4 247 249 (968.000000 360.000000 -80.000000) (968.000000 384.000000 -80.000000) (976.000000 384.000000 -80.000000) (976.000000 360.000000 -80.000000) 
4 248 254 (976.000000 384.000000 -112.000000) (1000.000000 384.000000 -112.000000) (1000.000000 360.000000 -112.000000) (976.000000 360.000000 -112.000000) 
4 248 249 (976.000000 360.000000 -80.000000) (976.000000 384.000000 -80.000000) (976.000000 384.000000 -112.000000) (976.000000 360.000000 -112.000000) 
4 249 281 (968.000000 384.000000 -80.000000) (968.000000 384.000000 -112.000000) (968.000000 360.000000 -112.000000) (968.000000 360.000000 -80.000000) 
4 249 255 (968.000000 360.000000 -112.000000) (968.000000 384.000000 -112.000000) (976.000000 384.000000 -112.000000) (976.000000 360.000000 -112.000000) 
4 250 251 (976.000000 352.000000 -112.000000) (976.000000 224.000000 -112.000000) (976.000000 224.000000 -80.000000) (976.000000 352.000000 -80.000000) 
4 251 281 (968.000000 352.000000 -112.000000) (968.000000 224.000000 -112.000000) (968.000000 224.000000 -80.000000) (968.000000 352.000000 -80.000000) 
4 252 267 (976.000000 192.000000 -112.000000) (1000.000000 192.000000 -112.000000) (1000.000000 192.000000 -80.000000) (976.000000 192.000000 -80.000000) 
4 252 256 (1000.000000 192.000000 -112.000000) (976.000000 192.000000 -112.000000) (976.000000 216.000000 -112.000000) (1000.000000 216.000000 -112.000000) 
4 252 253 (976.000000 216.000000 -112.000000) (976.000000 192.000000 -112.000000) (976.000000 192.000000 -80.000000) (976.000000 216.000000 -80.000000) 
4 253 281 (968.000000 216.000000 -112.000000) (968.000000 192.000000 -112.000000) (968.000000 192.000000 -80.000000) (968.000000 216.000000 -80.000000) 
4 253 257 (976.000000 192.000000 -112.000000) (968.000000 192.000000 -112.000000) (968.000000 216.000000 -112.000000) (976.000000 216.000000 -112.000000) 
4 254 258 (976.000000 384.000000 -120.000000) (1008.000000 384.000000 -120.000000) (1008.000000 352.000000 -120.000000) (976.000000 352.000000 -120.000000) 
4 254 255 (976.000000 384.000000 -112.000000) (976.000000 384.000000 -120.000000) (976.000000 352.000000 -120.000000) (976.000000 352.000000 -112.000000) 
4 255 281 (968.000000 384.000000 -112.000000) (968.000000 384.000000 -120.000000) (968.000000 352.000000 -120.000000) (968.000000 352.000000 -112.000000) 
4 255 259 (968.000000 352.000000 -120.000000) (968.000000 384.000000 -120.000000) (976.000000 384.000000 -120.000000) (976.000000 352.000000 -120.000000) 
4 256 271 (976.000000 192.000000 -120.000000) (1008.000000 192.000000 -120.000000) (1008.000000 192.000000 -112.000000) (976.000000 192.000000 -112.000000) 
4 256 258 (976.000000 224.000000 -120.000000) (1008.000000 224.000000 -120.000000) (1008.000000 192.000000 -120.000000) (976.000000 192.000000 -120.000000) 
4 256 257 (976.000000 224.000000 -112.000000) (976.000000 224.000000 -120.000000) (976.000000 192.000000 -120.000000) (976.000000 192.000000 -112.000000) 
4 257 281 (968.000000 224.000000 -120.000000) (968.000000 192.000000 -120.000000) (968.000000 192.000000 -112.000000) (968.000000 224.000000 -112.000000) 
4 257 259 (968.000000 192.000000 -120.000000) (968.000000 224.000000 -120.000000) (976.000000 224.000000 -120.000000) (976.000000 192.000000 -120.000000) 
4 258 274 (976.000000 192.000000 -152.000000) (1008.000000 192.000000 -152.000000) (1008.000000 192.000000 -120.000000) (976.000000 192.000000 -120.000000) 
4 258 259 (976.000000 192.000000 -128.000000) (976.000000 192.000000 -120.000000) (976.000000 384.000000 -120.000000) (976.000000 384.000000 -128.000000) 
4 259 281 (968.000000 384.000000 -120.000000) (968.000000 384.000000 -128.000000) (968.000000 192.000000 -128.000000) (968.000000 192.000000 -120.000000) 
4 260 283 (968.000000 384.000000 -128.000000) (968.000000 384.000000 -136.000000) (968.000000 192.000000 -136.000000) (968.000000 192.000000 -128.000000) 
4 260 275 (968.000000 192.000000 -128.000000) (968.000000 192.000000 -152.000000) (976.000000 192.000000 -152.000000) (976.000000 192.000000 -128.000000) 
4 261 268 (1224.000000 -104.000000 16.000000) (976.000000 -104.000000 16.000000) (976.000000 24.000000 16.000000) (1224.000000 24.000000 16.000000) 
4 261 266 (1096.000000 24.000000 16.000000) (1000.000000 24.000000 16.000000) (1000.000000 152.000000 16.000000) (1096.000000 152.000000 16.000000) 
4 261 265 (1224.000000 144.000000 16.000000) (1224.000000 32.000000 16.000000) (1104.000000 32.000000 16.000000) (1104.000000 144.000000 16.000000) 
4 261 262 (1000.000000 192.000000 16.000000) (1224.000000 192.000000 16.000000) (1224.000000 152.000000 16.000000) (1000.000000 152.000000 16.000000) 
4 261 267 (976.000000 24.000000 16.000000) (976.000000 192.000000 16.000000) (1000.000000 192.000000 16.000000) (1000.000000 24.000000 16.000000) 
4 262 266 (1096.000000 152.000000 16.000000) (1000.000000 152.000000 16.000000) (1000.000000 152.000000 -80.000000) (1096.000000 152.000000 -80.000000) 
4 262 264 (1000.000000 152.000000 -80.000000) (1000.000000 184.000000 -80.000000) (1184.000000 184.000000 -80.000000) (1184.000000 152.000000 -80.000000) 
4 262 263 (1184.000000 192.000000 -80.000000) (1224.000000 192.000000 -80.000000) (1224.000000 152.000000 -80.000000) (1184.000000 152.000000 -80.000000) 
4 262 267 (1000.000000 152.000000 16.000000) (1000.000000 192.000000 16.000000) (1000.000000 192.000000 -80.000000) (1000.000000 152.000000 -80.000000) 
4 263 271 (1184.000000 192.000000 -112.000000) (1224.000000 192.000000 -112.000000) (1224.000000 152.000000 -112.000000) (1184.000000 152.000000 -112.000000) 
4 263 264 (1184.000000 184.000000 -112.000000) (1184.000000 152.000000 -112.000000) (1184.000000 152.000000 -80.000000) (1184.000000 184.000000 -80.000000) 
4 264 271 (1184.000000 184.000000 -112.000000) (1184.000000 152.000000 -112.000000) (1000.000000 152.000000 -112.000000) (1000.000000 184.000000 -112.000000) 
4 264 266 (1000.000000 152.000000 -112.000000) (1096.000000 152.000000 -112.000000) (1096.000000 152.000000 -80.000000) (1000.000000 152.000000 -80.000000) 
4 264 267 (1000.000000 184.000000 -112.000000) (1000.000000 152.000000 -112.000000) (1000.000000 152.000000 -80.000000) (1000.000000 184.000000 -80.000000) 
4 266 273 (1096.000000 24.000000 -112.000000) (1000.000000 24.000000 -112.000000) (1000.000000 152.000000 -112.000000) (1096.000000 152.000000 -112.000000) 
4 266 270 (1000.000000 24.000000 -112.000000) (1096.000000 24.000000 -112.000000) (1096.000000 24.000000 -80.000000) (1000.000000 24.000000 -80.000000) 
4 266 268 (1096.000000 24.000000 -80.000000) (1096.000000 24.000000 16.000000) (1000.000000 24.000000 16.000000) (1000.000000 24.000000 -80.000000) 
4 266 267 (1000.000000 24.000000 16.000000) (1000.000000 152.000000 16.000000) (1000.000000 152.000000 -112.000000) (1000.000000 24.000000 -112.000000) 
4 267 273 (1000.000000 152.000000 -112.000000) (1000.000000 24.000000 -112.000000) (976.000000 24.000000 -112.000000) (976.000000 152.000000 -112.000000) 
4 267 271 (976.000000 192.000000 -112.000000) (1000.000000 192.000000 -112.000000) (1000.000000 152.000000 -112.000000) (976.000000 152.000000 -112.000000) 
4 267 270 (976.000000 24.000000 -80.000000) (976.000000 24.000000 -112.000000) (1000.000000 24.000000 -112.000000) (1000.000000 24.000000 -80.000000) 
4 267 268 (976.000000 24.000000 16.000000) (976.000000 24.000000 -80.000000) (1000.000000 24.000000 -80.000000) (1000.000000 24.000000 16.000000) 
4 268 269 (1224.000000 -104.000000 -80.000000) (1216.000000 -104.000000 -80.000000) (1216.000000 -8.000000 -80.000000) (1224.000000 -8.000000 -80.000000) 
4 268 270 (1216.000000 -104.000000 -80.000000) (976.000000 -104.000000 -80.000000) (976.000000 24.000000 -80.000000) (1216.000000 24.000000 -80.000000) 
4 269 272 (1224.000000 -8.000000 -112.000000) (1224.000000 -104.000000 -112.000000) (1216.000000 -104.000000 -112.000000) (1216.000000 -8.000000 -112.000000) 
4 269 270 (1216.000000 -8.000000 -112.000000) (1216.000000 -104.000000 -112.000000) (1216.000000 -104.000000 -80.000000) (1216.000000 -8.000000 -80.000000) 
4 270 272 (1216.000000 -104.000000 -112.000000) (1096.000000 -104.000000 -112.000000) (1096.000000 24.000000 -112.000000) (1216.000000 24.000000 -112.000000) 
4 270 273 (1096.000000 -104.000000 -112.000000) (976.000000 -104.000000 -112.000000) (976.000000 24.000000 -112.000000) (1096.000000 24.000000 -112.000000) 
4 271 273 (976.000000 152.000000 -112.000000) (976.000000 152.000000 -120.000000) (1096.000000 152.000000 -120.000000) (1096.000000 152.000000 -112.000000) 
4 271 274 (976.000000 152.000000 -120.000000) (976.000000 192.000000 -120.000000) (1224.000000 192.000000 -120.000000) (1224.000000 152.000000 -120.000000) 
4 272 273 (1096.000000 24.000000 -120.000000) (1096.000000 -104.000000 -120.000000) (1096.000000 -104.000000 -112.000000) (1096.000000 24.000000 -112.000000) 
4 272 274 (1224.000000 -104.000000 -120.000000) (1096.000000 -104.000000 -120.000000) (1096.000000 24.000000 -120.000000) (1224.000000 24.000000 -120.000000) 
4 273 274 (1096.000000 -104.000000 -120.000000) (976.000000 -104.000000 -120.000000) (976.000000 152.000000 -120.000000) (1096.000000 152.000000 -120.000000) 
4 275 282 (968.000000 184.000000 136.000000) (968.000000 192.000000 136.000000) (968.000000 192.000000 -128.000000) (968.000000 184.000000 -128.000000) 
4 279 288 (712.000000 392.000000 128.000000) (712.000000 392.000000 -64.000000) (712.000000 384.000000 -64.000000) (712.000000 384.000000 128.000000) 
4 279 280 (712.000000 384.000000 136.000000) (712.000000 384.000000 128.000000) (968.000000 384.000000 128.000000) (968.000000 384.000000 136.000000) 
4 280 284 (712.000000 192.000000 136.000000) (712.000000 384.000000 136.000000) (712.000000 384.000000 128.000000) (712.000000 192.000000 128.000000) 
4 280 282 (968.000000 192.000000 128.000000) (968.000000 192.000000 136.000000) (712.000000 192.000000 136.000000) (712.000000 192.000000 128.000000) 
4 281 309 (712.000000 224.000000 -64.000000) (712.000000 192.000000 -64.000000) (712.000000 192.000000 -56.000000) (712.000000 224.000000 -56.000000) 
4 281 307 (712.000000 384.000000 -56.000000) (712.000000 384.000000 -64.000000) (712.000000 352.000000 -64.000000) (712.000000 352.000000 -56.000000) 
4 281 304 (712.000000 216.000000 -56.000000) (712.000000 192.000000 -56.000000) (712.000000 192.000000 -24.000000) (712.000000 216.000000 -24.000000) 
4 281 302 (712.000000 352.000000 -56.000000) (712.000000 224.000000 -56.000000) (712.000000 224.000000 -24.000000) (712.000000 352.000000 -24.000000) 
4 281 300 (712.000000 384.000000 -24.000000) (712.000000 384.000000 -56.000000) (712.000000 360.000000 -56.000000) (712.000000 360.000000 -24.000000) 
4 281 298 (712.000000 384.000000 128.000000) (712.000000 384.000000 -24.000000) (712.000000 192.000000 -24.000000) (712.000000 192.000000 128.000000) 
4 282 311 (712.000000 192.000000 128.000000) (712.000000 192.000000 -64.000000) (712.000000 184.000000 -64.000000) (712.000000 184.000000 128.000000) 
4 284 285 (704.000000 384.000000 128.000000) (704.000000 192.000000 128.000000) (704.000000 192.000000 136.000000) (704.000000 384.000000 136.000000) 
4 285 286 (-128.000000 384.000000 128.000000) (-128.000000 192.000000 128.000000) (-128.000000 192.000000 136.000000) (-128.000000 384.000000 136.000000) 
4 289 294 (584.000000 672.000000 -56.000000) (704.000000 672.000000 -56.000000) (704.000000 448.000000 -56.000000) (584.000000 448.000000 -56.000000) 
4 289 291 (584.000000 672.000000 -56.000000) (584.000000 512.000000 -56.000000) (584.000000 512.000000 -24.000000) (584.000000 672.000000 -24.000000) 
4 289 290 (584.000000 448.000000 -24.000000) (584.000000 448.000000 128.000000) (584.000000 672.000000 128.000000) (584.000000 672.000000 -24.000000) 
4 289 293 (704.000000 448.000000 -56.000000) (704.000000 448.000000 128.000000) (584.000000 448.000000 128.000000) (584.000000 448.000000 -56.000000) 
4 290 331 (512.000000 576.000000 -24.000000) (512.000000 448.000000 -24.000000) (512.000000 448.000000 104.000000) (512.000000 576.000000 104.000000) 
4 290 326 (512.000000 648.000000 -24.000000) (512.000000 576.000000 -24.000000) (512.000000 576.000000 104.000000) (512.000000 648.000000 104.000000) 
4 290 325 (512.000000 672.000000 104.000000) (512.000000 672.000000 -24.000000) (512.000000 648.000000 -24.000000) (512.000000 648.000000 104.000000) 
4 290 321 (512.000000 448.000000 128.000000) (512.000000 672.000000 128.000000) (512.000000 672.000000 104.000000) (512.000000 448.000000 104.000000) 
4 290 292 (576.000000 448.000000 -24.000000) (512.000000 448.000000 -24.000000) (512.000000 512.000000 -24.000000) (576.000000 512.000000 -24.000000) 
4 290 291 (512.000000 512.000000 -24.000000) (512.000000 672.000000 -24.000000) (584.000000 672.000000 -24.000000) (584.000000 512.000000 -24.000000) 
4 290 293 (584.000000 448.000000 128.000000) (512.000000 448.000000 128.000000) (512.000000 448.000000 -24.000000) (584.000000 448.000000 -24.000000) 
4 291 331 (512.000000 576.000000 -56.000000) (512.000000 512.000000 -56.000000) (512.000000 512.000000 -24.000000) (512.000000 576.000000 -24.000000) 
4 291 327 (512.000000 648.000000 -56.000000) (512.000000 584.000000 -56.000000) (512.000000 584.000000 -24.000000) (512.000000 648.000000 -24.000000) 
4 291 325 (512.000000 672.000000 -24.000000) (512.000000 672.000000 -56.000000) (512.000000 648.000000 -56.000000) (512.000000 648.000000 -24.000000) 
3 291 297 (544.000000 567.000000 -56.000000) (561.951220 561.951220 -56.000000) (567.000000 544.000000 -56.000000) 
4 291 296 (512.000000 576.000000 -56.000000) (512.000000 672.000000 -56.000000) (531.000000 672.000000 -56.000000) (561.951220 561.951220 -56.000000) 
3 291 295 (531.000000 672.000000 -56.000000) (576.000000 672.000000 -56.000000) (576.000000 512.000000 -56.000000) 
4 291 294 (576.000000 672.000000 -56.000000) (584.000000 672.000000 -56.000000) (584.000000 512.000000 -56.000000) (576.000000 512.000000 -56.000000) 
4 291 292 (512.000000 512.000000 -24.000000) (512.000000 512.000000 -56.000000) (576.000000 512.000000 -56.000000) (576.000000 512.000000 -24.000000) 
4 292 331 (512.000000 512.000000 -56.000000) (512.000000 448.000000 -56.000000) (512.000000 448.000000 -24.000000) (512.000000 512.000000 -24.000000) 
4 292 293 (512.000000 448.000000 -24.000000) (512.000000 448.000000 -56.000000) (576.000000 448.000000 -56.000000) (576.000000 448.000000 -24.000000) 
4 293 331 (512.000000 384.000000 -56.000000) (512.000000 384.000000 104.000000) (512.000000 448.000000 104.000000) (512.000000 448.000000 -56.000000) 
4 293 321 (512.000000 384.000000 104.000000) (512.000000 384.000000 128.000000) (512.000000 448.000000 128.000000) (512.000000 448.000000 104.000000) 
4 293 301 (648.000000 384.000000 -56.000000) (704.000000 384.000000 -56.000000) (704.000000 384.000000 -24.000000) (648.000000 384.000000 -24.000000) 
4 293 299 (704.000000 384.000000 -24.000000) (704.000000 384.000000 128.000000) (648.000000 384.000000 128.000000) (648.000000 384.000000 -24.000000) 
4 293 306 (512.000000 384.000000 128.000000) (512.000000 384.000000 -56.000000) (648.000000 384.000000 -56.000000) (648.000000 384.000000 128.000000) 
4 293 294 (704.000000 384.000000 -56.000000) (576.000000 384.000000 -56.000000) (576.000000 448.000000 -56.000000) (704.000000 448.000000 -56.000000) 
4 294 308 (640.000000 384.000000 -64.000000) (704.000000 384.000000 -64.000000) (704.000000 384.000000 -56.000000) (640.000000 384.000000 -56.000000) 
4 294 295 (576.000000 512.000000 -56.000000) (576.000000 672.000000 -56.000000) (576.000000 672.000000 -64.000000) (576.000000 512.000000 -64.000000) 
4 295 297 (561.951220 561.951220 -64.000000) (567.000000 544.000000 -64.000000) (567.000000 544.000000 -56.000000) (561.951220 561.951220 -56.000000) 
4 295 296 (531.000000 672.000000 -56.000000) (531.000000 672.000000 -64.000000) (561.951220 561.951220 -64.000000) (561.951220 561.951220 -56.000000) 
4 296 362 (512.000000 672.000000 -64.000000) (512.000000 576.000000 -64.000000) (512.000000 576.000000 -56.000000) (512.000000 672.000000 -56.000000) 
4 296 297 (561.951220 561.951220 -56.000000) (544.000000 567.000000 -56.000000) (544.000000 567.000000 -64.000000) (561.951220 561.951220 -64.000000) 
4 298 304 (712.000000 192.000000 -24.000000) (704.000000 192.000000 -24.000000) (704.000000 216.000000 -24.000000) (712.000000 216.000000 -24.000000) 
4 298 302 (704.000000 224.000000 -24.000000) (704.000000 352.000000 -24.000000) (712.000000 352.000000 -24.000000) (712.000000 224.000000 -24.000000) 
4 298 300 (704.000000 360.000000 -24.000000) (704.000000 384.000000 -24.000000) (712.000000 384.000000 -24.000000) (712.000000 360.000000 -24.000000) 
4 298 299 (704.000000 192.000000 -24.000000) (704.000000 192.000000 128.000000) (704.000000 384.000000 128.000000) (704.000000 384.000000 -24.000000) 
4 299 312 (704.000000 192.000000 128.000000) (648.000000 192.000000 128.000000) (648.000000 192.000000 -24.000000) (704.000000 192.000000 -24.000000) 
4 299 305 (704.000000 192.000000 -24.000000) (648.000000 192.000000 -24.000000) (648.000000 216.000000 -24.000000) (704.000000 216.000000 -24.000000) 
4 299 303 (648.000000 224.000000 -24.000000) (648.000000 352.000000 -24.000000) (704.000000 352.000000 -24.000000) (704.000000 224.000000 -24.000000) 
4 299 301 (648.000000 360.000000 -24.000000) (648.000000 384.000000 -24.000000) (704.000000 384.000000 -24.000000) (704.000000 360.000000 -24.000000) 
4 299 306 (648.000000 192.000000 -24.000000) (648.000000 192.000000 128.000000) (648.000000 384.000000 128.000000) (648.000000 384.000000 -24.000000) 
4 300 307 (704.000000 384.000000 -56.000000) (712.000000 384.000000 -56.000000) (712.000000 360.000000 -56.000000) (704.000000 360.000000 -56.000000) 
4 300 301 (704.000000 360.000000 -24.000000) (704.000000 384.000000 -24.000000) (704.000000 384.000000 -56.000000) (704.000000 360.000000 -56.000000) 
4 301 308 (648.000000 360.000000 -56.000000) (648.000000 384.000000 -56.000000) (704.000000 384.000000 -56.000000) (704.000000 360.000000 -56.000000) 
4 301 306 (648.000000 360.000000 -24.000000) (648.000000 384.000000 -24.000000) (648.000000 384.000000 -56.000000) (648.000000 360.000000 -56.000000) 
4 302 303 (704.000000 352.000000 -56.000000) (704.000000 224.000000 -56.000000) (704.000000 224.000000 -24.000000) (704.000000 352.000000 -24.000000) 
4 303 306 (648.000000 224.000000 -24.000000) (648.000000 352.000000 -24.000000) (648.000000 352.000000 -56.000000) (648.000000 224.000000 -56.000000) 
4 304 309 (712.000000 192.000000 -56.000000) (704.000000 192.000000 -56.000000) (704.000000 216.000000 -56.000000) (712.000000 216.000000 -56.000000) 
4 304 305 (704.000000 216.000000 -56.000000) (704.000000 192.000000 -56.000000) (704.000000 192.000000 -24.000000) (704.000000 216.000000 -24.000000) 
4 305 313 (704.000000 192.000000 -24.000000) (648.000000 192.000000 -24.000000) (648.000000 192.000000 -56.000000) (704.000000 192.000000 -56.000000) 
4 305 310 (704.000000 192.000000 -56.000000) (648.000000 192.000000 -56.000000) (648.000000 216.000000 -56.000000) (704.000000 216.000000 -56.000000) 
4 305 306 (648.000000 192.000000 -56.000000) (648.000000 192.000000 -24.000000) (648.000000 216.000000 -24.000000) (648.000000 216.000000 -56.000000) 
4 306 331 (512.000000 192.000000 -56.000000) (512.000000 192.000000 104.000000) (512.000000 384.000000 104.000000) (512.000000 384.000000 -56.000000) 
4 306 322 (512.000000 192.000000 104.000000) (512.000000 192.000000 128.000000) (512.000000 384.000000 128.000000) (512.000000 384.000000 104.000000) 
4 306 313 (512.000000 192.000000 -24.000000) (512.000000 192.000000 -56.000000) (648.000000 192.000000 -56.000000) (648.000000 192.000000 -24.000000) 
4 306 312 (648.000000 192.000000 128.000000) (512.000000 192.000000 128.000000) (512.000000 192.000000 -24.000000) (648.000000 192.000000 -24.000000) 
4 306 310 (648.000000 192.000000 -56.000000) (640.000000 192.000000 -56.000000) (640.000000 224.000000 -56.000000) (648.000000 224.000000 -56.000000) 
4 306 308 (640.000000 352.000000 -56.000000) (640.000000 384.000000 -56.000000) (648.000000 384.000000 -56.000000) (648.000000 352.000000 -56.000000) 
4 307 308 (704.000000 384.000000 -56.000000) (704.000000 384.000000 -64.000000) (704.000000 352.000000 -64.000000) (704.000000 352.000000 -56.000000) 
4 309 310 (704.000000 224.000000 -56.000000) (704.000000 224.000000 -64.000000) (704.000000 192.000000 -64.000000) (704.000000 192.000000 -56.000000) 
4 310 318 (640.000000 192.000000 -64.000000) (704.000000 192.000000 -64.000000) (704.000000 192.000000 -56.000000) (640.000000 192.000000 -56.000000) 
4 312 332 (512.000000 -72.000000 104.000000) (512.000000 0.000000 104.000000) (512.000000 0.000000 -24.000000) (512.000000 -72.000000 -24.000000) 
4 312 331 (512.000000 0.000000 104.000000) (512.000000 192.000000 104.000000) (512.000000 192.000000 -24.000000) (512.000000 0.000000 -24.000000) 
4 312 357 (512.000000 -96.000000 -24.000000) (512.000000 -96.000000 104.000000) (512.000000 -72.000000 104.000000) (512.000000 -72.000000 -24.000000) 
4 312 324 (512.000000 -96.000000 104.000000) (512.000000 -96.000000 128.000000) (512.000000 192.000000 128.000000) (512.000000 192.000000 104.000000) 
4 312 314 (584.000000 128.000000 -24.000000) (704.000000 128.000000 -24.000000) (704.000000 64.000000 -24.000000) (584.000000 64.000000 -24.000000) 
4 312 315 (512.000000 64.000000 -24.000000) (512.000000 128.000000 -24.000000) (576.000000 128.000000 -24.000000) (576.000000 64.000000 -24.000000) 
4 312 313 (512.000000 128.000000 -24.000000) (512.000000 192.000000 -24.000000) (704.000000 192.000000 -24.000000) (704.000000 128.000000 -24.000000) 
4 312 316 (512.000000 -96.000000 -24.000000) (512.000000 64.000000 -24.000000) (704.000000 64.000000 -24.000000) (704.000000 -96.000000 -24.000000) 
4 313 331 (512.000000 128.000000 -24.000000) (512.000000 192.000000 -24.000000) (512.000000 192.000000 -56.000000) (512.000000 128.000000 -56.000000) 
5 313 318 (576.000000 192.000000 -56.000000) (704.000000 192.000000 -56.000000) (704.000000 169.000000 -56.000000) (663.000000 128.000000 -56.000000) (576.000000 128.000000 -56.000000) 
3 313 317 (704.000000 169.000000 -56.000000) (704.000000 128.000000 -56.000000) (663.000000 128.000000 -56.000000) 
4 313 314 (704.000000 128.000000 -56.000000) (704.000000 128.000000 -24.000000) (584.000000 128.000000 -24.000000) (584.000000 128.000000 -56.000000) 
4 313 315 (576.000000 128.000000 -24.000000) (512.000000 128.000000 -24.000000) (512.000000 128.000000 -56.000000) (576.000000 128.000000 -56.000000) 
4 314 318 (584.000000 128.000000 -56.000000) (663.000000 128.000000 -56.000000) (599.000000 64.000000 -56.000000) (584.000000 64.000000 -56.000000) 
4 314 317 (663.000000 128.000000 -56.000000) (704.000000 128.000000 -56.000000) (704.000000 64.000000 -56.000000) (599.000000 64.000000 -56.000000) 
4 314 316 (584.000000 64.000000 -56.000000) (704.000000 64.000000 -56.000000) (704.000000 64.000000 -24.000000) (584.000000 64.000000 -24.000000) 
4 315 331 (512.000000 64.000000 -24.000000) (512.000000 128.000000 -24.000000) (512.000000 128.000000 -56.000000) (512.000000 64.000000 -56.000000) 
4 315 316 (512.000000 64.000000 -24.000000) (512.000000 64.000000 -56.000000) (576.000000 64.000000 -56.000000) (576.000000 64.000000 -24.000000) 
4 316 333 (512.000000 -72.000000 -24.000000) (512.000000 -8.000000 -24.000000) (512.000000 -8.000000 -56.000000) (512.000000 -72.000000 -56.000000) 
4 316 331 (512.000000 0.000000 -24.000000) (512.000000 64.000000 -24.000000) (512.000000 64.000000 -56.000000) (512.000000 0.000000 -56.000000) 
4 316 357 (512.000000 -96.000000 -56.000000) (512.000000 -96.000000 -24.000000) (512.000000 -72.000000 -24.000000) (512.000000 -72.000000 -56.000000) 
3 316 320 (512.000000 -23.000000 -56.000000) (512.000000 -0.000000 -56.000000) (544.000000 9.000000 -56.000000) 
3 316 319 (576.000000 64.000000 -56.000000) (576.000000 41.000000 -56.000000) (567.000000 32.000000 -56.000000) 
3 316 318 (576.000000 64.000000 -56.000000) (599.000000 64.000000 -56.000000) (576.000000 41.000000 -56.000000) 
5 316 317 (704.000000 -96.000000 -56.000000) (512.000000 -96.000000 -56.000000) (512.000000 -23.000000 -56.000000) (599.000000 64.000000 -56.000000) (704.000000 64.000000 -56.000000) 
4 317 363 (512.000000 -23.000000 -64.000000) (512.000000 -96.000000 -64.000000) (512.000000 -96.000000 -56.000000) (512.000000 -23.000000 -56.000000) 
4 317 320 (512.000000 -23.000000 -64.000000) (512.000000 -23.000000 -56.000000) (544.000000 9.000000 -56.000000) (544.000000 9.000000 -64.000000) 
4 317 319 (567.000000 32.000000 -56.000000) (576.000000 41.000000 -56.000000) (576.000000 41.000000 -64.000000) (567.000000 32.000000 -64.000000) 
4 317 318 (576.000000 41.000000 -56.000000) (704.000000 169.000000 -56.000000) (704.000000 169.000000 -64.000000) (576.000000 41.000000 -64.000000) 
4 318 319 (576.000000 64.000000 -64.000000) (576.000000 41.000000 -64.000000) (576.000000 41.000000 -56.000000) (576.000000 64.000000 -56.000000) 
4 320 363 (512.000000 0.000000 -64.000000) (512.000000 -23.000000 -64.000000) (512.000000 -23.000000 -56.000000) (512.000000 -0.000000 -56.000000) 
4 321 368 (64.000000 672.000000 128.000000) (64.000000 672.000000 104.000000) (64.000000 384.000000 104.000000) (64.000000 384.000000 128.000000) 
4 321 358 (64.000000 384.000000 104.000000) (64.000000 672.000000 104.000000) (128.000000 672.000000 104.000000) (128.000000 384.000000 104.000000) 
4 321 342 (200.000000 384.000000 104.000000) (128.000000 384.000000 104.000000) (128.000000 576.000000 104.000000) (200.000000 576.000000 104.000000) 
4 321 340 (232.000000 384.000000 104.000000) (200.000000 384.000000 104.000000) (200.000000 576.000000 104.000000) (232.000000 576.000000 104.000000) 
4 321 338 (376.000000 384.000000 104.000000) (344.000000 384.000000 104.000000) (344.000000 576.000000 104.000000) (376.000000 576.000000 104.000000) 
4 321 339 (344.000000 384.000000 104.000000) (232.000000 384.000000 104.000000) (232.000000 576.000000 104.000000) (344.000000 576.000000 104.000000) 
4 321 335 (384.000000 384.000000 104.000000) (376.000000 384.000000 104.000000) (376.000000 576.000000 104.000000) (384.000000 576.000000 104.000000) 
4 321 334 (448.000000 384.000000 104.000000) (384.000000 384.000000 104.000000) (384.000000 576.000000 104.000000) (448.000000 576.000000 104.000000) 
4 321 331 (512.000000 576.000000 104.000000) (512.000000 384.000000 104.000000) (448.000000 384.000000 104.000000) (448.000000 576.000000 104.000000) 
4 321 326 (512.000000 648.000000 104.000000) (512.000000 576.000000 104.000000) (128.000000 576.000000 104.000000) (128.000000 648.000000 104.000000) 
4 321 325 (128.000000 672.000000 104.000000) (512.000000 672.000000 104.000000) (512.000000 648.000000 104.000000) (128.000000 648.000000 104.000000) 
4 321 322 (384.000000 384.000000 104.000000) (512.000000 384.000000 104.000000) (512.000000 384.000000 128.000000) (384.000000 384.000000 128.000000) 
4 321 323 (64.000000 384.000000 104.000000) (192.000000 384.000000 104.000000) (192.000000 384.000000 128.000000) (64.000000 384.000000 128.000000) 
4 322 349 (448.000000 200.000000 104.000000) (448.000000 192.000000 104.000000) (384.000000 192.000000 104.000000) (384.000000 200.000000 104.000000) 
4 322 337 (448.000000 232.000000 104.000000) (448.000000 200.000000 104.000000) (384.000000 200.000000 104.000000) (384.000000 232.000000 104.000000) 
4 322 336 (448.000000 344.000000 104.000000) (448.000000 232.000000 104.000000) (384.000000 232.000000 104.000000) (384.000000 344.000000 104.000000) 
4 322 334 (384.000000 384.000000 104.000000) (448.000000 384.000000 104.000000) (448.000000 344.000000 104.000000) (384.000000 344.000000 104.000000) 
4 322 331 (448.000000 384.000000 104.000000) (512.000000 384.000000 104.000000) (512.000000 192.000000 104.000000) (448.000000 192.000000 104.000000) 
4 322 324 (384.000000 192.000000 104.000000) (512.000000 192.000000 104.000000) (512.000000 192.000000 128.000000) (384.000000 192.000000 128.000000) 
4 323 378 (64.000000 384.000000 104.000000) (64.000000 192.000000 104.000000) (64.000000 192.000000 128.000000) (64.000000 384.000000 128.000000) 
4 323 358 (64.000000 192.000000 104.000000) (64.000000 384.000000 104.000000) (128.000000 384.000000 104.000000) (128.000000 192.000000 104.000000) 
4 323 356 (192.000000 200.000000 104.000000) (192.000000 192.000000 104.000000) (128.000000 192.000000 104.000000) (128.000000 200.000000 104.000000) 
4 323 345 (192.000000 232.000000 104.000000) (192.000000 200.000000 104.000000) (128.000000 200.000000 104.000000) (128.000000 232.000000 104.000000) 
4 323 344 (192.000000 344.000000 104.000000) (192.000000 232.000000 104.000000) (128.000000 232.000000 104.000000) (128.000000 344.000000 104.000000) 
4 323 343 (128.000000 384.000000 104.000000) (192.000000 384.000000 104.000000) (192.000000 344.000000 104.000000) (128.000000 344.000000 104.000000) 
4 323 324 (64.000000 192.000000 128.000000) (64.000000 192.000000 104.000000) (192.000000 192.000000 104.000000) (192.000000 192.000000 128.000000) 
4 324 389 (64.000000 192.000000 104.000000) (64.000000 -96.000000 104.000000) (64.000000 -96.000000 128.000000) (64.000000 192.000000 128.000000) 
4 324 358 (128.000000 -96.000000 104.000000) (64.000000 -96.000000 104.000000) (64.000000 192.000000 104.000000) (128.000000 192.000000 104.000000) 
4 324 355 (344.000000 -64.000000 104.000000) (344.000000 -72.000000 104.000000) (192.000000 -72.000000 104.000000) (192.000000 -64.000000 104.000000) 
4 324 354 (192.000000 192.000000 104.000000) (232.000000 192.000000 104.000000) (232.000000 -64.000000 104.000000) (192.000000 -64.000000 104.000000) 
4 324 352 (232.000000 192.000000 104.000000) (344.000000 192.000000 104.000000) (344.000000 -64.000000 104.000000) (232.000000 -64.000000 104.000000) 
4 324 351 (384.000000 -64.000000 104.000000) (384.000000 -72.000000 104.000000) (344.000000 -72.000000 104.000000) (344.000000 -64.000000 104.000000) 
4 324 350 (344.000000 192.000000 104.000000) (384.000000 192.000000 104.000000) (384.000000 -64.000000 104.000000) (344.000000 -64.000000 104.000000) 
4 324 349 (384.000000 192.000000 104.000000) (448.000000 192.000000 104.000000) (448.000000 -72.000000 104.000000) (384.000000 -72.000000 104.000000) 
4 324 356 (128.000000 -72.000000 104.000000) (128.000000 192.000000 104.000000) (192.000000 192.000000 104.000000) (192.000000 -72.000000 104.000000) 
4 324 332 (512.000000 0.000000 104.000000) (512.000000 -72.000000 104.000000) (448.000000 -72.000000 104.000000) (448.000000 0.000000 104.000000) 
4 324 331 (448.000000 192.000000 104.000000) (512.000000 192.000000 104.000000) (512.000000 0.000000 104.000000) (448.000000 0.000000 104.000000) 
4 324 357 (512.000000 -96.000000 104.000000) (128.000000 -96.000000 104.000000) (128.000000 -72.000000 104.000000) (512.000000 -72.000000 104.000000) 
4 325 366 (128.000000 672.000000 -56.000000) (192.000000 672.000000 -56.000000) (192.000000 648.000000 -56.000000) (128.000000 648.000000 -56.000000) 
4 325 364 (192.000000 672.000000 -56.000000) (384.000000 672.000000 -56.000000) (384.000000 648.000000 -56.000000) (192.000000 648.000000 -56.000000) 
4 325 362 (384.000000 672.000000 -56.000000) (512.000000 672.000000 -56.000000) (512.000000 648.000000 -56.000000) (384.000000 648.000000 -56.000000) 
4 325 359 (128.000000 672.000000 -56.000000) (128.000000 648.000000 -56.000000) (128.000000 648.000000 -24.000000) (128.000000 672.000000 -24.000000) 
4 325 358 (128.000000 648.000000 -24.000000) (128.000000 648.000000 104.000000) (128.000000 672.000000 104.000000) (128.000000 672.000000 -24.000000) 
4 325 330 (128.000000 648.000000 -56.000000) (192.000000 648.000000 -56.000000) (192.000000 648.000000 -24.000000) (128.000000 648.000000 -24.000000) 
4 325 328 (384.000000 648.000000 -56.000000) (448.000000 648.000000 -56.000000) (448.000000 648.000000 -24.000000) (384.000000 648.000000 -24.000000) 
4 325 327 (448.000000 648.000000 -56.000000) (512.000000 648.000000 -56.000000) (512.000000 648.000000 -24.000000) (448.000000 648.000000 -24.000000) 
4 325 326 (512.000000 648.000000 -24.000000) (512.000000 648.000000 104.000000) (128.000000 648.000000 104.000000) (128.000000 648.000000 -24.000000) 
4 326 358 (128.000000 576.000000 -24.000000) (128.000000 576.000000 104.000000) (128.000000 648.000000 104.000000) (128.000000 648.000000 -24.000000) 
4 326 342 (128.000000 576.000000 104.000000) (128.000000 576.000000 -24.000000) (200.000000 576.000000 -24.000000) (200.000000 576.000000 104.000000) 
4 326 340 (200.000000 576.000000 -24.000000) (232.000000 576.000000 -24.000000) (232.000000 576.000000 104.000000) (200.000000 576.000000 104.000000) 
4 326 338 (344.000000 576.000000 -24.000000) (376.000000 576.000000 -24.000000) (376.000000 576.000000 104.000000) (344.000000 576.000000 104.000000) 
4 326 339 (232.000000 576.000000 -24.000000) (344.000000 576.000000 -24.000000) (344.000000 576.000000 104.000000) (232.000000 576.000000 104.000000) 
4 326 335 (376.000000 576.000000 -24.000000) (384.000000 576.000000 -24.000000) (384.000000 576.000000 104.000000) (376.000000 576.000000 104.000000) 
4 326 334 (384.000000 576.000000 -24.000000) (448.000000 576.000000 -24.000000) (448.000000 576.000000 104.000000) (384.000000 576.000000 104.000000) 
4 326 331 (448.000000 576.000000 -24.000000) (512.000000 576.000000 -24.000000) (512.000000 576.000000 104.000000) (448.000000 576.000000 104.000000) 
4 326 329 (384.000000 640.000000 -24.000000) (384.000000 576.000000 -24.000000) (192.000000 576.000000 -24.000000) (192.000000 640.000000 -24.000000) 
4 326 330 (128.000000 576.000000 -24.000000) (128.000000 648.000000 -24.000000) (192.000000 648.000000 -24.000000) (192.000000 576.000000 -24.000000) 
4 326 328 (384.000000 648.000000 -24.000000) (448.000000 648.000000 -24.000000) (448.000000 576.000000 -24.000000) (384.000000 576.000000 -24.000000) 
4 326 327 (448.000000 648.000000 -24.000000) (512.000000 648.000000 -24.000000) (512.000000 584.000000 -24.000000) (448.000000 584.000000 -24.000000) 
4 327 362 (512.000000 648.000000 -56.000000) (512.000000 584.000000 -56.000000) (448.000000 584.000000 -56.000000) (448.000000 648.000000 -56.000000) 
4 327 328 (448.000000 648.000000 -24.000000) (448.000000 648.000000 -56.000000) (448.000000 584.000000 -56.000000) (448.000000 584.000000 -24.000000) 
4 328 362 (448.000000 576.000000 -56.000000) (384.000000 576.000000 -56.000000) (384.000000 648.000000 -56.000000) (448.000000 648.000000 -56.000000) 
4 328 346 (384.000000 576.000000 -56.000000) (448.000000 576.000000 -56.000000) (448.000000 576.000000 -24.000000) (384.000000 576.000000 -24.000000) 
4 328 329 (384.000000 576.000000 -24.000000) (384.000000 640.000000 -24.000000) (384.000000 640.000000 -56.000000) (384.000000 576.000000 -56.000000) 
4 329 346 (192.000000 576.000000 -56.000000) (384.000000 576.000000 -56.000000) (384.000000 576.000000 -24.000000) (192.000000 576.000000 -24.000000) 
4 329 330 (192.000000 640.000000 -56.000000) (192.000000 576.000000 -56.000000) (192.000000 576.000000 -24.000000) (192.000000 640.000000 -24.000000) 
4 330 366 (192.000000 576.000000 -56.000000) (128.000000 576.000000 -56.000000) (128.000000 648.000000 -56.000000) (192.000000 648.000000 -56.000000) 
4 330 359 (128.000000 648.000000 -56.000000) (128.000000 584.000000 -56.000000) (128.000000 584.000000 -24.000000) (128.000000 648.000000 -24.000000) 
4 330 346 (128.000000 576.000000 -24.000000) (128.000000 576.000000 -56.000000) (192.000000 576.000000 -56.000000) (192.000000 576.000000 -24.000000) 
4 331 349 (448.000000 200.000000 -56.000000) (448.000000 0.000000 -56.000000) (448.000000 0.000000 104.000000) (448.000000 200.000000 104.000000) 
4 331 347 (448.000000 384.000000 -56.000000) (448.000000 200.000000 -56.000000) (448.000000 200.000000 -24.000000) (448.000000 384.000000 -24.000000) 
4 331 346 (448.000000 576.000000 -56.000000) (448.000000 384.000000 -56.000000) (448.000000 384.000000 -24.000000) (448.000000 576.000000 -24.000000) 
4 331 337 (448.000000 200.000000 -24.000000) (448.000000 200.000000 104.000000) (448.000000 232.000000 104.000000) (448.000000 232.000000 -24.000000) 
4 331 336 (448.000000 232.000000 104.000000) (448.000000 344.000000 104.000000) (448.000000 344.000000 -24.000000) (448.000000 232.000000 -24.000000) 
4 331 334 (448.000000 344.000000 104.000000) (448.000000 576.000000 104.000000) (448.000000 576.000000 -24.000000) (448.000000 344.000000 -24.000000) 
4 331 332 (512.000000 0.000000 -24.000000) (512.000000 0.000000 104.000000) (448.000000 0.000000 104.000000) (448.000000 0.000000 -24.000000) 
4 332 349 (448.000000 -72.000000 -24.000000) (448.000000 -72.000000 104.000000) (448.000000 0.000000 104.000000) (448.000000 0.000000 -24.000000) 
4 332 333 (448.000000 -72.000000 -24.000000) (448.000000 -8.000000 -24.000000) (512.000000 -8.000000 -24.000000) (512.000000 -72.000000 -24.000000) 
4 332 357 (512.000000 -72.000000 -24.000000) (512.000000 -72.000000 104.000000) (448.000000 -72.000000 104.000000) (448.000000 -72.000000 -24.000000) 
4 333 363 (512.000000 -8.000000 -56.000000) (512.000000 -72.000000 -56.000000) (448.000000 -72.000000 -56.000000) (448.000000 -8.000000 -56.000000) 
4 333 349 (448.000000 -8.000000 -56.000000) (448.000000 -72.000000 -56.000000) (448.000000 -72.000000 -24.000000) (448.000000 -8.000000 -24.000000) 
4 333 357 (448.000000 -72.000000 -56.000000) (512.000000 -72.000000 -56.000000) (512.000000 -72.000000 -24.000000) (448.000000 -72.000000 -24.000000) 
4 334 347 (448.000000 384.000000 -24.000000) (448.000000 344.000000 -24.000000) (384.000000 344.000000 -24.000000) (384.000000 384.000000 -24.000000) 
4 334 346 (384.000000 576.000000 -24.000000) (448.000000 576.000000 -24.000000) (448.000000 384.000000 -24.000000) (384.000000 384.000000 -24.000000) 
4 334 336 (384.000000 344.000000 -24.000000) (448.000000 344.000000 -24.000000) (448.000000 344.000000 104.000000) (384.000000 344.000000 104.000000) 
4 334 335 (384.000000 576.000000 -24.000000) (384.000000 384.000000 -24.000000) (384.000000 384.000000 104.000000) (384.000000 576.000000 104.000000) 
4 335 346 (376.000000 576.000000 -24.000000) (384.000000 576.000000 -24.000000) (384.000000 384.000000 -24.000000) (376.000000 384.000000 -24.000000) 
4 335 338 (376.000000 576.000000 -24.000000) (376.000000 384.000000 -24.000000) (376.000000 384.000000 104.000000) (376.000000 576.000000 104.000000) 
4 336 347 (448.000000 344.000000 -24.000000) (448.000000 232.000000 -24.000000) (384.000000 232.000000 -24.000000) (384.000000 344.000000 -24.000000) 
4 336 341 (376.000000 344.000000 -24.000000) (376.000000 232.000000 -24.000000) (376.000000 232.000000 104.000000) (376.000000 344.000000 104.000000) 
4 336 337 (384.000000 232.000000 -24.000000) (448.000000 232.000000 -24.000000) (448.000000 232.000000 104.000000) (384.000000 232.000000 104.000000) 
4 337 349 (448.000000 200.000000 -24.000000) (448.000000 200.000000 104.000000) (384.000000 200.000000 104.000000) (384.000000 200.000000 -24.000000) 
4 337 347 (448.000000 232.000000 -24.000000) (448.000000 200.000000 -24.000000) (384.000000 200.000000 -24.000000) (384.000000 232.000000 -24.000000) 
4 338 346 (344.000000 576.000000 -24.000000) (376.000000 576.000000 -24.000000) (376.000000 384.000000 -24.000000) (344.000000 384.000000 -24.000000) 
4 338 339 (344.000000 576.000000 104.000000) (344.000000 576.000000 -24.000000) (344.000000 384.000000 -24.000000) (344.000000 384.000000 104.000000) 
4 339 346 (232.000000 576.000000 -24.000000) (344.000000 576.000000 -24.000000) (344.000000 384.000000 -24.000000) (232.000000 384.000000 -24.000000) 
4 339 340 (232.000000 576.000000 -24.000000) (232.000000 384.000000 -24.000000) (232.000000 384.000000 104.000000) (232.000000 576.000000 104.000000) 
4 339 341 (232.000000 376.000000 -24.000000) (344.000000 376.000000 -24.000000) (344.000000 376.000000 104.000000) (232.000000 376.000000 104.000000) 
4 340 346 (200.000000 576.000000 -24.000000) (232.000000 576.000000 -24.000000) (232.000000 384.000000 -24.000000) (200.000000 384.000000 -24.000000) 
4 340 342 (200.000000 576.000000 104.000000) (200.000000 576.000000 -24.000000) (200.000000 384.000000 -24.000000) (200.000000 384.000000 104.000000) 
4 341 352 (344.000000 200.000000 104.000000) (232.000000 200.000000 104.000000) (232.000000 200.000000 -24.000000) (344.000000 200.000000 -24.000000) 
4 341 344 (200.000000 344.000000 -24.000000) (200.000000 232.000000 -24.000000) (200.000000 232.000000 104.000000) (200.000000 344.000000 104.000000) 
4 342 358 (128.000000 384.000000 104.000000) (128.000000 576.000000 104.000000) (128.000000 576.000000 -24.000000) (128.000000 384.000000 -24.000000) 
4 342 346 (128.000000 384.000000 -24.000000) (128.000000 576.000000 -24.000000) (200.000000 576.000000 -24.000000) (200.000000 384.000000 -24.000000) 
4 342 343 (128.000000 384.000000 104.000000) (128.000000 384.000000 -24.000000) (192.000000 384.000000 -24.000000) (192.000000 384.000000 104.000000) 
4 343 358 (128.000000 344.000000 104.000000) (128.000000 384.000000 104.000000) (128.000000 384.000000 -24.000000) (128.000000 344.000000 -24.000000) 
4 343 348 (128.000000 344.000000 -24.000000) (128.000000 384.000000 -24.000000) (192.000000 384.000000 -24.000000) (192.000000 344.000000 -24.000000) 
4 343 344 (192.000000 344.000000 104.000000) (128.000000 344.000000 104.000000) (128.000000 344.000000 -24.000000) (192.000000 344.000000 -24.000000) 
4 344 358 (128.000000 232.000000 104.000000) (128.000000 344.000000 104.000000) (128.000000 344.000000 -24.000000) (128.000000 232.000000 -24.000000) 
4 344 348 (128.000000 232.000000 -24.000000) (128.000000 344.000000 -24.000000) (192.000000 344.000000 -24.000000) (192.000000 232.000000 -24.000000) 
4 344 345 (128.000000 232.000000 104.000000) (128.000000 232.000000 -24.000000) (192.000000 232.000000 -24.000000) (192.000000 232.000000 104.000000) 
4 345 358 (128.000000 200.000000 -24.000000) (128.000000 200.000000 104.000000) (128.000000 232.000000 104.000000) (128.000000 232.000000 -24.000000) 
4 345 356 (192.000000 200.000000 104.000000) (128.000000 200.000000 104.000000) (128.000000 200.000000 -24.000000) (192.000000 200.000000 -24.000000) 
4 345 348 (128.000000 200.000000 -24.000000) (128.000000 232.000000 -24.000000) (192.000000 232.000000 -24.000000) (192.000000 200.000000 -24.000000) 
4 346 360 (128.000000 576.000000 -56.000000) (128.000000 384.000000 -56.000000) (128.000000 384.000000 -24.000000) (128.000000 576.000000 -24.000000) 
4 346 347 (384.000000 384.000000 -56.000000) (448.000000 384.000000 -56.000000) (448.000000 384.000000 -24.000000) (384.000000 384.000000 -24.000000) 
4 346 348 (128.000000 384.000000 -56.000000) (192.000000 384.000000 -56.000000) (192.000000 384.000000 -24.000000) (128.000000 384.000000 -24.000000) 
4 347 349 (384.000000 200.000000 -56.000000) (448.000000 200.000000 -56.000000) (448.000000 200.000000 -24.000000) (384.000000 200.000000 -24.000000) 
4 348 360 (128.000000 384.000000 -56.000000) (128.000000 200.000000 -56.000000) (128.000000 200.000000 -24.000000) (128.000000 384.000000 -24.000000) 
4 348 356 (128.000000 200.000000 -56.000000) (192.000000 200.000000 -56.000000) (192.000000 200.000000 -24.000000) (128.000000 200.000000 -24.000000) 
4 349 363 (448.000000 -72.000000 -56.000000) (384.000000 -72.000000 -56.000000) (384.000000 0.000000 -56.000000) (448.000000 0.000000 -56.000000) 
4 349 351 (384.000000 -72.000000 -24.000000) (384.000000 -72.000000 104.000000) (384.000000 -64.000000 104.000000) (384.000000 -64.000000 -24.000000) 
4 349 350 (384.000000 192.000000 -56.000000) (384.000000 -64.000000 -56.000000) (384.000000 -64.000000 104.000000) (384.000000 192.000000 104.000000) 
4 349 357 (384.000000 -72.000000 -56.000000) (448.000000 -72.000000 -56.000000) (448.000000 -72.000000 104.000000) (384.000000 -72.000000 104.000000) 
4 350 353 (344.000000 192.000000 -56.000000) (344.000000 -64.000000 -56.000000) (344.000000 -64.000000 -24.000000) (344.000000 192.000000 -24.000000) 
4 350 352 (344.000000 -64.000000 -24.000000) (344.000000 -64.000000 104.000000) (344.000000 192.000000 104.000000) (344.000000 192.000000 -24.000000) 
4 350 351 (344.000000 -64.000000 104.000000) (344.000000 -64.000000 -24.000000) (384.000000 -64.000000 -24.000000) (384.000000 -64.000000 104.000000) 
4 351 355 (344.000000 -72.000000 -24.000000) (344.000000 -72.000000 104.000000) (344.000000 -64.000000 104.000000) (344.000000 -64.000000 -24.000000) 
4 351 357 (384.000000 -72.000000 -24.000000) (384.000000 -72.000000 104.000000) (344.000000 -72.000000 104.000000) (344.000000 -72.000000 -24.000000) 
4 352 355 (344.000000 -64.000000 -24.000000) (344.000000 -64.000000 104.000000) (232.000000 -64.000000 104.000000) (232.000000 -64.000000 -24.000000) 
4 352 354 (232.000000 192.000000 -24.000000) (232.000000 -64.000000 -24.000000) (232.000000 -64.000000 104.000000) (232.000000 192.000000 104.000000) 
4 352 353 (344.000000 -64.000000 -24.000000) (232.000000 -64.000000 -24.000000) (232.000000 192.000000 -24.000000) (344.000000 192.000000 -24.000000) 
4 353 354 (232.000000 192.000000 -56.000000) (232.000000 -64.000000 -56.000000) (232.000000 -64.000000 -24.000000) (232.000000 192.000000 -24.000000) 
4 354 355 (232.000000 -64.000000 -24.000000) (232.000000 -64.000000 104.000000) (192.000000 -64.000000 104.000000) (192.000000 -64.000000 -24.000000) 
4 354 356 (192.000000 192.000000 -56.000000) (192.000000 -64.000000 -56.000000) (192.000000 -64.000000 104.000000) (192.000000 192.000000 104.000000) 
4 355 357 (344.000000 -72.000000 -24.000000) (344.000000 -72.000000 104.000000) (192.000000 -72.000000 104.000000) (192.000000 -72.000000 -24.000000) 
4 355 356 (192.000000 -72.000000 -24.000000) (192.000000 -72.000000 104.000000) (192.000000 -64.000000 104.000000) (192.000000 -64.000000 -24.000000) 
4 356 367 (192.000000 -72.000000 -56.000000) (128.000000 -72.000000 -56.000000) (128.000000 0.000000 -56.000000) (192.000000 0.000000 -56.000000) 
4 356 361 (128.000000 -8.000000 -56.000000) (128.000000 -72.000000 -56.000000) (128.000000 -72.000000 -24.000000) (128.000000 -8.000000 -24.000000) 
4 356 360 (128.000000 200.000000 -56.000000) (128.000000 0.000000 -56.000000) (128.000000 0.000000 -24.000000) (128.000000 200.000000 -24.000000) 
4 356 358 (128.000000 -72.000000 -24.000000) (128.000000 -72.000000 104.000000) (128.000000 200.000000 104.000000) (128.000000 200.000000 -24.000000) 
4 356 357 (128.000000 -72.000000 -56.000000) (192.000000 -72.000000 -56.000000) (192.000000 -72.000000 104.000000) (128.000000 -72.000000 104.000000) 
4 357 367 (192.000000 -96.000000 -56.000000) (128.000000 -96.000000 -56.000000) (128.000000 -72.000000 -56.000000) (192.000000 -72.000000 -56.000000) 
4 357 365 (384.000000 -96.000000 -56.000000) (192.000000 -96.000000 -56.000000) (192.000000 -72.000000 -56.000000) (384.000000 -72.000000 -56.000000) 
4 357 363 (512.000000 -72.000000 -56.000000) (512.000000 -96.000000 -56.000000) (384.000000 -96.000000 -56.000000) (384.000000 -72.000000 -56.000000) 
4 357 361 (128.000000 -72.000000 -56.000000) (128.000000 -96.000000 -56.000000) (128.000000 -96.000000 -24.000000) (128.000000 -72.000000 -24.000000) 
4 357 358 (128.000000 -96.000000 -24.000000) (128.000000 -96.000000 104.000000) (128.000000 -72.000000 104.000000) (128.000000 -72.000000 -24.000000) 
4 358 389 (64.000000 192.000000 -24.000000) (64.000000 -96.000000 -24.000000) (64.000000 -96.000000 104.000000) (64.000000 192.000000 104.000000) 
4 358 378 (64.000000 384.000000 -24.000000) (64.000000 192.000000 -24.000000) (64.000000 192.000000 104.000000) (64.000000 384.000000 104.000000) 
4 358 368 (64.000000 672.000000 104.000000) (64.000000 672.000000 -24.000000) (64.000000 384.000000 -24.000000) (64.000000 384.000000 104.000000) 
4 358 361 (128.000000 -8.000000 -24.000000) (128.000000 -96.000000 -24.000000) (64.000000 -96.000000 -24.000000) (64.000000 -8.000000 -24.000000) 
4 358 360 (128.000000 576.000000 -24.000000) (128.000000 0.000000 -24.000000) (64.000000 0.000000 -24.000000) (64.000000 576.000000 -24.000000) 
4 358 359 (64.000000 672.000000 -24.000000) (128.000000 672.000000 -24.000000) (128.000000 584.000000 -24.000000) (64.000000 584.000000 -24.000000) 
4 359 369 (64.000000 672.000000 -24.000000) (64.000000 672.000000 -56.000000) (64.000000 584.000000 -56.000000) (64.000000 584.000000 -24.000000) 
4 359 366 (64.000000 584.000000 -56.000000) (64.000000 672.000000 -56.000000) (128.000000 672.000000 -56.000000) (128.000000 584.000000 -56.000000) 
4 360 391 (64.000000 128.000000 -56.000000) (64.000000 64.000000 -56.000000) (64.000000 64.000000 -24.000000) (64.000000 128.000000 -24.000000) 
4 360 390 (64.000000 192.000000 -56.000000) (64.000000 128.000000 -56.000000) (64.000000 128.000000 -24.000000) (64.000000 192.000000 -24.000000) 
4 360 393 (64.000000 64.000000 -56.000000) (64.000000 0.000000 -56.000000) (64.000000 0.000000 -24.000000) (64.000000 64.000000 -24.000000) 
4 360 378 (64.000000 384.000000 -56.000000) (64.000000 192.000000 -56.000000) (64.000000 192.000000 -24.000000) (64.000000 384.000000 -24.000000) 
4 360 370 (64.000000 512.000000 -56.000000) (64.000000 384.000000 -56.000000) (64.000000 384.000000 -24.000000) (64.000000 512.000000 -24.000000) 
4 360 369 (64.000000 576.000000 -56.000000) (64.000000 512.000000 -56.000000) (64.000000 512.000000 -24.000000) (64.000000 576.000000 -24.000000) 
4 361 393 (64.000000 -8.000000 -56.000000) (64.000000 -96.000000 -56.000000) (64.000000 -96.000000 -24.000000) (64.000000 -8.000000 -24.000000) 
4 361 367 (64.000000 -96.000000 -56.000000) (64.000000 -8.000000 -56.000000) (128.000000 -8.000000 -56.000000) (128.000000 -96.000000 -56.000000) 
4 362 364 (384.000000 672.000000 -64.000000) (384.000000 640.000000 -64.000000) (384.000000 640.000000 -56.000000) (384.000000 672.000000 -56.000000) 
4 363 365 (384.000000 -64.000000 -64.000000) (384.000000 -96.000000 -64.000000) (384.000000 -96.000000 -56.000000) (384.000000 -64.000000 -56.000000) 
4 364 366 (192.000000 672.000000 -56.000000) (192.000000 672.000000 -64.000000) (192.000000 640.000000 -64.000000) (192.000000 640.000000 -56.000000) 
4 365 367 (192.000000 -64.000000 -64.000000) (192.000000 -96.000000 -64.000000) (192.000000 -96.000000 -56.000000) (192.000000 -64.000000 -56.000000) 
4 366 373 (64.000000 672.000000 -56.000000) (64.000000 672.000000 -64.000000) (64.000000 576.000000 -64.000000) (64.000000 576.000000 -56.000000) 
4 367 397 (64.000000 0.000000 -64.000000) (64.000000 -96.000000 -64.000000) (64.000000 -96.000000 -56.000000) (64.000000 0.000000 -56.000000) 
4 368 379 (-72.000000 384.000000 128.000000) (-128.000000 384.000000 128.000000) (-128.000000 384.000000 -24.000000) (-72.000000 384.000000 -24.000000) 
4 368 378 (64.000000 384.000000 -24.000000) (64.000000 384.000000 128.000000) (-72.000000 384.000000 128.000000) (-72.000000 384.000000 -24.000000) 
4 368 371 (-128.000000 448.000000 -24.000000) (-128.000000 512.000000 -24.000000) (-8.000000 512.000000 -24.000000) (-8.000000 448.000000 -24.000000) 
4 368 372 (-128.000000 384.000000 -24.000000) (-128.000000 448.000000 -24.000000) (0.000000 448.000000 -24.000000) (0.000000 384.000000 -24.000000) 
4 368 370 (0.000000 512.000000 -24.000000) (64.000000 512.000000 -24.000000) (64.000000 384.000000 -24.000000) (0.000000 384.000000 -24.000000) 
4 368 369 (-128.000000 512.000000 -24.000000) (-128.000000 672.000000 -24.000000) (64.000000 672.000000 -24.000000) (64.000000 512.000000 -24.000000) 
3 369 374 (9.000000 544.000000 -56.000000) (14.048780 561.951220 -56.000000) (32.000000 567.000000 -56.000000) 
3 369 375 (0.000000 512.000000 -56.000000) (0.000000 558.000000 -56.000000) (14.048780 561.951220 -56.000000) 
4 369 373 (0.000000 672.000000 -56.000000) (64.000000 672.000000 -56.000000) (64.000000 576.000000 -56.000000) (0.000000 558.000000 -56.000000) 
4 369 376 (-128.000000 512.000000 -56.000000) (-128.000000 672.000000 -56.000000) (0.000000 672.000000 -56.000000) (0.000000 512.000000 -56.000000) 
4 369 371 (-128.000000 512.000000 -24.000000) (-128.000000 512.000000 -56.000000) (-8.000000 512.000000 -56.000000) (-8.000000 512.000000 -24.000000) 
4 369 370 (0.000000 512.000000 -56.000000) (64.000000 512.000000 -56.000000) (64.000000 512.000000 -24.000000) (0.000000 512.000000 -24.000000) 
4 370 378 (64.000000 384.000000 -56.000000) (64.000000 384.000000 -24.000000) (0.000000 384.000000 -24.000000) (0.000000 384.000000 -56.000000) 
4 370 372 (0.000000 448.000000 -56.000000) (0.000000 384.000000 -56.000000) (0.000000 384.000000 -24.000000) (0.000000 448.000000 -24.000000) 
4 371 376 (-128.000000 448.000000 -56.000000) (-128.000000 512.000000 -56.000000) (-8.000000 512.000000 -56.000000) (-8.000000 448.000000 -56.000000) 
4 371 372 (-128.000000 448.000000 -24.000000) (-128.000000 448.000000 -56.000000) (-8.000000 448.000000 -56.000000) (-8.000000 448.000000 -24.000000) 
4 372 381 (-72.000000 384.000000 -24.000000) (-128.000000 384.000000 -24.000000) (-128.000000 384.000000 -56.000000) (-72.000000 384.000000 -56.000000) 
4 372 378 (0.000000 384.000000 -24.000000) (-72.000000 384.000000 -24.000000) (-72.000000 384.000000 -56.000000) (0.000000 384.000000 -56.000000) 
4 372 376 (0.000000 384.000000 -56.000000) (-128.000000 384.000000 -56.000000) (-128.000000 448.000000 -56.000000) (0.000000 448.000000 -56.000000) 
4 373 374 (14.048780 561.951220 -64.000000) (32.000000 567.000000 -64.000000) (32.000000 567.000000 -56.000000) (14.048780 561.951220 -56.000000) 
4 373 375 (0.000000 558.000000 -64.000000) (14.048780 561.951220 -64.000000) (14.048780 561.951220 -56.000000) (0.000000 558.000000 -56.000000) 
4 373 376 (0.000000 558.000000 -56.000000) (0.000000 672.000000 -56.000000) (0.000000 672.000000 -64.000000) (0.000000 558.000000 -64.000000) 
4 374 375 (14.048780 561.951220 -64.000000) (9.000000 544.000000 -64.000000) (9.000000 544.000000 -56.000000) (14.048780 561.951220 -56.000000) 
4 375 376 (0.000000 512.000000 -56.000000) (0.000000 558.000000 -56.000000) (0.000000 558.000000 -64.000000) (0.000000 512.000000 -64.000000) 
4 376 387 (-128.000000 384.000000 -64.000000) (-64.000000 384.000000 -64.000000) (-64.000000 384.000000 -56.000000) (-128.000000 384.000000 -56.000000) 
4 377 406 (-136.000000 384.000000 128.000000) (-136.000000 392.000000 128.000000) (-136.000000 392.000000 -64.000000) (-136.000000 384.000000 -64.000000) 
4 378 390 (64.000000 192.000000 -56.000000) (64.000000 192.000000 -24.000000) (-72.000000 192.000000 -24.000000) (-72.000000 192.000000 -56.000000) 
4 378 389 (64.000000 192.000000 -24.000000) (64.000000 192.000000 128.000000) (-72.000000 192.000000 128.000000) (-72.000000 192.000000 -24.000000) 
4 378 388 (-64.000000 224.000000 -56.000000) (-64.000000 192.000000 -56.000000) (-72.000000 192.000000 -56.000000) (-72.000000 224.000000 -56.000000) 
4 378 387 (-72.000000 384.000000 -56.000000) (-64.000000 384.000000 -56.000000) (-64.000000 352.000000 -56.000000) (-72.000000 352.000000 -56.000000) 
4 378 385 (-72.000000 216.000000 -56.000000) (-72.000000 192.000000 -56.000000) (-72.000000 192.000000 -24.000000) (-72.000000 216.000000 -24.000000) 
4 378 383 (-72.000000 352.000000 -56.000000) (-72.000000 224.000000 -56.000000) (-72.000000 224.000000 -24.000000) (-72.000000 352.000000 -24.000000) 
4 378 381 (-72.000000 384.000000 -24.000000) (-72.000000 384.000000 -56.000000) (-72.000000 360.000000 -56.000000) (-72.000000 360.000000 -24.000000) 
4 378 379 (-72.000000 384.000000 128.000000) (-72.000000 384.000000 -24.000000) (-72.000000 192.000000 -24.000000) (-72.000000 192.000000 128.000000) 
4 379 389 (-72.000000 192.000000 128.000000) (-128.000000 192.000000 128.000000) (-128.000000 192.000000 -24.000000) (-72.000000 192.000000 -24.000000) 
4 379 385 (-72.000000 192.000000 -24.000000) (-128.000000 192.000000 -24.000000) (-128.000000 216.000000 -24.000000) (-72.000000 216.000000 -24.000000) 
4 379 383 (-128.000000 224.000000 -24.000000) (-128.000000 352.000000 -24.000000) (-72.000000 352.000000 -24.000000) (-72.000000 224.000000 -24.000000) 
4 379 381 (-128.000000 360.000000 -24.000000) (-128.000000 384.000000 -24.000000) (-72.000000 384.000000 -24.000000) (-72.000000 360.000000 -24.000000) 
4 379 380 (-128.000000 384.000000 128.000000) (-128.000000 384.000000 -24.000000) (-128.000000 192.000000 -24.000000) (-128.000000 192.000000 128.000000) 
4 380 407 (-136.000000 192.000000 128.000000) (-136.000000 384.000000 128.000000) (-136.000000 384.000000 -24.000000) (-136.000000 192.000000 -24.000000) 
4 380 386 (-128.000000 192.000000 -24.000000) (-136.000000 192.000000 -24.000000) (-136.000000 216.000000 -24.000000) (-128.000000 216.000000 -24.000000) 
4 380 384 (-136.000000 224.000000 -24.000000) (-136.000000 352.000000 -24.000000) (-128.000000 352.000000 -24.000000) (-128.000000 224.000000 -24.000000) 
4 380 382 (-136.000000 360.000000 -24.000000) (-136.000000 384.000000 -24.000000) (-128.000000 384.000000 -24.000000) (-128.000000 360.000000 -24.000000) 
4 381 387 (-128.000000 384.000000 -56.000000) (-72.000000 384.000000 -56.000000) (-72.000000 360.000000 -56.000000) (-128.000000 360.000000 -56.000000) 
4 381 382 (-128.000000 384.000000 -24.000000) (-128.000000 384.000000 -56.000000) (-128.000000 360.000000 -56.000000) (-128.000000 360.000000 -24.000000) 
4 382 407 (-136.000000 384.000000 -24.000000) (-136.000000 384.000000 -56.000000) (-136.000000 360.000000 -56.000000) (-136.000000 360.000000 -24.000000) 
4 382 387 (-136.000000 360.000000 -56.000000) (-136.000000 384.000000 -56.000000) (-128.000000 384.000000 -56.000000) (-128.000000 360.000000 -56.000000) 
4 383 384 (-128.000000 352.000000 -24.000000) (-128.000000 352.000000 -56.000000) (-128.000000 224.000000 -56.000000) (-128.000000 224.000000 -24.000000) 
4 384 407 (-136.000000 352.000000 -56.000000) (-136.000000 224.000000 -56.000000) (-136.000000 224.000000 -24.000000) (-136.000000 352.000000 -24.000000) 
4 385 390 (-128.000000 192.000000 -56.000000) (-72.000000 192.000000 -56.000000) (-72.000000 192.000000 -24.000000) (-128.000000 192.000000 -24.000000) 
4 385 388 (-128.000000 216.000000 -56.000000) (-72.000000 216.000000 -56.000000) (-72.000000 192.000000 -56.000000) (-128.000000 192.000000 -56.000000) 
4 385 386 (-128.000000 216.000000 -56.000000) (-128.000000 192.000000 -56.000000) (-128.000000 192.000000 -24.000000) (-128.000000 216.000000 -24.000000) 
4 386 407 (-136.000000 216.000000 -56.000000) (-136.000000 192.000000 -56.000000) (-136.000000 192.000000 -24.000000) (-136.000000 216.000000 -24.000000) 
4 386 388 (-136.000000 192.000000 -56.000000) (-136.000000 216.000000 -56.000000) (-128.000000 216.000000 -56.000000) (-128.000000 192.000000 -56.000000) 
4 387 407 (-136.000000 384.000000 -56.000000) (-136.000000 384.000000 -64.000000) (-136.000000 352.000000 -64.000000) (-136.000000 352.000000 -56.000000) 
4 388 407 (-136.000000 224.000000 -64.000000) (-136.000000 192.000000 -64.000000) (-136.000000 192.000000 -56.000000) (-136.000000 224.000000 -56.000000) 
4 388 396 (-128.000000 192.000000 -64.000000) (-64.000000 192.000000 -64.000000) (-64.000000 192.000000 -56.000000) (-128.000000 192.000000 -56.000000) 
4 389 391 (0.000000 128.000000 -24.000000) (64.000000 128.000000 -24.000000) (64.000000 64.000000 -24.000000) (0.000000 64.000000 -24.000000) 
4 389 392 (-128.000000 64.000000 -24.000000) (-128.000000 128.000000 -24.000000) (-8.000000 128.000000 -24.000000) (-8.000000 64.000000 -24.000000) 
4 389 390 (-128.000000 128.000000 -24.000000) (-128.000000 192.000000 -24.000000) (64.000000 192.000000 -24.000000) (64.000000 128.000000 -24.000000) 
4 389 393 (-128.000000 -96.000000 -24.000000) (-128.000000 64.000000 -24.000000) (64.000000 64.000000 -24.000000) (64.000000 -96.000000 -24.000000) 
4 390 396 (-128.000000 128.000000 -56.000000) (-128.000000 192.000000 -56.000000) (0.000000 192.000000 -56.000000) (0.000000 128.000000 -56.000000) 
4 390 391 (64.000000 128.000000 -56.000000) (64.000000 128.000000 -24.000000) (0.000000 128.000000 -24.000000) (0.000000 128.000000 -56.000000) 
4 390 392 (-8.000000 128.000000 -24.000000) (-128.000000 128.000000 -24.000000) (-128.000000 128.000000 -56.000000) (-8.000000 128.000000 -56.000000) 
4 391 393 (0.000000 64.000000 -56.000000) (64.000000 64.000000 -56.000000) (64.000000 64.000000 -24.000000) (0.000000 64.000000 -24.000000) 
4 392 396 (-128.000000 64.000000 -56.000000) (-128.000000 128.000000 -56.000000) (-8.000000 128.000000 -56.000000) (-8.000000 64.000000 -56.000000) 
4 392 393 (-128.000000 64.000000 -24.000000) (-128.000000 64.000000 -56.000000) (-8.000000 64.000000 -56.000000) (-8.000000 64.000000 -24.000000) 
3 393 394 (0.000000 64.000000 -56.000000) (9.000000 32.000000 -56.000000) (0.000000 41.000000 -56.000000) 
3 393 395 (32.000000 9.000000 -56.000000) (0.000000 18.000000 -56.000000) (0.000000 41.000000 -56.000000) 
4 393 396 (-128.000000 54.000000 -56.000000) (-128.000000 64.000000 -56.000000) (0.000000 64.000000 -56.000000) (0.000000 18.000000 -56.000000) 
4 393 397 (64.000000 -96.000000 -56.000000) (-128.000000 -96.000000 -56.000000) (-128.000000 54.000000 -56.000000) (64.000000 0.000000 -56.000000) 
4 394 395 (9.000000 32.000000 -56.000000) (0.000000 41.000000 -56.000000) (0.000000 41.000000 -64.000000) (9.000000 32.000000 -64.000000) 
4 394 396 (0.000000 64.000000 -64.000000) (0.000000 41.000000 -64.000000) (0.000000 41.000000 -56.000000) (0.000000 64.000000 -56.000000) 
4 395 396 (0.000000 41.000000 -64.000000) (0.000000 18.000000 -64.000000) (0.000000 18.000000 -56.000000) (0.000000 41.000000 -56.000000) 
4 395 397 (32.000000 9.000000 -56.000000) (0.000000 18.000000 -56.000000) (0.000000 18.000000 -64.000000) (32.000000 9.000000 -64.000000) 
4 396 397 (0.000000 18.000000 -56.000000) (-128.000000 54.000000 -56.000000) (-128.000000 54.000000 -64.000000) (0.000000 18.000000 -64.000000) 
4 398 408 (-136.000000 184.000000 128.000000) (-136.000000 192.000000 128.000000) (-136.000000 192.000000 -64.000000) (-136.000000 184.000000 -64.000000) 
4 400 401 (704.000000 192.000000 -72.000000) (704.000000 192.000000 -64.000000) (704.000000 384.000000 -64.000000) (704.000000 384.000000 -72.000000) 
4 401 402 (-128.000000 384.000000 -72.000000) (-128.000000 192.000000 -72.000000) (-128.000000 192.000000 -64.000000) (-128.000000 384.000000 -64.000000) 
4 403 513 (-896.000000 640.000000 -40.000000) (-896.000000 640.000000 312.000000) (-896.000000 648.000000 312.000000) (-896.000000 648.000000 -40.000000) 
4 404 512 (-896.000000 -64.000000 312.000000) (-896.000000 -64.000000 320.000000) (-896.000000 640.000000 320.000000) (-896.000000 640.000000 312.000000) 
4 405 437 (-392.000000 352.000000 192.000000) (-392.000000 192.000000 192.000000) (-392.000000 192.000000 200.000000) (-392.000000 352.000000 200.000000) 
4 405 424 (-392.000000 384.000000 192.000000) (-392.000000 352.000000 192.000000) (-392.000000 352.000000 200.000000) (-392.000000 384.000000 200.000000) 
4 406 422 (-392.000000 384.000000 -40.000000) (-392.000000 384.000000 192.000000) (-392.000000 392.000000 192.000000) (-392.000000 392.000000 -40.000000) 
4 407 452 (-392.000000 192.000000 -40.000000) (-392.000000 192.000000 0.000000) (-392.000000 224.000000 0.000000) (-392.000000 224.000000 -40.000000) 
4 407 450 (-392.000000 352.000000 -8.000000) (-392.000000 352.000000 -40.000000) (-392.000000 224.000000 -40.000000) (-392.000000 224.000000 -8.000000) 
4 407 443 (-392.000000 192.000000 0.000000) (-392.000000 192.000000 32.000000) (-392.000000 216.000000 32.000000) (-392.000000 216.000000 0.000000) 
4 407 441 (-392.000000 224.000000 32.000000) (-392.000000 352.000000 32.000000) (-392.000000 352.000000 0.000000) (-392.000000 224.000000 0.000000) 
4 407 439 (-392.000000 192.000000 32.000000) (-392.000000 192.000000 192.000000) (-392.000000 352.000000 192.000000) (-392.000000 352.000000 32.000000) 
4 407 429 (-392.000000 384.000000 0.000000) (-392.000000 384.000000 -40.000000) (-392.000000 352.000000 -40.000000) (-392.000000 352.000000 0.000000) 
4 407 427 (-392.000000 384.000000 32.000000) (-392.000000 384.000000 0.000000) (-392.000000 360.000000 0.000000) (-392.000000 360.000000 32.000000) 
4 407 425 (-392.000000 352.000000 192.000000) (-392.000000 384.000000 192.000000) (-392.000000 384.000000 32.000000) (-392.000000 352.000000 32.000000) 
4 408 453 (-392.000000 184.000000 -40.000000) (-392.000000 184.000000 0.000000) (-392.000000 192.000000 0.000000) (-392.000000 192.000000 -40.000000) 
4 408 445 (-392.000000 184.000000 0.000000) (-392.000000 184.000000 192.000000) (-392.000000 192.000000 192.000000) (-392.000000 192.000000 0.000000) 
4 409 415 (-400.000000 544.000000 -40.000000) (-392.000000 544.000000 -40.000000) (-392.000000 544.000000 312.000000) (-400.000000 544.000000 312.000000) 
4 410 479 (-672.000000 544.000000 312.000000) (-672.000000 576.000000 312.000000) (-672.000000 576.000000 0.000000) (-672.000000 544.000000 0.000000) 
4 410 477 (-672.000000 576.000000 32.000000) (-672.000000 576.000000 48.000000) (-672.000000 584.000000 48.000000) (-672.000000 584.000000 32.000000) 
4 410 475 (-672.000000 576.000000 48.000000) (-672.000000 576.000000 64.000000) (-672.000000 578.000000 64.000000) (-672.000000 578.000000 48.000000) 
4 410 474 (-672.000000 578.000000 64.000000) (-672.000000 584.000000 64.000000) (-672.000000 584.000000 48.000000) (-672.000000 578.000000 48.000000) 
4 410 473 (-672.000000 640.000000 64.000000) (-672.000000 640.000000 0.000000) (-672.000000 584.000000 0.000000) (-672.000000 584.000000 64.000000) 
4 410 472 (-672.000000 576.000000 312.000000) (-672.000000 640.000000 312.000000) (-672.000000 640.000000 64.000000) (-672.000000 576.000000 64.000000) 
4 410 418 (-672.000000 544.000000 128.000000) (-672.000000 544.000000 0.000000) (-640.000000 544.000000 0.000000) (-640.000000 544.000000 128.000000) 
4 410 417 (-672.000000 544.000000 312.000000) (-672.000000 544.000000 128.000000) (-512.000000 544.000000 128.000000) (-512.000000 544.000000 312.000000) 
4 410 416 (-512.000000 544.000000 0.000000) (-400.000000 544.000000 0.000000) (-400.000000 544.000000 312.000000) (-512.000000 544.000000 312.000000) 
3 410 413 (-672.000000 576.000000 0.000000) (-672.000000 588.000000 0.000000) (-656.000000 572.000000 0.000000) 
4 410 412 (-672.000000 588.000000 0.000000) (-672.000000 640.000000 0.000000) (-664.000000 640.000000 0.000000) (-644.000000 560.000000 0.000000) 
4 410 411 (-400.000000 544.000000 0.000000) (-640.000000 544.000000 0.000000) (-664.000000 640.000000 0.000000) (-400.000000 640.000000 0.000000) 
4 411 421 (-640.000000 544.000000 -40.000000) (-512.000000 544.000000 -40.000000) (-512.000000 544.000000 -8.000000) (-640.000000 544.000000 -8.000000) 
4 411 416 (-512.000000 544.000000 -40.000000) (-400.000000 544.000000 -40.000000) (-400.000000 544.000000 0.000000) (-512.000000 544.000000 0.000000) 
4 411 412 (-664.000000 640.000000 0.000000) (-664.000000 640.000000 -8.000000) (-644.000000 560.000000 -8.000000) (-644.000000 560.000000 0.000000) 
4 411 414 (-664.000000 640.000000 -8.000000) (-664.000000 640.000000 -40.000000) (-640.000000 544.000000 -40.000000) (-640.000000 544.000000 -8.000000) 
4 412 501 (-672.000000 640.000000 0.000000) (-672.000000 640.000000 -8.000000) (-672.000000 588.000000 -8.000000) (-672.000000 588.000000 0.000000) 
4 412 413 (-672.000000 588.000000 0.000000) (-672.000000 588.000000 -8.000000) (-656.000000 572.000000 -8.000000) (-656.000000 572.000000 0.000000) 
4 412 414 (-672.000000 588.000000 -8.000000) (-672.000000 640.000000 -8.000000) (-664.000000 640.000000 -8.000000) (-644.000000 560.000000 -8.000000) 
4 413 501 (-672.000000 588.000000 -8.000000) (-672.000000 576.000000 -8.000000) (-672.000000 576.000000 0.000000) (-672.000000 588.000000 0.000000) 
3 413 414 (-672.000000 576.000000 -8.000000) (-672.000000 588.000000 -8.000000) (-656.000000 572.000000 -8.000000) 
4 414 508 (-672.000000 640.000000 -8.000000) (-672.000000 640.000000 -40.000000) (-672.000000 544.000000 -40.000000) (-672.000000 544.000000 -8.000000) 
4 414 421 (-672.000000 544.000000 -8.000000) (-672.000000 544.000000 -40.000000) (-640.000000 544.000000 -40.000000) (-640.000000 544.000000 -8.000000) 
4 415 422 (-392.000000 416.000000 -40.000000) (-392.000000 416.000000 312.000000) (-400.000000 416.000000 312.000000) (-400.000000 416.000000 -40.000000) 
4 416 423 (-400.000000 416.000000 312.000000) (-512.000000 416.000000 312.000000) (-512.000000 416.000000 -40.000000) (-400.000000 416.000000 -40.000000) 
4 416 421 (-512.000000 544.000000 -40.000000) (-512.000000 416.000000 -40.000000) (-512.000000 416.000000 -8.000000) (-512.000000 544.000000 -8.000000) 
4 416 417 (-512.000000 416.000000 128.000000) (-512.000000 416.000000 312.000000) (-512.000000 544.000000 312.000000) (-512.000000 544.000000 128.000000) 
4 417 479 (-672.000000 416.000000 312.000000) (-672.000000 544.000000 312.000000) (-672.000000 544.000000 128.000000) (-672.000000 416.000000 128.000000) 
4 417 435 (-640.000000 416.000000 312.000000) (-672.000000 416.000000 312.000000) (-672.000000 416.000000 128.000000) (-640.000000 416.000000 128.000000) 
4 417 431 (-600.000000 416.000000 312.000000) (-640.000000 416.000000 312.000000) (-640.000000 416.000000 128.000000) (-600.000000 416.000000 128.000000) 
4 417 423 (-512.000000 416.000000 312.000000) (-600.000000 416.000000 312.000000) (-600.000000 416.000000 128.000000) (-512.000000 416.000000 128.000000) 
4 417 420 (-640.000000 416.000000 128.000000) (-672.000000 416.000000 128.000000) (-672.000000 424.000000 128.000000) (-640.000000 424.000000 128.000000) 
4 417 419 (-520.000000 424.000000 128.000000) (-672.000000 424.000000 128.000000) (-672.000000 536.000000 128.000000) (-520.000000 536.000000 128.000000) 
4 417 418 (-672.000000 544.000000 128.000000) (-640.000000 544.000000 128.000000) (-640.000000 536.000000 128.000000) (-672.000000 536.000000 128.000000) 
4 418 479 (-672.000000 544.000000 128.000000) (-672.000000 544.000000 0.000000) (-672.000000 536.000000 0.000000) (-672.000000 536.000000 128.000000) 
4 418 419 (-672.000000 536.000000 0.000000) (-640.000000 536.000000 0.000000) (-640.000000 536.000000 128.000000) (-672.000000 536.000000 128.000000) 
4 419 479 (-672.000000 536.000000 0.000000) (-672.000000 424.000000 0.000000) (-672.000000 424.000000 128.000000) (-672.000000 536.000000 128.000000) 
4 419 420 (-672.000000 424.000000 128.000000) (-672.000000 424.000000 0.000000) (-640.000000 424.000000 0.000000) (-640.000000 424.000000 128.000000) 
4 420 479 (-672.000000 424.000000 0.000000) (-672.000000 416.000000 0.000000) (-672.000000 416.000000 128.000000) (-672.000000 424.000000 128.000000) 
4 420 435 (-672.000000 416.000000 128.000000) (-672.000000 416.000000 0.000000) (-640.000000 416.000000 0.000000) (-640.000000 416.000000 128.000000) 
4 421 508 (-672.000000 544.000000 -8.000000) (-672.000000 544.000000 -40.000000) (-672.000000 416.000000 -40.000000) (-672.000000 416.000000 -8.000000) 
4 421 436 (-672.000000 416.000000 -8.000000) (-672.000000 416.000000 -40.000000) (-640.000000 416.000000 -40.000000) (-640.000000 416.000000 -8.000000) 
4 421 434 (-640.000000 416.000000 -40.000000) (-600.000000 416.000000 -40.000000) (-600.000000 416.000000 -8.000000) (-640.000000 416.000000 -8.000000) 
4 421 423 (-600.000000 416.000000 -40.000000) (-512.000000 416.000000 -40.000000) (-512.000000 416.000000 -8.000000) (-600.000000 416.000000 -8.000000) 
4 422 424 (-392.000000 384.000000 192.000000) (-392.000000 384.000000 312.000000) (-400.000000 384.000000 312.000000) (-400.000000 384.000000 192.000000) 
4 423 432 (-600.000000 392.000000 32.000000) (-600.000000 416.000000 32.000000) (-600.000000 416.000000 0.000000) (-600.000000 392.000000 0.000000) 
4 423 433 (-600.000000 384.000000 0.000000) (-600.000000 384.000000 32.000000) (-600.000000 392.000000 32.000000) (-600.000000 392.000000 0.000000) 
4 423 431 (-600.000000 384.000000 32.000000) (-600.000000 384.000000 312.000000) (-600.000000 416.000000 312.000000) (-600.000000 416.000000 32.000000) 
4 423 434 (-600.000000 416.000000 -40.000000) (-600.000000 384.000000 -40.000000) (-600.000000 384.000000 0.000000) (-600.000000 416.000000 0.000000) 
4 423 430 (-600.000000 384.000000 -40.000000) (-400.000000 384.000000 -40.000000) (-400.000000 384.000000 0.000000) (-600.000000 384.000000 0.000000) 
4 423 428 (-400.000000 384.000000 0.000000) (-400.000000 384.000000 32.000000) (-600.000000 384.000000 32.000000) (-600.000000 384.000000 0.000000) 
4 423 426 (-400.000000 384.000000 32.000000) (-400.000000 384.000000 312.000000) (-600.000000 384.000000 312.000000) (-600.000000 384.000000 32.000000) 
4 424 437 (-392.000000 352.000000 192.000000) (-392.000000 352.000000 312.000000) (-400.000000 352.000000 312.000000) (-400.000000 352.000000 192.000000) 
4 425 439 (-392.000000 352.000000 32.000000) (-392.000000 352.000000 192.000000) (-400.000000 352.000000 192.000000) (-400.000000 352.000000 32.000000) 
4 425 427 (-400.000000 360.000000 32.000000) (-400.000000 384.000000 32.000000) (-392.000000 384.000000 32.000000) (-392.000000 360.000000 32.000000) 
4 425 426 (-400.000000 352.000000 32.000000) (-400.000000 352.000000 192.000000) (-400.000000 384.000000 192.000000) (-400.000000 384.000000 32.000000) 
4 426 440 (-600.000000 352.000000 192.000000) (-600.000000 352.000000 32.000000) (-400.000000 352.000000 32.000000) (-400.000000 352.000000 192.000000) 
4 426 438 (-400.000000 352.000000 312.000000) (-600.000000 352.000000 312.000000) (-600.000000 352.000000 192.000000) (-400.000000 352.000000 192.000000) 
4 426 431 (-600.000000 352.000000 32.000000) (-600.000000 352.000000 312.000000) (-600.000000 384.000000 312.000000) (-600.000000 384.000000 32.000000) 
4 426 428 (-600.000000 360.000000 32.000000) (-600.000000 384.000000 32.000000) (-400.000000 384.000000 32.000000) (-400.000000 360.000000 32.000000) 
4 427 429 (-392.000000 384.000000 0.000000) (-392.000000 360.000000 0.000000) (-400.000000 360.000000 0.000000) (-400.000000 384.000000 0.000000) 
4 427 428 (-400.000000 384.000000 0.000000) (-400.000000 360.000000 0.000000) (-400.000000 360.000000 32.000000) (-400.000000 384.000000 32.000000) 
4 428 433 (-600.000000 360.000000 32.000000) (-600.000000 384.000000 32.000000) (-600.000000 384.000000 0.000000) (-600.000000 360.000000 0.000000) 
4 428 430 (-400.000000 360.000000 0.000000) (-600.000000 360.000000 0.000000) (-600.000000 384.000000 0.000000) (-400.000000 384.000000 0.000000) 
4 429 450 (-392.000000 352.000000 -40.000000) (-392.000000 352.000000 -8.000000) (-400.000000 352.000000 -8.000000) (-400.000000 352.000000 -40.000000) 
4 429 430 (-400.000000 352.000000 -40.000000) (-400.000000 352.000000 0.000000) (-400.000000 384.000000 0.000000) (-400.000000 384.000000 -40.000000) 
4 430 451 (-600.000000 352.000000 -8.000000) (-600.000000 352.000000 -40.000000) (-400.000000 352.000000 -40.000000) (-400.000000 352.000000 -8.000000) 
4 430 434 (-600.000000 384.000000 -40.000000) (-600.000000 352.000000 -40.000000) (-600.000000 352.000000 0.000000) (-600.000000 384.000000 0.000000) 
4 431 447 (-600.000000 352.000000 312.000000) (-640.000000 352.000000 312.000000) (-640.000000 352.000000 32.000000) (-600.000000 352.000000 32.000000) 
4 431 435 (-640.000000 416.000000 312.000000) (-640.000000 416.000000 32.000000) (-640.000000 352.000000 32.000000) (-640.000000 352.000000 312.000000) 
4 431 432 (-632.000000 416.000000 32.000000) (-600.000000 416.000000 32.000000) (-600.000000 392.000000 32.000000) (-632.000000 392.000000 32.000000) 
4 431 433 (-600.000000 352.000000 32.000000) (-640.000000 352.000000 32.000000) (-640.000000 392.000000 32.000000) (-600.000000 392.000000 32.000000) 
4 432 433 (-632.000000 392.000000 0.000000) (-600.000000 392.000000 0.000000) (-600.000000 392.000000 32.000000) (-632.000000 392.000000 32.000000) 
4 432 434 (-632.000000 416.000000 0.000000) (-600.000000 416.000000 0.000000) (-600.000000 392.000000 0.000000) (-632.000000 392.000000 0.000000) 
4 433 448 (-640.000000 352.000000 32.000000) (-640.000000 352.000000 0.000000) (-600.000000 352.000000 0.000000) (-600.000000 352.000000 32.000000) 
4 433 435 (-640.000000 392.000000 0.000000) (-640.000000 352.000000 0.000000) (-640.000000 352.000000 32.000000) (-640.000000 392.000000 32.000000) 
4 433 434 (-640.000000 352.000000 0.000000) (-640.000000 392.000000 0.000000) (-600.000000 392.000000 0.000000) (-600.000000 352.000000 0.000000) 
4 434 451 (-640.000000 352.000000 -8.000000) (-640.000000 352.000000 -40.000000) (-600.000000 352.000000 -40.000000) (-600.000000 352.000000 -8.000000) 
4 434 436 (-640.000000 416.000000 -8.000000) (-640.000000 416.000000 -40.000000) (-640.000000 352.000000 -40.000000) (-640.000000 352.000000 -8.000000) 
4 435 479 (-672.000000 352.000000 312.000000) (-672.000000 416.000000 312.000000) (-672.000000 416.000000 0.000000) (-672.000000 352.000000 0.000000) 
4 435 455 (-640.000000 352.000000 312.000000) (-672.000000 352.000000 312.000000) (-672.000000 352.000000 0.000000) (-640.000000 352.000000 0.000000) 
4 436 508 (-672.000000 416.000000 -8.000000) (-672.000000 416.000000 -40.000000) (-672.000000 352.000000 -40.000000) (-672.000000 352.000000 -8.000000) 
4 436 456 (-672.000000 352.000000 -8.000000) (-672.000000 352.000000 -40.000000) (-640.000000 352.000000 -40.000000) (-640.000000 352.000000 -8.000000) 
4 437 445 (-392.000000 192.000000 192.000000) (-392.000000 192.000000 312.000000) (-400.000000 192.000000 312.000000) (-400.000000 192.000000 192.000000) 
4 438 447 (-600.000000 352.000000 312.000000) (-600.000000 352.000000 192.000000) (-600.000000 192.000000 192.000000) (-600.000000 192.000000 312.000000) 
4 438 446 (-400.000000 192.000000 312.000000) (-600.000000 192.000000 312.000000) (-600.000000 192.000000 192.000000) (-400.000000 192.000000 192.000000) 
4 438 440 (-600.000000 192.000000 192.000000) (-600.000000 352.000000 192.000000) (-400.000000 352.000000 192.000000) (-400.000000 192.000000 192.000000) 
4 439 443 (-392.000000 192.000000 32.000000) (-400.000000 192.000000 32.000000) (-400.000000 216.000000 32.000000) (-392.000000 216.000000 32.000000) 
4 439 441 (-400.000000 224.000000 32.000000) (-400.000000 352.000000 32.000000) (-392.000000 352.000000 32.000000) (-392.000000 224.000000 32.000000) 
4 439 440 (-400.000000 352.000000 192.000000) (-400.000000 352.000000 32.000000) (-400.000000 192.000000 32.000000) (-400.000000 192.000000 192.000000) 
4 440 447 (-600.000000 352.000000 192.000000) (-600.000000 352.000000 32.000000) (-600.000000 192.000000 32.000000) (-600.000000 192.000000 192.000000) 
4 440 446 (-400.000000 192.000000 192.000000) (-600.000000 192.000000 192.000000) (-600.000000 192.000000 32.000000) (-400.000000 192.000000 32.000000) 
4 440 444 (-400.000000 192.000000 32.000000) (-600.000000 192.000000 32.000000) (-600.000000 216.000000 32.000000) (-400.000000 216.000000 32.000000) 
4 440 442 (-600.000000 224.000000 32.000000) (-600.000000 352.000000 32.000000) (-400.000000 352.000000 32.000000) (-400.000000 224.000000 32.000000) 
4 441 442 (-400.000000 352.000000 32.000000) (-400.000000 352.000000 0.000000) (-400.000000 224.000000 0.000000) (-400.000000 224.000000 32.000000) 
4 442 448 (-600.000000 352.000000 32.000000) (-600.000000 352.000000 0.000000) (-600.000000 224.000000 0.000000) (-600.000000 224.000000 32.000000) 
4 443 452 (-400.000000 216.000000 0.000000) (-392.000000 216.000000 0.000000) (-392.000000 192.000000 0.000000) (-400.000000 192.000000 0.000000) 
4 443 444 (-400.000000 216.000000 0.000000) (-400.000000 192.000000 0.000000) (-400.000000 192.000000 32.000000) (-400.000000 216.000000 32.000000) 
4 444 454 (-600.000000 192.000000 0.000000) (-600.000000 216.000000 0.000000) (-400.000000 216.000000 0.000000) (-400.000000 192.000000 0.000000) 
4 444 448 (-600.000000 216.000000 0.000000) (-600.000000 192.000000 0.000000) (-600.000000 192.000000 32.000000) (-600.000000 216.000000 32.000000) 
4 444 446 (-600.000000 192.000000 0.000000) (-400.000000 192.000000 0.000000) (-400.000000 192.000000 32.000000) (-600.000000 192.000000 32.000000) 
4 445 457 (-392.000000 160.000000 0.000000) (-392.000000 160.000000 312.000000) (-400.000000 160.000000 312.000000) (-400.000000 160.000000 0.000000) 
4 445 453 (-392.000000 160.000000 0.000000) (-400.000000 160.000000 0.000000) (-400.000000 192.000000 0.000000) (-392.000000 192.000000 0.000000) 
4 446 459 (-512.000000 160.000000 312.000000) (-600.000000 160.000000 312.000000) (-600.000000 160.000000 128.000000) (-512.000000 160.000000 128.000000) 
4 446 458 (-400.000000 160.000000 312.000000) (-512.000000 160.000000 312.000000) (-512.000000 160.000000 0.000000) (-400.000000 160.000000 0.000000) 
4 446 454 (-400.000000 160.000000 0.000000) (-600.000000 160.000000 0.000000) (-600.000000 192.000000 0.000000) (-400.000000 192.000000 0.000000) 
4 446 449 (-600.000000 184.000000 0.000000) (-600.000000 160.000000 0.000000) (-600.000000 160.000000 32.000000) (-600.000000 184.000000 32.000000) 
4 446 448 (-600.000000 192.000000 0.000000) (-600.000000 184.000000 0.000000) (-600.000000 184.000000 32.000000) (-600.000000 192.000000 32.000000) 
4 446 447 (-600.000000 160.000000 32.000000) (-600.000000 160.000000 312.000000) (-600.000000 192.000000 312.000000) (-600.000000 192.000000 32.000000) 
4 447 459 (-600.000000 160.000000 312.000000) (-640.000000 160.000000 312.000000) (-640.000000 160.000000 128.000000) (-600.000000 160.000000 128.000000) 
4 447 455 (-640.000000 352.000000 312.000000) (-640.000000 352.000000 32.000000) (-640.000000 160.000000 32.000000) (-640.000000 160.000000 312.000000) 
4 447 449 (-600.000000 184.000000 32.000000) (-600.000000 160.000000 32.000000) (-632.000000 160.000000 32.000000) (-632.000000 184.000000 32.000000) 
4 447 448 (-640.000000 352.000000 32.000000) (-600.000000 352.000000 32.000000) (-600.000000 184.000000 32.000000) (-640.000000 184.000000 32.000000) 
4 448 455 (-640.000000 352.000000 32.000000) (-640.000000 352.000000 0.000000) (-640.000000 184.000000 0.000000) (-640.000000 184.000000 32.000000) 
4 448 454 (-640.000000 184.000000 0.000000) (-640.000000 224.000000 0.000000) (-600.000000 224.000000 0.000000) (-600.000000 184.000000 0.000000) 
4 448 449 (-632.000000 184.000000 0.000000) (-600.000000 184.000000 0.000000) (-600.000000 184.000000 32.000000) (-632.000000 184.000000 32.000000) 
4 449 454 (-600.000000 160.000000 0.000000) (-632.000000 160.000000 0.000000) (-632.000000 184.000000 0.000000) (-600.000000 184.000000 0.000000) 
4 450 452 (-400.000000 224.000000 -40.000000) (-392.000000 224.000000 -40.000000) (-392.000000 224.000000 -8.000000) (-400.000000 224.000000 -8.000000) 
4 450 451 (-400.000000 352.000000 -8.000000) (-400.000000 352.000000 -40.000000) (-400.000000 224.000000 -40.000000) (-400.000000 224.000000 -8.000000) 
4 451 456 (-640.000000 352.000000 -8.000000) (-640.000000 352.000000 -40.000000) (-640.000000 224.000000 -40.000000) (-640.000000 224.000000 -8.000000) 
4 451 454 (-640.000000 224.000000 -8.000000) (-640.000000 224.000000 -40.000000) (-400.000000 224.000000 -40.000000) (-400.000000 224.000000 -8.000000) 
4 452 454 (-400.000000 224.000000 0.000000) (-400.000000 224.000000 -40.000000) (-400.000000 192.000000 -40.000000) (-400.000000 192.000000 0.000000) 
4 453 457 (-392.000000 160.000000 -40.000000) (-392.000000 160.000000 0.000000) (-400.000000 160.000000 0.000000) (-400.000000 160.000000 -40.000000) 
4 454 463 (-640.000000 160.000000 -8.000000) (-640.000000 160.000000 -40.000000) (-512.000000 160.000000 -40.000000) (-512.000000 160.000000 -8.000000) 
4 454 458 (-400.000000 160.000000 0.000000) (-512.000000 160.000000 0.000000) (-512.000000 160.000000 -40.000000) (-400.000000 160.000000 -40.000000) 
4 454 456 (-640.000000 224.000000 -40.000000) (-640.000000 160.000000 -40.000000) (-640.000000 160.000000 -8.000000) (-640.000000 224.000000 -8.000000) 
4 455 479 (-672.000000 160.000000 312.000000) (-672.000000 352.000000 312.000000) (-672.000000 352.000000 0.000000) (-672.000000 160.000000 0.000000) 
4 455 460 (-672.000000 160.000000 128.000000) (-672.000000 160.000000 0.000000) (-640.000000 160.000000 0.000000) (-640.000000 160.000000 128.000000) 
4 455 459 (-640.000000 160.000000 312.000000) (-672.000000 160.000000 312.000000) (-672.000000 160.000000 128.000000) (-640.000000 160.000000 128.000000) 
4 456 508 (-672.000000 352.000000 -8.000000) (-672.000000 352.000000 -40.000000) (-672.000000 160.000000 -40.000000) (-672.000000 160.000000 -8.000000) 
4 456 463 (-672.000000 160.000000 -8.000000) (-672.000000 160.000000 -40.000000) (-640.000000 160.000000 -40.000000) (-640.000000 160.000000 -8.000000) 
4 457 464 (-400.000000 32.000000 -40.000000) (-392.000000 32.000000 -40.000000) (-392.000000 32.000000 312.000000) (-400.000000 32.000000 312.000000) 
4 458 466 (-512.000000 32.000000 -40.000000) (-400.000000 32.000000 -40.000000) (-400.000000 32.000000 0.000000) (-512.000000 32.000000 0.000000) 
4 458 465 (-400.000000 32.000000 0.000000) (-400.000000 32.000000 312.000000) (-512.000000 32.000000 312.000000) (-512.000000 32.000000 0.000000) 
4 458 463 (-512.000000 160.000000 -8.000000) (-512.000000 160.000000 -40.000000) (-512.000000 32.000000 -40.000000) (-512.000000 32.000000 -8.000000) 
4 458 459 (-512.000000 160.000000 312.000000) (-512.000000 160.000000 128.000000) (-512.000000 32.000000 128.000000) (-512.000000 32.000000 312.000000) 
4 459 479 (-672.000000 32.000000 312.000000) (-672.000000 160.000000 312.000000) (-672.000000 160.000000 128.000000) (-672.000000 32.000000 128.000000) 
4 459 465 (-672.000000 32.000000 312.000000) (-672.000000 32.000000 128.000000) (-512.000000 32.000000 128.000000) (-512.000000 32.000000 312.000000) 
4 459 462 (-672.000000 32.000000 128.000000) (-672.000000 40.000000 128.000000) (-640.000000 40.000000 128.000000) (-640.000000 32.000000 128.000000) 
4 459 461 (-672.000000 40.000000 128.000000) (-672.000000 152.000000 128.000000) (-520.000000 152.000000 128.000000) (-520.000000 40.000000 128.000000) 
4 459 460 (-672.000000 152.000000 128.000000) (-672.000000 160.000000 128.000000) (-640.000000 160.000000 128.000000) (-640.000000 152.000000 128.000000) 
4 460 479 (-672.000000 160.000000 128.000000) (-672.000000 160.000000 0.000000) (-672.000000 152.000000 0.000000) (-672.000000 152.000000 128.000000) 
4 460 461 (-672.000000 152.000000 128.000000) (-672.000000 152.000000 0.000000) (-640.000000 152.000000 0.000000) (-640.000000 152.000000 128.000000) 
4 461 479 (-672.000000 152.000000 0.000000) (-672.000000 40.000000 0.000000) (-672.000000 40.000000 128.000000) (-672.000000 152.000000 128.000000) 
4 461 462 (-672.000000 40.000000 0.000000) (-640.000000 40.000000 0.000000) (-640.000000 40.000000 128.000000) (-672.000000 40.000000 128.000000) 
4 462 479 (-672.000000 40.000000 0.000000) (-672.000000 32.000000 0.000000) (-672.000000 32.000000 128.000000) (-672.000000 40.000000 128.000000) 
4 462 465 (-672.000000 32.000000 128.000000) (-672.000000 32.000000 0.000000) (-640.000000 32.000000 0.000000) (-640.000000 32.000000 128.000000) 
4 463 508 (-672.000000 160.000000 -8.000000) (-672.000000 160.000000 -40.000000) (-672.000000 32.000000 -40.000000) (-672.000000 32.000000 -8.000000) 
4 463 469 (-672.000000 32.000000 -8.000000) (-672.000000 32.000000 -40.000000) (-640.000000 32.000000 -40.000000) (-640.000000 32.000000 -8.000000) 
4 463 466 (-640.000000 32.000000 -40.000000) (-512.000000 32.000000 -40.000000) (-512.000000 32.000000 -8.000000) (-640.000000 32.000000 -8.000000) 
4 465 498 (-672.000000 -8.000000 312.000000) (-672.000000 0.000000 312.000000) (-672.000000 0.000000 32.000000) (-672.000000 -8.000000 32.000000) 
4 465 500 (-672.000000 -64.000000 0.000000) (-672.000000 -64.000000 312.000000) (-672.000000 -8.000000 312.000000) (-672.000000 -8.000000 0.000000) 
4 465 479 (-672.000000 0.000000 312.000000) (-672.000000 32.000000 312.000000) (-672.000000 32.000000 0.000000) (-672.000000 0.000000 0.000000) 
3 465 468 (-672.000000 -12.000000 0.000000) (-672.000000 0.000000 0.000000) (-656.000000 4.000000 0.000000) 
4 465 467 (-664.000000 -64.000000 0.000000) (-672.000000 -64.000000 0.000000) (-672.000000 -12.000000 0.000000) (-644.000000 16.000000 0.000000) 
4 465 466 (-400.000000 -64.000000 0.000000) (-664.000000 -64.000000 0.000000) (-640.000000 32.000000 0.000000) (-400.000000 32.000000 0.000000) 
4 466 467 (-644.000000 16.000000 -8.000000) (-664.000000 -64.000000 -8.000000) (-664.000000 -64.000000 0.000000) (-644.000000 16.000000 0.000000) 
4 466 469 (-640.000000 32.000000 -8.000000) (-640.000000 32.000000 -40.000000) (-664.000000 -64.000000 -40.000000) (-664.000000 -64.000000 -8.000000) 
4 467 507 (-672.000000 -64.000000 -8.000000) (-672.000000 -64.000000 0.000000) (-672.000000 -12.000000 0.000000) (-672.000000 -12.000000 -8.000000) 
4 467 468 (-656.000000 4.000000 -8.000000) (-672.000000 -12.000000 -8.000000) (-672.000000 -12.000000 0.000000) (-656.000000 4.000000 0.000000) 
4 467 469 (-664.000000 -64.000000 -8.000000) (-672.000000 -64.000000 -8.000000) (-672.000000 -12.000000 -8.000000) (-644.000000 16.000000 -8.000000) 
4 468 507 (-672.000000 -12.000000 0.000000) (-672.000000 0.000000 0.000000) (-672.000000 0.000000 -8.000000) (-672.000000 -12.000000 -8.000000) 
3 468 469 (-672.000000 -12.000000 -8.000000) (-672.000000 0.000000 -8.000000) (-656.000000 4.000000 -8.000000) 
4 469 508 (-672.000000 -64.000000 -40.000000) (-672.000000 -64.000000 -8.000000) (-672.000000 32.000000 -8.000000) (-672.000000 32.000000 -40.000000) 
4 470 471 (-400.000000 192.000000 -40.000000) (-400.000000 384.000000 -40.000000) (-400.000000 384.000000 -48.000000) (-400.000000 192.000000 -48.000000) 
4 471 509 (-672.000000 -64.000000 -48.000000) (-672.000000 -64.000000 -40.000000) (-672.000000 640.000000 -40.000000) (-672.000000 640.000000 -48.000000) 
4 472 514 (-896.000000 576.000000 312.000000) (-896.000000 640.000000 312.000000) (-896.000000 640.000000 64.000000) (-896.000000 576.000000 64.000000) 
4 472 481 (-864.000000 576.000000 312.000000) (-896.000000 576.000000 312.000000) (-896.000000 576.000000 64.000000) (-864.000000 576.000000 64.000000) 
4 472 480 (-832.000000 576.000000 312.000000) (-864.000000 576.000000 312.000000) (-864.000000 576.000000 64.000000) (-832.000000 576.000000 64.000000) 
4 472 479 (-672.000000 576.000000 64.000000) (-672.000000 576.000000 312.000000) (-832.000000 576.000000 312.000000) (-832.000000 576.000000 64.000000) 
4 472 475 (-672.000000 578.000000 64.000000) (-672.000000 576.000000 64.000000) (-712.000000 576.000000 64.000000) (-712.000000 578.000000 64.000000) 
4 472 474 (-776.000000 584.000000 64.000000) (-672.000000 584.000000 64.000000) (-672.000000 578.000000 64.000000) (-776.000000 578.000000 64.000000) 
4 472 476 (-896.000000 576.000000 64.000000) (-896.000000 584.000000 64.000000) (-776.000000 584.000000 64.000000) (-776.000000 576.000000 64.000000) 
4 472 473 (-896.000000 584.000000 64.000000) (-896.000000 640.000000 64.000000) (-672.000000 640.000000 64.000000) (-672.000000 584.000000 64.000000) 
4 473 514 (-896.000000 640.000000 64.000000) (-896.000000 640.000000 0.000000) (-896.000000 584.000000 0.000000) (-896.000000 584.000000 64.000000) 
4 473 501 (-896.000000 584.000000 0.000000) (-896.000000 640.000000 0.000000) (-672.000000 640.000000 0.000000) (-672.000000 584.000000 0.000000) 
4 473 478 (-896.000000 584.000000 32.000000) (-896.000000 584.000000 0.000000) (-864.000000 584.000000 0.000000) (-864.000000 584.000000 32.000000) 
4 473 477 (-896.000000 584.000000 48.000000) (-896.000000 584.000000 32.000000) (-672.000000 584.000000 32.000000) (-672.000000 584.000000 48.000000) 
4 473 474 (-776.000000 584.000000 48.000000) (-672.000000 584.000000 48.000000) (-672.000000 584.000000 64.000000) (-776.000000 584.000000 64.000000) 
4 473 476 (-896.000000 584.000000 64.000000) (-896.000000 584.000000 48.000000) (-776.000000 584.000000 48.000000) (-776.000000 584.000000 64.000000) 
4 474 477 (-776.000000 584.000000 48.000000) (-672.000000 584.000000 48.000000) (-672.000000 578.000000 48.000000) (-776.000000 578.000000 48.000000) 
4 474 475 (-712.000000 578.000000 48.000000) (-672.000000 578.000000 48.000000) (-672.000000 578.000000 64.000000) (-712.000000 578.000000 64.000000) 
4 474 476 (-776.000000 584.000000 64.000000) (-776.000000 584.000000 48.000000) (-776.000000 578.000000 48.000000) (-776.000000 578.000000 64.000000) 
4 475 479 (-672.000000 576.000000 48.000000) (-672.000000 576.000000 64.000000) (-712.000000 576.000000 64.000000) (-712.000000 576.000000 48.000000) 
4 475 477 (-672.000000 578.000000 48.000000) (-672.000000 576.000000 48.000000) (-712.000000 576.000000 48.000000) (-712.000000 578.000000 48.000000) 
4 476 514 (-896.000000 576.000000 48.000000) (-896.000000 576.000000 64.000000) (-896.000000 584.000000 64.000000) (-896.000000 584.000000 48.000000) 
4 476 481 (-864.000000 576.000000 64.000000) (-896.000000 576.000000 64.000000) (-896.000000 576.000000 48.000000) (-864.000000 576.000000 48.000000) 
4 476 480 (-832.000000 576.000000 64.000000) (-864.000000 576.000000 64.000000) (-864.000000 576.000000 48.000000) (-832.000000 576.000000 48.000000) 
4 476 479 (-776.000000 576.000000 64.000000) (-832.000000 576.000000 64.000000) (-832.000000 576.000000 48.000000) (-776.000000 576.000000 48.000000) 
4 476 477 (-896.000000 576.000000 48.000000) (-896.000000 584.000000 48.000000) (-776.000000 584.000000 48.000000) (-776.000000 576.000000 48.000000) 
4 477 514 (-896.000000 576.000000 32.000000) (-896.000000 576.000000 48.000000) (-896.000000 584.000000 48.000000) (-896.000000 584.000000 32.000000) 
4 477 481 (-864.000000 576.000000 48.000000) (-896.000000 576.000000 48.000000) (-896.000000 576.000000 32.000000) (-864.000000 576.000000 32.000000) 
4 477 480 (-832.000000 576.000000 48.000000) (-864.000000 576.000000 48.000000) (-864.000000 576.000000 32.000000) (-832.000000 576.000000 32.000000) 
4 477 479 (-672.000000 576.000000 32.000000) (-672.000000 576.000000 48.000000) (-832.000000 576.000000 48.000000) (-832.000000 576.000000 32.000000) 
4 477 478 (-864.000000 576.000000 32.000000) (-896.000000 576.000000 32.000000) (-896.000000 584.000000 32.000000) (-864.000000 584.000000 32.000000) 
4 478 514 (-896.000000 584.000000 0.000000) (-896.000000 576.000000 0.000000) (-896.000000 576.000000 32.000000) (-896.000000 584.000000 32.000000) 
4 478 501 (-896.000000 576.000000 0.000000) (-896.000000 584.000000 0.000000) (-864.000000 584.000000 0.000000) (-864.000000 576.000000 0.000000) 
4 478 481 (-864.000000 576.000000 32.000000) (-896.000000 576.000000 32.000000) (-896.000000 576.000000 0.000000) (-864.000000 576.000000 0.000000) 
4 479 498 (-672.000000 0.000000 32.000000) (-672.000000 0.000000 312.000000) (-832.000000 0.000000 312.000000) (-832.000000 0.000000 32.000000) 
4 479 494 (-832.000000 168.000000 0.000000) (-832.000000 0.000000 0.000000) (-832.000000 0.000000 312.000000) (-832.000000 168.000000 312.000000) 
4 479 491 (-832.000000 360.000000 0.000000) (-832.000000 216.000000 0.000000) (-832.000000 216.000000 104.000000) (-832.000000 360.000000 104.000000) 
4 479 489 (-832.000000 352.000000 112.000000) (-832.000000 360.000000 112.000000) (-832.000000 360.000000 104.000000) (-832.000000 352.000000 104.000000) 
4 479 490 (-832.000000 216.000000 104.000000) (-832.000000 216.000000 112.000000) (-832.000000 224.000000 112.000000) (-832.000000 224.000000 104.000000) 
4 479 488 (-832.000000 224.000000 144.000000) (-832.000000 352.000000 144.000000) (-832.000000 352.000000 112.000000) (-832.000000 224.000000 112.000000) 
4 479 487 (-832.000000 216.000000 144.000000) (-832.000000 216.000000 312.000000) (-832.000000 360.000000 312.000000) (-832.000000 360.000000 144.000000) 
4 479 493 (-832.000000 216.000000 0.000000) (-832.000000 168.000000 0.000000) (-832.000000 168.000000 312.000000) (-832.000000 216.000000 312.000000) 
4 479 485 (-832.000000 416.000000 0.000000) (-832.000000 408.000000 0.000000) (-832.000000 408.000000 32.000000) (-832.000000 416.000000 32.000000) 
4 479 486 (-832.000000 408.000000 0.000000) (-832.000000 360.000000 0.000000) (-832.000000 360.000000 32.000000) (-832.000000 408.000000 32.000000) 
4 479 484 (-832.000000 360.000000 32.000000) (-832.000000 360.000000 312.000000) (-832.000000 416.000000 312.000000) (-832.000000 416.000000 32.000000) 
4 479 480 (-832.000000 576.000000 0.000000) (-832.000000 416.000000 0.000000) (-832.000000 416.000000 312.000000) (-832.000000 576.000000 312.000000) 
4 480 502 (-864.000000 576.000000 0.000000) (-856.000000 576.000000 0.000000) (-856.000000 544.000000 0.000000) (-864.000000 544.000000 0.000000) 
4 480 485 (-832.000000 416.000000 0.000000) (-832.000000 416.000000 32.000000) (-864.000000 416.000000 32.000000) (-864.000000 416.000000 0.000000) 
4 480 484 (-832.000000 416.000000 32.000000) (-832.000000 416.000000 312.000000) (-864.000000 416.000000 312.000000) (-864.000000 416.000000 32.000000) 
4 480 482 (-864.000000 544.000000 32.000000) (-864.000000 544.000000 312.000000) (-864.000000 552.000000 312.000000) (-864.000000 552.000000 32.000000) 
4 480 481 (-864.000000 576.000000 312.000000) (-864.000000 576.000000 0.000000) (-864.000000 552.000000 0.000000) (-864.000000 552.000000 312.000000) 
4 480 483 (-864.000000 544.000000 0.000000) (-864.000000 416.000000 0.000000) (-864.000000 416.000000 312.000000) (-864.000000 544.000000 312.000000) 
4 481 514 (-896.000000 552.000000 312.000000) (-896.000000 576.000000 312.000000) (-896.000000 576.000000 0.000000) (-896.000000 552.000000 0.000000) 
4 481 502 (-896.000000 552.000000 0.000000) (-896.000000 576.000000 0.000000) (-864.000000 576.000000 0.000000) (-864.000000 552.000000 0.000000) 
4 481 482 (-896.000000 552.000000 312.000000) (-896.000000 552.000000 32.000000) (-864.000000 552.000000 32.000000) (-864.000000 552.000000 312.000000) 
4 482 515 (-896.000000 544.000000 312.000000) (-896.000000 552.000000 312.000000) (-896.000000 552.000000 32.000000) (-896.000000 544.000000 32.000000) 
4 482 483 (-864.000000 544.000000 312.000000) (-896.000000 544.000000 312.000000) (-896.000000 544.000000 32.000000) (-864.000000 544.000000 32.000000) 
4 483 519 (-896.000000 544.000000 56.000000) (-896.000000 544.000000 0.000000) (-896.000000 416.000000 0.000000) (-896.000000 416.000000 56.000000) 
4 483 518 (-896.000000 416.000000 312.000000) (-896.000000 544.000000 312.000000) (-896.000000 544.000000 56.000000) (-896.000000 416.000000 56.000000) 
4 483 484 (-864.000000 416.000000 312.000000) (-896.000000 416.000000 312.000000) (-896.000000 416.000000 32.000000) (-864.000000 416.000000 32.000000) 
4 484 521 (-896.000000 360.000000 312.000000) (-896.000000 416.000000 312.000000) (-896.000000 416.000000 32.000000) (-896.000000 360.000000 32.000000) 
4 484 492 (-896.000000 360.000000 104.000000) (-896.000000 360.000000 32.000000) (-888.000000 360.000000 32.000000) (-888.000000 360.000000 104.000000) 
4 484 491 (-888.000000 360.000000 32.000000) (-832.000000 360.000000 32.000000) (-832.000000 360.000000 104.000000) (-888.000000 360.000000 104.000000) 
4 484 489 (-896.000000 360.000000 112.000000) (-896.000000 360.000000 104.000000) (-832.000000 360.000000 104.000000) (-832.000000 360.000000 112.000000) 
4 484 487 (-896.000000 360.000000 312.000000) (-896.000000 360.000000 144.000000) (-832.000000 360.000000 144.000000) (-832.000000 360.000000 312.000000) 
4 484 485 (-864.000000 416.000000 32.000000) (-832.000000 416.000000 32.000000) (-832.000000 408.000000 32.000000) (-864.000000 408.000000 32.000000) 
4 484 486 (-832.000000 360.000000 32.000000) (-896.000000 360.000000 32.000000) (-896.000000 408.000000 32.000000) (-832.000000 408.000000 32.000000) 
4 485 503 (-864.000000 416.000000 0.000000) (-832.000000 416.000000 0.000000) (-832.000000 408.000000 0.000000) (-864.000000 408.000000 0.000000) 
4 485 486 (-864.000000 408.000000 0.000000) (-832.000000 408.000000 0.000000) (-832.000000 408.000000 32.000000) (-864.000000 408.000000 32.000000) 
4 486 521 (-896.000000 408.000000 0.000000) (-896.000000 360.000000 0.000000) (-896.000000 360.000000 32.000000) (-896.000000 408.000000 32.000000) 
4 486 503 (-888.000000 408.000000 0.000000) (-832.000000 408.000000 0.000000) (-832.000000 360.000000 0.000000) (-888.000000 360.000000 0.000000) 
4 486 504 (-896.000000 360.000000 0.000000) (-896.000000 408.000000 0.000000) (-888.000000 408.000000 0.000000) (-888.000000 360.000000 0.000000) 
4 486 491 (-888.000000 360.000000 0.000000) (-832.000000 360.000000 0.000000) (-832.000000 360.000000 32.000000) (-888.000000 360.000000 32.000000) 
4 487 539 (-896.000000 216.000000 312.000000) (-896.000000 224.000000 312.000000) (-896.000000 224.000000 144.000000) (-896.000000 216.000000 144.000000) 
4 487 525 (-896.000000 224.000000 312.000000) (-896.000000 352.000000 312.000000) (-896.000000 352.000000 144.000000) (-896.000000 224.000000 144.000000) 
4 487 521 (-896.000000 352.000000 312.000000) (-896.000000 360.000000 312.000000) (-896.000000 360.000000 144.000000) (-896.000000 352.000000 144.000000) 
4 487 488 (-896.000000 224.000000 144.000000) (-896.000000 352.000000 144.000000) (-832.000000 352.000000 144.000000) (-832.000000 224.000000 144.000000) 
4 487 493 (-896.000000 216.000000 312.000000) (-896.000000 216.000000 144.000000) (-832.000000 216.000000 144.000000) (-832.000000 216.000000 312.000000) 
4 488 525 (-896.000000 352.000000 112.000000) (-896.000000 224.000000 112.000000) (-896.000000 224.000000 144.000000) (-896.000000 352.000000 144.000000) 
4 489 521 (-896.000000 360.000000 112.000000) (-896.000000 360.000000 104.000000) (-896.000000 352.000000 104.000000) (-896.000000 352.000000 112.000000) 
4 489 492 (-896.000000 352.000000 104.000000) (-896.000000 360.000000 104.000000) (-888.000000 360.000000 104.000000) (-888.000000 352.000000 104.000000) 
4 489 491 (-888.000000 360.000000 104.000000) (-832.000000 360.000000 104.000000) (-832.000000 352.000000 104.000000) (-888.000000 352.000000 104.000000) 
4 490 539 (-896.000000 224.000000 104.000000) (-896.000000 216.000000 104.000000) (-896.000000 216.000000 112.000000) (-896.000000 224.000000 112.000000) 
4 490 492 (-896.000000 216.000000 104.000000) (-896.000000 224.000000 104.000000) (-888.000000 224.000000 104.000000) (-888.000000 216.000000 104.000000) 
4 490 491 (-888.000000 224.000000 104.000000) (-832.000000 224.000000 104.000000) (-832.000000 216.000000 104.000000) (-888.000000 216.000000 104.000000) 
4 490 493 (-896.000000 216.000000 112.000000) (-896.000000 216.000000 104.000000) (-832.000000 216.000000 104.000000) (-832.000000 216.000000 112.000000) 
4 491 492 (-888.000000 216.000000 32.000000) (-888.000000 216.000000 104.000000) (-888.000000 360.000000 104.000000) (-888.000000 360.000000 32.000000) 
4 491 493 (-888.000000 216.000000 0.000000) (-832.000000 216.000000 0.000000) (-832.000000 216.000000 104.000000) (-888.000000 216.000000 104.000000) 
4 492 539 (-896.000000 224.000000 32.000000) (-896.000000 216.000000 32.000000) (-896.000000 216.000000 104.000000) (-896.000000 224.000000 104.000000) 
4 492 525 (-896.000000 224.000000 48.000000) (-896.000000 224.000000 104.000000) (-896.000000 352.000000 104.000000) (-896.000000 352.000000 48.000000) 
4 492 527 (-896.000000 352.000000 32.000000) (-896.000000 224.000000 32.000000) (-896.000000 224.000000 48.000000) (-896.000000 352.000000 48.000000) 
4 492 521 (-896.000000 360.000000 104.000000) (-896.000000 360.000000 32.000000) (-896.000000 352.000000 32.000000) (-896.000000 352.000000 104.000000) 
4 492 493 (-896.000000 216.000000 104.000000) (-896.000000 216.000000 32.000000) (-888.000000 216.000000 32.000000) (-888.000000 216.000000 104.000000) 
4 493 539 (-896.000000 168.000000 312.000000) (-896.000000 216.000000 312.000000) (-896.000000 216.000000 0.000000) (-896.000000 168.000000 0.000000) 
4 493 505 (-896.000000 168.000000 0.000000) (-896.000000 216.000000 0.000000) (-832.000000 216.000000 0.000000) (-832.000000 168.000000 0.000000) 
4 493 495 (-864.000000 168.000000 312.000000) (-896.000000 168.000000 312.000000) (-896.000000 168.000000 32.000000) (-864.000000 168.000000 32.000000) 
4 493 494 (-832.000000 168.000000 0.000000) (-832.000000 168.000000 312.000000) (-864.000000 168.000000 312.000000) (-864.000000 168.000000 0.000000) 
4 494 506 (-856.000000 0.000000 0.000000) (-864.000000 0.000000 0.000000) (-864.000000 32.000000 0.000000) (-856.000000 32.000000 0.000000) 
4 494 505 (-864.000000 168.000000 0.000000) (-832.000000 168.000000 0.000000) (-832.000000 160.000000 0.000000) (-864.000000 160.000000 0.000000) 
4 494 498 (-832.000000 0.000000 32.000000) (-832.000000 0.000000 312.000000) (-864.000000 0.000000 312.000000) (-864.000000 0.000000 32.000000) 
4 494 496 (-864.000000 160.000000 0.000000) (-864.000000 32.000000 0.000000) (-864.000000 32.000000 32.000000) (-864.000000 160.000000 32.000000) 
4 494 497 (-864.000000 24.000000 0.000000) (-864.000000 0.000000 0.000000) (-864.000000 0.000000 32.000000) (-864.000000 24.000000 32.000000) 
4 494 495 (-864.000000 168.000000 312.000000) (-864.000000 168.000000 32.000000) (-864.000000 0.000000 32.000000) (-864.000000 0.000000 312.000000) 
4 495 539 (-896.000000 0.000000 312.000000) (-896.000000 168.000000 312.000000) (-896.000000 168.000000 32.000000) (-896.000000 0.000000 32.000000) 
4 495 499 (-896.000000 0.000000 312.000000) (-896.000000 0.000000 32.000000) (-864.000000 0.000000 32.000000) (-864.000000 0.000000 312.000000) 
4 495 496 (-896.000000 32.000000 32.000000) (-896.000000 160.000000 32.000000) (-864.000000 160.000000 32.000000) (-864.000000 32.000000 32.000000) 
4 495 497 (-864.000000 0.000000 32.000000) (-896.000000 0.000000 32.000000) (-896.000000 24.000000 32.000000) (-864.000000 24.000000 32.000000) 
4 496 539 (-896.000000 160.000000 0.000000) (-896.000000 32.000000 0.000000) (-896.000000 32.000000 32.000000) (-896.000000 160.000000 32.000000) 
4 497 539 (-896.000000 24.000000 0.000000) (-896.000000 0.000000 0.000000) (-896.000000 0.000000 32.000000) (-896.000000 24.000000 32.000000) 
4 497 506 (-896.000000 0.000000 0.000000) (-896.000000 24.000000 0.000000) (-864.000000 24.000000 0.000000) (-864.000000 0.000000 0.000000) 
4 497 499 (-896.000000 0.000000 32.000000) (-896.000000 0.000000 0.000000) (-864.000000 0.000000 0.000000) (-864.000000 0.000000 32.000000) 
4 498 499 (-864.000000 -8.000000 32.000000) (-864.000000 -8.000000 312.000000) (-864.000000 0.000000 312.000000) (-864.000000 0.000000 32.000000) 
4 498 500 (-672.000000 -8.000000 32.000000) (-672.000000 -8.000000 312.000000) (-864.000000 -8.000000 312.000000) (-864.000000 -8.000000 32.000000) 
4 499 539 (-896.000000 -8.000000 312.000000) (-896.000000 0.000000 312.000000) (-896.000000 0.000000 0.000000) (-896.000000 -8.000000 0.000000) 
4 499 507 (-896.000000 -8.000000 0.000000) (-896.000000 0.000000 0.000000) (-864.000000 0.000000 0.000000) (-864.000000 -8.000000 0.000000) 
4 499 500 (-864.000000 -8.000000 312.000000) (-896.000000 -8.000000 312.000000) (-896.000000 -8.000000 0.000000) (-864.000000 -8.000000 0.000000) 
4 500 539 (-896.000000 -64.000000 0.000000) (-896.000000 -64.000000 312.000000) (-896.000000 -8.000000 312.000000) (-896.000000 -8.000000 0.000000) 
4 500 507 (-896.000000 -64.000000 0.000000) (-896.000000 -8.000000 0.000000) (-672.000000 -8.000000 0.000000) (-672.000000 -64.000000 0.000000) 
4 501 514 (-896.000000 576.000000 0.000000) (-896.000000 640.000000 0.000000) (-896.000000 640.000000 -8.000000) (-896.000000 576.000000 -8.000000) 
4 501 508 (-896.000000 576.000000 -8.000000) (-896.000000 640.000000 -8.000000) (-672.000000 640.000000 -8.000000) (-672.000000 576.000000 -8.000000) 
4 501 502 (-896.000000 576.000000 -8.000000) (-856.000000 576.000000 -8.000000) (-856.000000 576.000000 0.000000) (-896.000000 576.000000 0.000000) 
4 502 515 (-896.000000 544.000000 0.000000) (-896.000000 552.000000 0.000000) (-896.000000 552.000000 -8.000000) (-896.000000 544.000000 -8.000000) 
4 502 514 (-896.000000 552.000000 0.000000) (-896.000000 576.000000 0.000000) (-896.000000 576.000000 -8.000000) (-896.000000 552.000000 -8.000000) 
4 502 508 (-896.000000 544.000000 -8.000000) (-896.000000 576.000000 -8.000000) (-856.000000 576.000000 -8.000000) (-856.000000 544.000000 -8.000000) 
4 503 508 (-888.000000 416.000000 -8.000000) (-832.000000 416.000000 -8.000000) (-832.000000 360.000000 -8.000000) (-888.000000 360.000000 -8.000000) 
4 503 504 (-888.000000 416.000000 0.000000) (-888.000000 416.000000 -8.000000) (-888.000000 360.000000 -8.000000) (-888.000000 360.000000 0.000000) 
4 504 539 (-896.000000 216.000000 0.000000) (-896.000000 224.000000 0.000000) (-896.000000 224.000000 -8.000000) (-896.000000 216.000000 -8.000000) 
4 504 527 (-896.000000 224.000000 0.000000) (-896.000000 352.000000 0.000000) (-896.000000 352.000000 -8.000000) (-896.000000 224.000000 -8.000000) 
4 504 521 (-896.000000 352.000000 0.000000) (-896.000000 416.000000 0.000000) (-896.000000 416.000000 -8.000000) (-896.000000 352.000000 -8.000000) 
4 504 508 (-896.000000 216.000000 -8.000000) (-896.000000 416.000000 -8.000000) (-888.000000 416.000000 -8.000000) (-888.000000 216.000000 -8.000000) 
4 504 505 (-896.000000 216.000000 0.000000) (-896.000000 216.000000 -8.000000) (-888.000000 216.000000 -8.000000) (-888.000000 216.000000 0.000000) 
4 505 539 (-896.000000 160.000000 0.000000) (-896.000000 216.000000 0.000000) (-896.000000 216.000000 -8.000000) (-896.000000 160.000000 -8.000000) 
4 505 508 (-896.000000 160.000000 -8.000000) (-896.000000 216.000000 -8.000000) (-832.000000 216.000000 -8.000000) (-832.000000 160.000000 -8.000000) 
4 506 539 (-896.000000 0.000000 0.000000) (-896.000000 32.000000 0.000000) (-896.000000 32.000000 -8.000000) (-896.000000 0.000000 -8.000000) 
4 506 508 (-896.000000 0.000000 -8.000000) (-896.000000 32.000000 -8.000000) (-856.000000 32.000000 -8.000000) (-856.000000 0.000000 -8.000000) 
4 506 507 (-896.000000 0.000000 -8.000000) (-856.000000 0.000000 -8.000000) (-856.000000 0.000000 0.000000) (-896.000000 0.000000 0.000000) 
4 507 539 (-896.000000 -64.000000 -8.000000) (-896.000000 -64.000000 0.000000) (-896.000000 0.000000 0.000000) (-896.000000 0.000000 -8.000000) 
4 507 508 (-672.000000 -64.000000 -8.000000) (-896.000000 -64.000000 -8.000000) (-896.000000 0.000000 -8.000000) (-672.000000 0.000000 -8.000000) 
4 508 539 (-896.000000 -64.000000 -40.000000) (-896.000000 -64.000000 -8.000000) (-896.000000 224.000000 -8.000000) (-896.000000 224.000000 -40.000000) 
4 508 527 (-896.000000 224.000000 -8.000000) (-896.000000 352.000000 -8.000000) (-896.000000 352.000000 -40.000000) (-896.000000 224.000000 -40.000000) 
4 508 521 (-896.000000 352.000000 -8.000000) (-896.000000 416.000000 -8.000000) (-896.000000 416.000000 -40.000000) (-896.000000 352.000000 -40.000000) 
4 508 519 (-896.000000 416.000000 -8.000000) (-896.000000 544.000000 -8.000000) (-896.000000 544.000000 -40.000000) (-896.000000 416.000000 -40.000000) 
4 508 515 (-896.000000 544.000000 -8.000000) (-896.000000 552.000000 -8.000000) (-896.000000 552.000000 -40.000000) (-896.000000 544.000000 -40.000000) 
4 508 514 (-896.000000 552.000000 -8.000000) (-896.000000 640.000000 -8.000000) (-896.000000 640.000000 -40.000000) (-896.000000 552.000000 -40.000000) 
4 509 560 (-896.000000 -64.000000 -48.000000) (-896.000000 -64.000000 -40.000000) (-896.000000 640.000000 -40.000000) (-896.000000 640.000000 -48.000000) 
4 511 559 (-896.000000 -72.000000 -40.000000) (-896.000000 -72.000000 312.000000) (-896.000000 -64.000000 312.000000) (-896.000000 -64.000000 -40.000000) 
4 512 561 (-1408.000000 640.000000 312.000000) (-1408.000000 -64.000000 312.000000) (-1408.000000 -64.000000 320.000000) (-1408.000000 640.000000 320.000000) 
4 513 563 (-1408.000000 648.000000 -40.000000) (-1408.000000 640.000000 -40.000000) (-1408.000000 640.000000 312.000000) (-1408.000000 648.000000 312.000000) 
4 514 534 (-1184.000000 552.000000 48.000000) (-1184.000000 552.000000 56.000000) (-1184.000000 576.000000 56.000000) (-1184.000000 576.000000 48.000000) 
4 514 533 (-1184.000000 576.000000 56.000000) (-1184.000000 624.000000 56.000000) (-1184.000000 624.000000 48.000000) (-1184.000000 576.000000 48.000000) 
4 514 532 (-1184.000000 624.000000 56.000000) (-1184.000000 640.000000 56.000000) (-1184.000000 640.000000 48.000000) (-1184.000000 624.000000 48.000000) 
4 514 538 (-1184.000000 640.000000 -40.000000) (-1184.000000 552.000000 -40.000000) (-1184.000000 552.000000 48.000000) (-1184.000000 640.000000 48.000000) 
4 514 529 (-1184.000000 576.000000 312.000000) (-1184.000000 584.000000 312.000000) (-1184.000000 584.000000 88.000000) (-1184.000000 576.000000 88.000000) 
4 514 530 (-1184.000000 552.000000 56.000000) (-1184.000000 552.000000 312.000000) (-1184.000000 576.000000 312.000000) (-1184.000000 576.000000 56.000000) 
4 514 528 (-1184.000000 584.000000 312.000000) (-1184.000000 640.000000 312.000000) (-1184.000000 640.000000 56.000000) (-1184.000000 584.000000 56.000000) 
4 514 516 (-1184.000000 552.000000 312.000000) (-1184.000000 552.000000 88.000000) (-1152.000000 552.000000 88.000000) (-1152.000000 552.000000 312.000000) 
4 514 517 (-1184.000000 552.000000 56.000000) (-1184.000000 552.000000 -40.000000) (-1152.000000 552.000000 -40.000000) (-1152.000000 552.000000 56.000000) 
4 514 515 (-1152.000000 552.000000 -40.000000) (-896.000000 552.000000 -40.000000) (-896.000000 552.000000 312.000000) (-1152.000000 552.000000 312.000000) 
4 515 519 (-1152.000000 544.000000 -40.000000) (-896.000000 544.000000 -40.000000) (-896.000000 544.000000 56.000000) (-1152.000000 544.000000 56.000000) 
4 515 518 (-896.000000 544.000000 56.000000) (-896.000000 544.000000 312.000000) (-1152.000000 544.000000 312.000000) (-1152.000000 544.000000 56.000000) 
4 515 516 (-1152.000000 544.000000 88.000000) (-1152.000000 544.000000 312.000000) (-1152.000000 552.000000 312.000000) (-1152.000000 552.000000 88.000000) 
4 515 517 (-1152.000000 552.000000 -40.000000) (-1152.000000 544.000000 -40.000000) (-1152.000000 544.000000 56.000000) (-1152.000000 552.000000 56.000000) 
4 516 530 (-1184.000000 544.000000 88.000000) (-1184.000000 544.000000 312.000000) (-1184.000000 552.000000 312.000000) (-1184.000000 552.000000 88.000000) 
4 516 518 (-1152.000000 544.000000 88.000000) (-1152.000000 544.000000 312.000000) (-1184.000000 544.000000 312.000000) (-1184.000000 544.000000 88.000000) 
4 517 534 (-1184.000000 544.000000 48.000000) (-1184.000000 544.000000 56.000000) (-1184.000000 552.000000 56.000000) (-1184.000000 552.000000 48.000000) 
4 517 538 (-1184.000000 552.000000 -40.000000) (-1184.000000 544.000000 -40.000000) (-1184.000000 544.000000 48.000000) (-1184.000000 552.000000 48.000000) 
4 517 520 (-1184.000000 544.000000 -40.000000) (-1152.000000 544.000000 -40.000000) (-1152.000000 544.000000 48.000000) (-1184.000000 544.000000 48.000000) 
4 518 530 (-1184.000000 416.000000 56.000000) (-1184.000000 416.000000 312.000000) (-1184.000000 544.000000 312.000000) (-1184.000000 544.000000 56.000000) 
4 518 522 (-1184.000000 416.000000 312.000000) (-1184.000000 416.000000 88.000000) (-1152.000000 416.000000 88.000000) (-1152.000000 416.000000 312.000000) 
4 518 521 (-1152.000000 416.000000 56.000000) (-896.000000 416.000000 56.000000) (-896.000000 416.000000 312.000000) (-1152.000000 416.000000 312.000000) 
4 518 519 (-896.000000 416.000000 56.000000) (-1152.000000 416.000000 56.000000) (-1152.000000 544.000000 56.000000) (-896.000000 544.000000 56.000000) 
4 519 521 (-1152.000000 416.000000 -40.000000) (-896.000000 416.000000 -40.000000) (-896.000000 416.000000 56.000000) (-1152.000000 416.000000 56.000000) 
4 519 520 (-1152.000000 544.000000 48.000000) (-1152.000000 544.000000 -40.000000) (-1152.000000 416.000000 -40.000000) (-1152.000000 416.000000 48.000000) 
4 520 538 (-1184.000000 544.000000 -40.000000) (-1184.000000 416.000000 -40.000000) (-1184.000000 416.000000 48.000000) (-1184.000000 544.000000 48.000000) 
4 520 524 (-1184.000000 416.000000 48.000000) (-1184.000000 416.000000 -40.000000) (-1152.000000 416.000000 -40.000000) (-1152.000000 416.000000 48.000000) 
4 521 525 (-896.000000 352.000000 48.000000) (-896.000000 352.000000 312.000000) (-1152.000000 352.000000 312.000000) (-1152.000000 352.000000 48.000000) 
4 521 527 (-1152.000000 352.000000 -40.000000) (-896.000000 352.000000 -40.000000) (-896.000000 352.000000 48.000000) (-1152.000000 352.000000 48.000000) 
4 521 523 (-1152.000000 408.000000 56.000000) (-1152.000000 360.000000 56.000000) (-1152.000000 360.000000 88.000000) (-1152.000000 408.000000 88.000000) 
4 521 522 (-1152.000000 416.000000 312.000000) (-1152.000000 416.000000 88.000000) (-1152.000000 352.000000 88.000000) (-1152.000000 352.000000 312.000000) 
4 521 524 (-1152.000000 416.000000 56.000000) (-1152.000000 416.000000 -40.000000) (-1152.000000 352.000000 -40.000000) (-1152.000000 352.000000 56.000000) 
4 522 530 (-1184.000000 352.000000 88.000000) (-1184.000000 352.000000 312.000000) (-1184.000000 416.000000 312.000000) (-1184.000000 416.000000 88.000000) 
4 522 526 (-1152.000000 352.000000 88.000000) (-1152.000000 352.000000 312.000000) (-1184.000000 352.000000 312.000000) (-1184.000000 352.000000 88.000000) 
4 522 523 (-1152.000000 408.000000 88.000000) (-1152.000000 360.000000 88.000000) (-1184.000000 360.000000 88.000000) (-1184.000000 408.000000 88.000000) 
4 523 530 (-1184.000000 360.000000 88.000000) (-1184.000000 408.000000 88.000000) (-1184.000000 408.000000 56.000000) (-1184.000000 360.000000 56.000000) 
4 523 524 (-1184.000000 360.000000 56.000000) (-1184.000000 408.000000 56.000000) (-1152.000000 408.000000 56.000000) (-1152.000000 360.000000 56.000000) 
4 524 535 (-1184.000000 352.000000 48.000000) (-1184.000000 352.000000 56.000000) (-1184.000000 416.000000 56.000000) (-1184.000000 416.000000 48.000000) 
4 524 538 (-1184.000000 416.000000 -40.000000) (-1184.000000 352.000000 -40.000000) (-1184.000000 352.000000 48.000000) (-1184.000000 416.000000 48.000000) 
4 524 527 (-1184.000000 352.000000 -40.000000) (-1152.000000 352.000000 -40.000000) (-1152.000000 352.000000 48.000000) (-1184.000000 352.000000 48.000000) 
4 525 539 (-896.000000 224.000000 48.000000) (-896.000000 224.000000 312.000000) (-1152.000000 224.000000 312.000000) (-1152.000000 224.000000 48.000000) 
4 525 526 (-1152.000000 224.000000 56.000000) (-1152.000000 224.000000 312.000000) (-1152.000000 352.000000 312.000000) (-1152.000000 352.000000 56.000000) 
4 525 527 (-1152.000000 352.000000 48.000000) (-896.000000 352.000000 48.000000) (-896.000000 224.000000 48.000000) (-1152.000000 224.000000 48.000000) 
4 526 540 (-1152.000000 224.000000 312.000000) (-1184.000000 224.000000 312.000000) (-1184.000000 224.000000 88.000000) (-1152.000000 224.000000 88.000000) 
4 526 530 (-1184.000000 224.000000 56.000000) (-1184.000000 224.000000 312.000000) (-1184.000000 352.000000 312.000000) (-1184.000000 352.000000 56.000000) 
4 527 558 (-1184.000000 224.000000 -40.000000) (-1152.000000 224.000000 -40.000000) (-1152.000000 224.000000 48.000000) (-1184.000000 224.000000 48.000000) 
4 527 539 (-1152.000000 224.000000 -40.000000) (-896.000000 224.000000 -40.000000) (-896.000000 224.000000 48.000000) (-1152.000000 224.000000 48.000000) 
4 527 538 (-1184.000000 352.000000 -40.000000) (-1184.000000 224.000000 -40.000000) (-1184.000000 224.000000 48.000000) (-1184.000000 352.000000 48.000000) 
4 528 565 (-1408.000000 640.000000 184.000000) (-1408.000000 640.000000 56.000000) (-1408.000000 584.000000 56.000000) (-1408.000000 584.000000 184.000000) 
4 528 564 (-1408.000000 584.000000 312.000000) (-1408.000000 640.000000 312.000000) (-1408.000000 640.000000 184.000000) (-1408.000000 584.000000 184.000000) 
3 528 533 (-1184.000000 624.000000 56.000000) (-1184.000000 584.000000 56.000000) (-1344.000000 584.000000 56.000000) 
5 528 532 (-1408.000000 640.000000 56.000000) (-1184.000000 640.000000 56.000000) (-1184.000000 624.000000 56.000000) (-1344.000000 584.000000 56.000000) (-1408.000000 584.000000 56.000000) 
4 528 529 (-1184.000000 584.000000 88.000000) (-1184.000000 584.000000 312.000000) (-1376.000000 584.000000 312.000000) (-1376.000000 584.000000 88.000000) 
4 528 531 (-1376.000000 584.000000 312.000000) (-1408.000000 584.000000 312.000000) (-1408.000000 584.000000 56.000000) (-1376.000000 584.000000 56.000000) 
4 529 530 (-1184.000000 576.000000 88.000000) (-1184.000000 576.000000 312.000000) (-1376.000000 576.000000 312.000000) (-1376.000000 576.000000 88.000000) 
4 529 531 (-1376.000000 576.000000 88.000000) (-1376.000000 576.000000 312.000000) (-1376.000000 584.000000 312.000000) (-1376.000000 584.000000 88.000000) 
4 530 545 (-1264.000000 224.000000 104.000000) (-1264.000000 224.000000 312.000000) (-1376.000000 224.000000 312.000000) (-1376.000000 224.000000 104.000000) 
4 530 548 (-1376.000000 224.000000 56.000000) (-1264.000000 224.000000 56.000000) (-1264.000000 224.000000 104.000000) (-1376.000000 224.000000 104.000000) 
4 530 544 (-1264.000000 224.000000 56.000000) (-1184.000000 224.000000 56.000000) (-1184.000000 224.000000 312.000000) (-1264.000000 224.000000 312.000000) 
4 530 535 (-1184.000000 416.000000 56.000000) (-1184.000000 352.000000 56.000000) (-1216.000000 352.000000 56.000000) (-1216.000000 416.000000 56.000000) 
4 530 534 (-1184.000000 576.000000 56.000000) (-1184.000000 544.000000 56.000000) (-1192.000000 544.000000 56.000000) (-1192.000000 576.000000 56.000000) 
4 530 531 (-1376.000000 576.000000 56.000000) (-1376.000000 224.000000 56.000000) (-1376.000000 224.000000 312.000000) (-1376.000000 576.000000 312.000000) 
4 531 569 (-1408.000000 224.000000 56.000000) (-1408.000000 224.000000 88.000000) (-1408.000000 416.000000 88.000000) (-1408.000000 416.000000 56.000000) 
4 531 568 (-1408.000000 224.000000 88.000000) (-1408.000000 224.000000 184.000000) (-1408.000000 416.000000 184.000000) (-1408.000000 416.000000 88.000000) 
4 531 566 (-1408.000000 424.000000 184.000000) (-1408.000000 536.000000 184.000000) (-1408.000000 536.000000 56.000000) (-1408.000000 424.000000 56.000000) 
4 531 565 (-1408.000000 544.000000 184.000000) (-1408.000000 584.000000 184.000000) (-1408.000000 584.000000 56.000000) (-1408.000000 544.000000 56.000000) 
4 531 564 (-1408.000000 224.000000 184.000000) (-1408.000000 224.000000 312.000000) (-1408.000000 584.000000 312.000000) (-1408.000000 584.000000 184.000000) 
4 531 551 (-1408.000000 224.000000 312.000000) (-1408.000000 224.000000 56.000000) (-1376.000000 224.000000 56.000000) (-1376.000000 224.000000 312.000000) 
3 531 536 (-1404.000000 560.000000 56.000000) (-1401.600000 569.600000 56.000000) (-1392.000000 572.000000 56.000000) 
3 531 537 (-1408.000000 544.000000 56.000000) (-1408.000000 568.000000 56.000000) (-1401.600000 569.600000 56.000000) 
4 531 532 (-1408.000000 568.000000 56.000000) (-1408.000000 584.000000 56.000000) (-1376.000000 584.000000 56.000000) (-1376.000000 576.000000 56.000000) 
4 532 579 (-1408.000000 568.000000 56.000000) (-1408.000000 640.000000 56.000000) (-1408.000000 640.000000 48.000000) (-1408.000000 568.000000 48.000000) 
4 532 536 (-1401.600000 569.600000 48.000000) (-1392.000000 572.000000 48.000000) (-1392.000000 572.000000 56.000000) (-1401.600000 569.600000 56.000000) 
4 532 537 (-1408.000000 568.000000 56.000000) (-1408.000000 568.000000 48.000000) (-1401.600000 569.600000 48.000000) (-1401.600000 569.600000 56.000000) 
4 532 533 (-1376.000000 576.000000 48.000000) (-1184.000000 624.000000 48.000000) (-1184.000000 624.000000 56.000000) (-1376.000000 576.000000 56.000000) 
4 532 538 (-1408.000000 568.000000 48.000000) (-1408.000000 640.000000 48.000000) (-1184.000000 640.000000 48.000000) (-1184.000000 624.000000 48.000000) 
4 533 534 (-1192.000000 576.000000 48.000000) (-1184.000000 576.000000 48.000000) (-1184.000000 576.000000 56.000000) (-1192.000000 576.000000 56.000000) 
3 533 538 (-1376.000000 576.000000 48.000000) (-1184.000000 624.000000 48.000000) (-1184.000000 576.000000 48.000000) 
4 534 538 (-1192.000000 576.000000 48.000000) (-1184.000000 576.000000 48.000000) (-1184.000000 544.000000 48.000000) (-1192.000000 544.000000 48.000000) 
4 535 538 (-1216.000000 352.000000 48.000000) (-1216.000000 416.000000 48.000000) (-1184.000000 416.000000 48.000000) (-1184.000000 352.000000 48.000000) 
4 536 537 (-1401.600000 569.600000 48.000000) (-1404.000000 560.000000 48.000000) (-1404.000000 560.000000 56.000000) (-1401.600000 569.600000 56.000000) 
3 536 538 (-1404.000000 560.000000 48.000000) (-1401.600000 569.600000 48.000000) (-1392.000000 572.000000 48.000000) 
4 537 579 (-1408.000000 544.000000 56.000000) (-1408.000000 568.000000 56.000000) (-1408.000000 568.000000 48.000000) (-1408.000000 544.000000 48.000000) 
3 537 538 (-1408.000000 544.000000 48.000000) (-1408.000000 568.000000 48.000000) (-1401.600000 569.600000 48.000000) 
4 538 585 (-1408.000000 640.000000 -40.000000) (-1408.000000 224.000000 -40.000000) (-1408.000000 224.000000 48.000000) (-1408.000000 640.000000 48.000000) 
4 538 558 (-1408.000000 224.000000 48.000000) (-1408.000000 224.000000 -40.000000) (-1184.000000 224.000000 -40.000000) (-1184.000000 224.000000 48.000000) 
4 539 553 (-1152.000000 32.000000 48.000000) (-1152.000000 0.000000 48.000000) (-1152.000000 0.000000 56.000000) (-1152.000000 32.000000 56.000000) 
4 539 557 (-1152.000000 0.000000 48.000000) (-1152.000000 -64.000000 48.000000) (-1152.000000 -64.000000 56.000000) (-1152.000000 0.000000 56.000000) 
4 539 552 (-1152.000000 224.000000 56.000000) (-1152.000000 224.000000 48.000000) (-1152.000000 160.000000 48.000000) (-1152.000000 160.000000 56.000000) 
4 539 558 (-1152.000000 224.000000 48.000000) (-1152.000000 224.000000 -40.000000) (-1152.000000 -64.000000 -40.000000) (-1152.000000 -64.000000 48.000000) 
4 539 543 (-1152.000000 24.000000 56.000000) (-1152.000000 -64.000000 56.000000) (-1152.000000 -64.000000 88.000000) (-1152.000000 24.000000 88.000000) 
4 539 542 (-1152.000000 160.000000 56.000000) (-1152.000000 32.000000 56.000000) (-1152.000000 32.000000 88.000000) (-1152.000000 160.000000 88.000000) 
4 539 541 (-1152.000000 216.000000 56.000000) (-1152.000000 168.000000 56.000000) (-1152.000000 168.000000 88.000000) (-1152.000000 216.000000 88.000000) 
4 539 540 (-1152.000000 224.000000 312.000000) (-1152.000000 224.000000 88.000000) (-1152.000000 -64.000000 88.000000) (-1152.000000 -64.000000 312.000000) 
4 540 549 (-1184.000000 0.000000 88.000000) (-1184.000000 -64.000000 88.000000) (-1184.000000 -64.000000 312.000000) (-1184.000000 0.000000 312.000000) 
4 540 544 (-1184.000000 224.000000 312.000000) (-1184.000000 224.000000 88.000000) (-1184.000000 0.000000 88.000000) (-1184.000000 0.000000 312.000000) 
4 540 543 (-1152.000000 -64.000000 88.000000) (-1184.000000 -64.000000 88.000000) (-1184.000000 24.000000 88.000000) (-1152.000000 24.000000 88.000000) 
4 540 542 (-1184.000000 32.000000 88.000000) (-1184.000000 160.000000 88.000000) (-1152.000000 160.000000 88.000000) (-1152.000000 32.000000 88.000000) 
4 540 541 (-1184.000000 168.000000 88.000000) (-1184.000000 216.000000 88.000000) (-1152.000000 216.000000 88.000000) (-1152.000000 168.000000 88.000000) 
4 541 552 (-1184.000000 168.000000 56.000000) (-1184.000000 216.000000 56.000000) (-1152.000000 216.000000 56.000000) (-1152.000000 168.000000 56.000000) 
4 541 544 (-1184.000000 216.000000 56.000000) (-1184.000000 168.000000 56.000000) (-1184.000000 168.000000 88.000000) (-1184.000000 216.000000 88.000000) 
4 542 544 (-1184.000000 160.000000 56.000000) (-1184.000000 32.000000 56.000000) (-1184.000000 32.000000 88.000000) (-1184.000000 160.000000 88.000000) 
4 543 553 (-1184.000000 0.000000 56.000000) (-1184.000000 24.000000 56.000000) (-1152.000000 24.000000 56.000000) (-1152.000000 0.000000 56.000000) 
4 543 557 (-1152.000000 -64.000000 56.000000) (-1184.000000 -64.000000 56.000000) (-1184.000000 0.000000 56.000000) (-1152.000000 0.000000 56.000000) 
4 543 550 (-1184.000000 -8.000000 56.000000) (-1184.000000 -64.000000 56.000000) (-1184.000000 -64.000000 88.000000) (-1184.000000 -8.000000 88.000000) 
4 543 544 (-1184.000000 24.000000 56.000000) (-1184.000000 0.000000 56.000000) (-1184.000000 0.000000 88.000000) (-1184.000000 24.000000 88.000000) 
4 544 553 (-1184.000000 32.000000 56.000000) (-1184.000000 0.000000 56.000000) (-1192.000000 0.000000 56.000000) (-1192.000000 32.000000 56.000000) 
4 544 552 (-1216.000000 224.000000 56.000000) (-1184.000000 224.000000 56.000000) (-1184.000000 160.000000 56.000000) (-1216.000000 160.000000 56.000000) 
4 544 549 (-1184.000000 0.000000 88.000000) (-1184.000000 0.000000 312.000000) (-1264.000000 0.000000 312.000000) (-1264.000000 0.000000 88.000000) 
4 544 546 (-1264.000000 0.000000 120.000000) (-1264.000000 0.000000 312.000000) (-1264.000000 2.000000 312.000000) (-1264.000000 2.000000 120.000000) 
4 544 545 (-1264.000000 2.000000 312.000000) (-1264.000000 224.000000 312.000000) (-1264.000000 224.000000 104.000000) (-1264.000000 2.000000 104.000000) 
4 544 548 (-1264.000000 224.000000 56.000000) (-1264.000000 0.000000 56.000000) (-1264.000000 0.000000 104.000000) (-1264.000000 224.000000 104.000000) 
4 545 547 (-1376.000000 2.000000 120.000000) (-1376.000000 2.000000 104.000000) (-1328.000000 2.000000 104.000000) (-1328.000000 2.000000 120.000000) 
4 545 546 (-1376.000000 2.000000 312.000000) (-1376.000000 2.000000 120.000000) (-1264.000000 2.000000 120.000000) (-1264.000000 2.000000 312.000000) 
4 545 548 (-1376.000000 2.000000 104.000000) (-1376.000000 224.000000 104.000000) (-1264.000000 224.000000 104.000000) (-1264.000000 2.000000 104.000000) 
4 545 551 (-1376.000000 2.000000 312.000000) (-1376.000000 224.000000 312.000000) (-1376.000000 224.000000 104.000000) (-1376.000000 2.000000 104.000000) 
4 546 549 (-1264.000000 0.000000 120.000000) (-1264.000000 0.000000 312.000000) (-1376.000000 0.000000 312.000000) (-1376.000000 0.000000 120.000000) 
4 546 547 (-1328.000000 0.000000 120.000000) (-1376.000000 0.000000 120.000000) (-1376.000000 2.000000 120.000000) (-1328.000000 2.000000 120.000000) 
4 546 551 (-1376.000000 0.000000 120.000000) (-1376.000000 0.000000 312.000000) (-1376.000000 2.000000 312.000000) (-1376.000000 2.000000 120.000000) 
4 547 549 (-1328.000000 0.000000 120.000000) (-1376.000000 0.000000 120.000000) (-1376.000000 0.000000 104.000000) (-1328.000000 0.000000 104.000000) 
4 547 548 (-1328.000000 0.000000 104.000000) (-1376.000000 0.000000 104.000000) (-1376.000000 2.000000 104.000000) (-1328.000000 2.000000 104.000000) 
4 547 551 (-1376.000000 0.000000 104.000000) (-1376.000000 0.000000 120.000000) (-1376.000000 2.000000 120.000000) (-1376.000000 2.000000 104.000000) 
4 548 549 (-1264.000000 0.000000 88.000000) (-1264.000000 0.000000 104.000000) (-1376.000000 0.000000 104.000000) (-1376.000000 0.000000 88.000000) 
4 548 551 (-1376.000000 224.000000 56.000000) (-1376.000000 0.000000 56.000000) (-1376.000000 0.000000 104.000000) (-1376.000000 224.000000 104.000000) 
4 549 550 (-1376.000000 -64.000000 88.000000) (-1376.000000 -8.000000 88.000000) (-1184.000000 -8.000000 88.000000) (-1184.000000 -64.000000 88.000000) 
4 549 551 (-1376.000000 -64.000000 88.000000) (-1376.000000 -64.000000 312.000000) (-1376.000000 0.000000 312.000000) (-1376.000000 0.000000 88.000000) 
4 550 557 (-1184.000000 -64.000000 56.000000) (-1376.000000 -64.000000 56.000000) (-1376.000000 -8.000000 56.000000) (-1184.000000 -8.000000 56.000000) 
4 550 551 (-1376.000000 -8.000000 56.000000) (-1376.000000 -64.000000 56.000000) (-1376.000000 -64.000000 88.000000) (-1376.000000 -8.000000 88.000000) 
4 551 575 (-1408.000000 40.000000 184.000000) (-1408.000000 152.000000 184.000000) (-1408.000000 152.000000 56.000000) (-1408.000000 40.000000 56.000000) 
4 551 573 (-1408.000000 200.000000 88.000000) (-1408.000000 200.000000 56.000000) (-1408.000000 160.000000 56.000000) (-1408.000000 160.000000 88.000000) 
4 551 572 (-1408.000000 160.000000 184.000000) (-1408.000000 200.000000 184.000000) (-1408.000000 200.000000 88.000000) (-1408.000000 160.000000 88.000000) 
4 551 577 (-1408.000000 -64.000000 56.000000) (-1408.000000 -64.000000 184.000000) (-1408.000000 32.000000 184.000000) (-1408.000000 32.000000 56.000000) 
4 551 569 (-1408.000000 224.000000 88.000000) (-1408.000000 224.000000 56.000000) (-1408.000000 200.000000 56.000000) (-1408.000000 200.000000 88.000000) 
4 551 568 (-1408.000000 200.000000 184.000000) (-1408.000000 224.000000 184.000000) (-1408.000000 224.000000 88.000000) (-1408.000000 200.000000 88.000000) 
4 551 564 (-1408.000000 -64.000000 184.000000) (-1408.000000 -64.000000 312.000000) (-1408.000000 224.000000 312.000000) (-1408.000000 224.000000 184.000000) 
3 551 554 (-1408.000000 20.000000 56.000000) (-1408.000000 32.000000 56.000000) (-1404.000000 16.000000 56.000000) 
3 551 555 (-1408.000000 8.000000 56.000000) (-1408.000000 20.000000 56.000000) (-1392.000000 4.000000 56.000000) 
3 551 556 (-1408.000000 0.000000 56.000000) (-1408.000000 8.000000 56.000000) (-1376.000000 0.000000 56.000000) 
4 551 557 (-1376.000000 -64.000000 56.000000) (-1408.000000 -64.000000 56.000000) (-1408.000000 0.000000 56.000000) (-1376.000000 0.000000 56.000000) 
4 552 558 (-1216.000000 224.000000 48.000000) (-1152.000000 224.000000 48.000000) (-1152.000000 160.000000 48.000000) (-1216.000000 160.000000 48.000000) 
4 553 558 (-1152.000000 32.000000 48.000000) (-1152.000000 0.000000 48.000000) (-1192.000000 0.000000 48.000000) (-1192.000000 32.000000 48.000000) 
4 553 557 (-1192.000000 0.000000 48.000000) (-1152.000000 0.000000 48.000000) (-1152.000000 0.000000 56.000000) (-1192.000000 0.000000 56.000000) 
4 554 584 (-1408.000000 20.000000 56.000000) (-1408.000000 32.000000 56.000000) (-1408.000000 32.000000 48.000000) (-1408.000000 20.000000 48.000000) 
3 554 558 (-1404.000000 16.000000 48.000000) (-1408.000000 20.000000 48.000000) (-1408.000000 32.000000 48.000000) 
4 554 555 (-1408.000000 20.000000 56.000000) (-1408.000000 20.000000 48.000000) (-1404.000000 16.000000 48.000000) (-1404.000000 16.000000 56.000000) 
4 555 584 (-1408.000000 8.000000 56.000000) (-1408.000000 20.000000 56.000000) (-1408.000000 20.000000 48.000000) (-1408.000000 8.000000 48.000000) 
3 555 558 (-1392.000000 4.000000 48.000000) (-1408.000000 8.000000 48.000000) (-1408.000000 20.000000 48.000000) 
4 555 556 (-1408.000000 8.000000 56.000000) (-1408.000000 8.000000 48.000000) (-1392.000000 4.000000 48.000000) (-1392.000000 4.000000 56.000000) 
4 556 584 (-1408.000000 0.000000 56.000000) (-1408.000000 8.000000 56.000000) (-1408.000000 8.000000 48.000000) (-1408.000000 0.000000 48.000000) 
4 556 557 (-1408.000000 0.000000 48.000000) (-1376.000000 0.000000 48.000000) (-1376.000000 0.000000 56.000000) (-1408.000000 0.000000 56.000000) 
3 556 558 (-1376.000000 0.000000 48.000000) (-1408.000000 0.000000 48.000000) (-1408.000000 8.000000 48.000000) 
4 557 584 (-1408.000000 -64.000000 48.000000) (-1408.000000 -64.000000 56.000000) (-1408.000000 0.000000 56.000000) (-1408.000000 0.000000 48.000000) 
4 557 558 (-1152.000000 0.000000 48.000000) (-1152.000000 -64.000000 48.000000) (-1408.000000 -64.000000 48.000000) (-1408.000000 0.000000 48.000000) 
4 558 585 (-1408.000000 224.000000 -40.000000) (-1408.000000 -64.000000 -40.000000) (-1408.000000 -64.000000 48.000000) (-1408.000000 224.000000 48.000000) 
4 559 606 (-1408.000000 -64.000000 -40.000000) (-1408.000000 -72.000000 -40.000000) (-1408.000000 -72.000000 312.000000) (-1408.000000 -64.000000 312.000000) 
4 560 607 (-1408.000000 640.000000 -48.000000) (-1408.000000 -64.000000 -48.000000) (-1408.000000 -64.000000 -40.000000) (-1408.000000 640.000000 -40.000000) 
4 561 562 (-1664.000000 384.000000 312.000000) (-1664.000000 192.000000 312.000000) (-1664.000000 192.000000 320.000000) (-1664.000000 384.000000 320.000000) 
4 564 575 (-1408.000000 152.000000 184.000000) (-1408.000000 40.000000 184.000000) (-1528.000000 40.000000 184.000000) (-1528.000000 152.000000 184.000000) 
4 564 576 (-1536.000000 32.000000 184.000000) (-1600.000000 32.000000 184.000000) (-1600.000000 160.000000 184.000000) (-1536.000000 160.000000 184.000000) 
4 564 572 (-1408.000000 200.000000 184.000000) (-1408.000000 160.000000 184.000000) (-1600.000000 160.000000 184.000000) (-1600.000000 200.000000 184.000000) 
4 564 577 (-1408.000000 32.000000 184.000000) (-1408.000000 -64.000000 184.000000) (-1600.000000 -64.000000 184.000000) (-1600.000000 32.000000 184.000000) 
4 564 568 (-1408.000000 416.000000 184.000000) (-1408.000000 200.000000 184.000000) (-1600.000000 200.000000 184.000000) (-1600.000000 416.000000 184.000000) 
4 564 566 (-1408.000000 536.000000 184.000000) (-1408.000000 424.000000 184.000000) (-1528.000000 424.000000 184.000000) (-1528.000000 536.000000 184.000000) 
4 564 565 (-1536.000000 640.000000 184.000000) (-1408.000000 640.000000 184.000000) (-1408.000000 544.000000 184.000000) (-1536.000000 544.000000 184.000000) 
4 564 567 (-1600.000000 640.000000 184.000000) (-1536.000000 640.000000 184.000000) (-1536.000000 416.000000 184.000000) (-1600.000000 416.000000 184.000000) 
4 564 578 (-1600.000000 640.000000 312.000000) (-1600.000000 640.000000 184.000000) (-1600.000000 -64.000000 184.000000) (-1600.000000 -64.000000 312.000000) 
4 565 579 (-1536.000000 640.000000 56.000000) (-1408.000000 640.000000 56.000000) (-1408.000000 544.000000 56.000000) (-1536.000000 544.000000 56.000000) 
4 565 567 (-1536.000000 640.000000 56.000000) (-1536.000000 544.000000 56.000000) (-1536.000000 544.000000 184.000000) (-1536.000000 640.000000 184.000000) 
4 567 580 (-1600.000000 640.000000 56.000000) (-1536.000000 640.000000 56.000000) (-1536.000000 416.000000 56.000000) (-1600.000000 416.000000 56.000000) 
4 567 570 (-1600.000000 416.000000 88.000000) (-1600.000000 416.000000 56.000000) (-1536.000000 416.000000 56.000000) (-1536.000000 416.000000 88.000000) 
4 567 568 (-1600.000000 416.000000 184.000000) (-1600.000000 416.000000 88.000000) (-1536.000000 416.000000 88.000000) (-1536.000000 416.000000 184.000000) 
4 567 578 (-1600.000000 640.000000 184.000000) (-1600.000000 640.000000 56.000000) (-1600.000000 416.000000 56.000000) (-1600.000000 416.000000 184.000000) 
4 568 572 (-1408.000000 200.000000 88.000000) (-1408.000000 200.000000 184.000000) (-1600.000000 200.000000 184.000000) (-1600.000000 200.000000 88.000000) 
4 568 571 (-1600.000000 200.000000 88.000000) (-1600.000000 376.000000 88.000000) (-1448.000000 376.000000 88.000000) (-1448.000000 200.000000 88.000000) 
4 568 570 (-1600.000000 384.000000 88.000000) (-1600.000000 416.000000 88.000000) (-1448.000000 416.000000 88.000000) (-1448.000000 384.000000 88.000000) 
4 568 569 (-1448.000000 416.000000 88.000000) (-1408.000000 416.000000 88.000000) (-1408.000000 200.000000 88.000000) (-1448.000000 200.000000 88.000000) 
4 568 578 (-1600.000000 200.000000 88.000000) (-1600.000000 200.000000 184.000000) (-1600.000000 416.000000 184.000000) (-1600.000000 416.000000 88.000000) 
4 569 581 (-1408.000000 416.000000 56.000000) (-1408.000000 376.000000 56.000000) (-1448.000000 376.000000 56.000000) (-1448.000000 416.000000 56.000000) 
4 569 573 (-1448.000000 200.000000 56.000000) (-1408.000000 200.000000 56.000000) (-1408.000000 200.000000 88.000000) (-1448.000000 200.000000 88.000000) 
4 569 571 (-1448.000000 376.000000 56.000000) (-1448.000000 200.000000 56.000000) (-1448.000000 200.000000 88.000000) (-1448.000000 376.000000 88.000000) 
4 569 570 (-1448.000000 416.000000 88.000000) (-1448.000000 416.000000 56.000000) (-1448.000000 384.000000 56.000000) (-1448.000000 384.000000 88.000000) 
4 570 581 (-1600.000000 384.000000 56.000000) (-1600.000000 416.000000 56.000000) (-1448.000000 416.000000 56.000000) (-1448.000000 384.000000 56.000000) 
4 570 578 (-1600.000000 416.000000 56.000000) (-1600.000000 384.000000 56.000000) (-1600.000000 384.000000 88.000000) (-1600.000000 416.000000 88.000000) 
4 571 578 (-1600.000000 376.000000 56.000000) (-1600.000000 200.000000 56.000000) (-1600.000000 200.000000 88.000000) (-1600.000000 376.000000 88.000000) 
4 572 576 (-1536.000000 160.000000 184.000000) (-1600.000000 160.000000 184.000000) (-1600.000000 160.000000 88.000000) (-1536.000000 160.000000 88.000000) 
4 572 574 (-1600.000000 160.000000 88.000000) (-1600.000000 192.000000 88.000000) (-1448.000000 192.000000 88.000000) (-1448.000000 160.000000 88.000000) 
4 572 573 (-1448.000000 200.000000 88.000000) (-1408.000000 200.000000 88.000000) (-1408.000000 160.000000 88.000000) (-1448.000000 160.000000 88.000000) 
4 572 578 (-1600.000000 160.000000 88.000000) (-1600.000000 160.000000 184.000000) (-1600.000000 200.000000 184.000000) (-1600.000000 200.000000 88.000000) 
4 573 582 (-1408.000000 200.000000 56.000000) (-1408.000000 160.000000 56.000000) (-1448.000000 160.000000 56.000000) (-1448.000000 200.000000 56.000000) 
4 573 574 (-1448.000000 192.000000 56.000000) (-1448.000000 160.000000 56.000000) (-1448.000000 160.000000 88.000000) (-1448.000000 192.000000 88.000000) 
4 574 582 (-1448.000000 160.000000 56.000000) (-1536.000000 160.000000 56.000000) (-1536.000000 192.000000 56.000000) (-1448.000000 192.000000 56.000000) 
4 574 583 (-1536.000000 160.000000 56.000000) (-1600.000000 160.000000 56.000000) (-1600.000000 192.000000 56.000000) (-1536.000000 192.000000 56.000000) 
4 574 576 (-1600.000000 160.000000 56.000000) (-1536.000000 160.000000 56.000000) (-1536.000000 160.000000 88.000000) (-1600.000000 160.000000 88.000000) 
4 574 578 (-1600.000000 192.000000 56.000000) (-1600.000000 160.000000 56.000000) (-1600.000000 160.000000 88.000000) (-1600.000000 192.000000 88.000000) 
4 576 583 (-1536.000000 32.000000 56.000000) (-1600.000000 32.000000 56.000000) (-1600.000000 160.000000 56.000000) (-1536.000000 160.000000 56.000000) 
4 576 578 (-1600.000000 160.000000 56.000000) (-1600.000000 32.000000 56.000000) (-1600.000000 32.000000 184.000000) (-1600.000000 160.000000 184.000000) 
4 576 577 (-1600.000000 32.000000 184.000000) (-1600.000000 32.000000 56.000000) (-1536.000000 32.000000 56.000000) (-1536.000000 32.000000 184.000000) 
4 577 584 (-1408.000000 32.000000 56.000000) (-1408.000000 -64.000000 56.000000) (-1600.000000 -64.000000 56.000000) (-1600.000000 32.000000 56.000000) 
4 577 578 (-1600.000000 32.000000 56.000000) (-1600.000000 -64.000000 56.000000) (-1600.000000 -64.000000 184.000000) (-1600.000000 32.000000 184.000000) 
4 578 604 (-1624.000000 192.000000 56.000000) (-1624.000000 -64.000000 56.000000) (-1624.000000 -64.000000 312.000000) (-1624.000000 192.000000 312.000000) 
4 578 588 (-1624.000000 384.000000 56.000000) (-1624.000000 192.000000 56.000000) (-1624.000000 192.000000 312.000000) (-1624.000000 384.000000 312.000000) 
4 578 586 (-1624.000000 640.000000 312.000000) (-1624.000000 640.000000 56.000000) (-1624.000000 384.000000 56.000000) (-1624.000000 384.000000 312.000000) 
4 578 583 (-1600.000000 200.000000 56.000000) (-1600.000000 32.000000 56.000000) (-1624.000000 32.000000 56.000000) (-1624.000000 200.000000 56.000000) 
4 578 584 (-1600.000000 32.000000 56.000000) (-1600.000000 -64.000000 56.000000) (-1624.000000 -64.000000 56.000000) (-1624.000000 32.000000 56.000000) 
4 578 581 (-1600.000000 416.000000 56.000000) (-1600.000000 376.000000 56.000000) (-1624.000000 376.000000 56.000000) (-1624.000000 416.000000 56.000000) 
4 578 580 (-1624.000000 640.000000 56.000000) (-1600.000000 640.000000 56.000000) (-1600.000000 416.000000 56.000000) (-1624.000000 416.000000 56.000000) 
4 579 580 (-1536.000000 640.000000 56.000000) (-1536.000000 640.000000 48.000000) (-1536.000000 544.000000 48.000000) (-1536.000000 544.000000 56.000000) 
4 579 585 (-1536.000000 640.000000 48.000000) (-1408.000000 640.000000 48.000000) (-1408.000000 544.000000 48.000000) (-1536.000000 544.000000 48.000000) 
4 580 586 (-1624.000000 640.000000 56.000000) (-1624.000000 640.000000 48.000000) (-1624.000000 416.000000 48.000000) (-1624.000000 416.000000 56.000000) 
4 580 581 (-1624.000000 416.000000 48.000000) (-1536.000000 416.000000 48.000000) (-1536.000000 416.000000 56.000000) (-1624.000000 416.000000 56.000000) 
4 580 585 (-1624.000000 416.000000 48.000000) (-1624.000000 640.000000 48.000000) (-1536.000000 640.000000 48.000000) (-1536.000000 416.000000 48.000000) 
4 581 597 (-1624.000000 384.000000 48.000000) (-1624.000000 376.000000 48.000000) (-1624.000000 376.000000 56.000000) (-1624.000000 384.000000 56.000000) 
4 581 586 (-1624.000000 416.000000 48.000000) (-1624.000000 384.000000 48.000000) (-1624.000000 384.000000 56.000000) (-1624.000000 416.000000 56.000000) 
4 581 585 (-1624.000000 376.000000 48.000000) (-1624.000000 416.000000 48.000000) (-1408.000000 416.000000 48.000000) (-1408.000000 376.000000 48.000000) 
4 582 583 (-1536.000000 200.000000 48.000000) (-1536.000000 160.000000 48.000000) (-1536.000000 160.000000 56.000000) (-1536.000000 200.000000 56.000000) 
4 582 585 (-1536.000000 200.000000 48.000000) (-1408.000000 200.000000 48.000000) (-1408.000000 160.000000 48.000000) (-1536.000000 160.000000 48.000000) 
4 583 604 (-1624.000000 192.000000 48.000000) (-1624.000000 32.000000 48.000000) (-1624.000000 32.000000 56.000000) (-1624.000000 192.000000 56.000000) 
4 583 599 (-1624.000000 200.000000 48.000000) (-1624.000000 192.000000 48.000000) (-1624.000000 192.000000 56.000000) (-1624.000000 200.000000 56.000000) 
4 583 584 (-1624.000000 32.000000 48.000000) (-1536.000000 32.000000 48.000000) (-1536.000000 32.000000 56.000000) (-1624.000000 32.000000 56.000000) 
4 583 585 (-1624.000000 32.000000 48.000000) (-1624.000000 200.000000 48.000000) (-1536.000000 200.000000 48.000000) (-1536.000000 32.000000 48.000000) 
4 584 604 (-1624.000000 32.000000 48.000000) (-1624.000000 -64.000000 48.000000) (-1624.000000 -64.000000 56.000000) (-1624.000000 32.000000 56.000000) 
4 584 585 (-1408.000000 -64.000000 48.000000) (-1624.000000 -64.000000 48.000000) (-1624.000000 32.000000 48.000000) (-1408.000000 32.000000 48.000000) 
4 585 604 (-1624.000000 192.000000 -40.000000) (-1624.000000 -64.000000 -40.000000) (-1624.000000 -64.000000 48.000000) (-1624.000000 192.000000 48.000000) 
4 585 601 (-1624.000000 384.000000 -40.000000) (-1624.000000 192.000000 -40.000000) (-1624.000000 192.000000 48.000000) (-1624.000000 384.000000 48.000000) 
4 585 586 (-1624.000000 640.000000 48.000000) (-1624.000000 640.000000 -40.000000) (-1624.000000 384.000000 -40.000000) (-1624.000000 384.000000 48.000000) 
4 586 601 (-1664.000000 384.000000 -40.000000) (-1624.000000 384.000000 -40.000000) (-1624.000000 384.000000 48.000000) (-1664.000000 384.000000 48.000000) 
4 586 597 (-1624.000000 384.000000 48.000000) (-1624.000000 384.000000 56.000000) (-1664.000000 384.000000 56.000000) (-1664.000000 384.000000 48.000000) 
4 586 591 (-1664.000000 384.000000 88.000000) (-1664.000000 384.000000 56.000000) (-1632.000000 384.000000 56.000000) (-1632.000000 384.000000 88.000000) 
4 586 589 (-1632.000000 384.000000 312.000000) (-1664.000000 384.000000 312.000000) (-1664.000000 384.000000 88.000000) (-1632.000000 384.000000 88.000000) 
4 586 588 (-1624.000000 384.000000 56.000000) (-1624.000000 384.000000 312.000000) (-1632.000000 384.000000 312.000000) (-1632.000000 384.000000 56.000000) 
4 587 608 (-1672.000000 384.000000 312.000000) (-1672.000000 392.000000 312.000000) (-1672.000000 392.000000 16.000000) (-1672.000000 384.000000 16.000000) 
4 587 603 (-1672.000000 384.000000 -40.000000) (-1664.000000 384.000000 -40.000000) (-1664.000000 384.000000 16.000000) (-1672.000000 384.000000 16.000000) 
4 588 604 (-1632.000000 192.000000 56.000000) (-1624.000000 192.000000 56.000000) (-1624.000000 192.000000 312.000000) (-1632.000000 192.000000 312.000000) 
4 588 599 (-1624.000000 224.000000 56.000000) (-1624.000000 192.000000 56.000000) (-1632.000000 192.000000 56.000000) (-1632.000000 224.000000 56.000000) 
4 588 597 (-1632.000000 384.000000 56.000000) (-1624.000000 384.000000 56.000000) (-1624.000000 352.000000 56.000000) (-1632.000000 352.000000 56.000000) 
4 588 595 (-1632.000000 216.000000 56.000000) (-1632.000000 192.000000 56.000000) (-1632.000000 192.000000 88.000000) (-1632.000000 216.000000 88.000000) 
4 588 593 (-1632.000000 352.000000 56.000000) (-1632.000000 224.000000 56.000000) (-1632.000000 224.000000 88.000000) (-1632.000000 352.000000 88.000000) 
4 588 591 (-1632.000000 384.000000 88.000000) (-1632.000000 384.000000 56.000000) (-1632.000000 360.000000 56.000000) (-1632.000000 360.000000 88.000000) 
4 588 589 (-1632.000000 384.000000 312.000000) (-1632.000000 384.000000 88.000000) (-1632.000000 192.000000 88.000000) (-1632.000000 192.000000 312.000000) 
4 589 604 (-1664.000000 192.000000 88.000000) (-1632.000000 192.000000 88.000000) (-1632.000000 192.000000 312.000000) (-1664.000000 192.000000 312.000000) 
4 589 595 (-1632.000000 192.000000 88.000000) (-1664.000000 192.000000 88.000000) (-1664.000000 216.000000 88.000000) (-1632.000000 216.000000 88.000000) 
4 589 593 (-1664.000000 224.000000 88.000000) (-1664.000000 352.000000 88.000000) (-1632.000000 352.000000 88.000000) (-1632.000000 224.000000 88.000000) 
4 589 591 (-1664.000000 360.000000 88.000000) (-1664.000000 384.000000 88.000000) (-1632.000000 384.000000 88.000000) (-1632.000000 360.000000 88.000000) 
4 589 590 (-1664.000000 384.000000 312.000000) (-1664.000000 384.000000 88.000000) (-1664.000000 192.000000 88.000000) (-1664.000000 192.000000 312.000000) 
4 590 610 (-1672.000000 192.000000 312.000000) (-1672.000000 384.000000 312.000000) (-1672.000000 384.000000 88.000000) (-1672.000000 192.000000 88.000000) 
4 590 596 (-1664.000000 192.000000 88.000000) (-1672.000000 192.000000 88.000000) (-1672.000000 216.000000 88.000000) (-1664.000000 216.000000 88.000000) 
4 590 594 (-1672.000000 224.000000 88.000000) (-1672.000000 352.000000 88.000000) (-1664.000000 352.000000 88.000000) (-1664.000000 224.000000 88.000000) 
4 590 592 (-1672.000000 360.000000 88.000000) (-1672.000000 384.000000 88.000000) (-1664.000000 384.000000 88.000000) (-1664.000000 360.000000 88.000000) 
4 591 597 (-1664.000000 384.000000 56.000000) (-1632.000000 384.000000 56.000000) (-1632.000000 360.000000 56.000000) (-1664.000000 360.000000 56.000000) 
4 591 592 (-1664.000000 384.000000 88.000000) (-1664.000000 384.000000 56.000000) (-1664.000000 360.000000 56.000000) (-1664.000000 360.000000 88.000000) 
4 592 610 (-1672.000000 384.000000 88.000000) (-1672.000000 384.000000 56.000000) (-1672.000000 360.000000 56.000000) (-1672.000000 360.000000 88.000000) 
4 592 598 (-1672.000000 360.000000 56.000000) (-1672.000000 384.000000 56.000000) (-1664.000000 384.000000 56.000000) (-1664.000000 360.000000 56.000000) 
4 593 594 (-1664.000000 352.000000 88.000000) (-1664.000000 352.000000 56.000000) (-1664.000000 224.000000 56.000000) (-1664.000000 224.000000 88.000000) 
4 594 610 (-1672.000000 352.000000 56.000000) (-1672.000000 224.000000 56.000000) (-1672.000000 224.000000 88.000000) (-1672.000000 352.000000 88.000000) 
4 595 604 (-1664.000000 192.000000 56.000000) (-1632.000000 192.000000 56.000000) (-1632.000000 192.000000 88.000000) (-1664.000000 192.000000 88.000000) 
4 595 599 (-1664.000000 216.000000 56.000000) (-1632.000000 216.000000 56.000000) (-1632.000000 192.000000 56.000000) (-1664.000000 192.000000 56.000000) 
4 595 596 (-1664.000000 216.000000 56.000000) (-1664.000000 192.000000 56.000000) (-1664.000000 192.000000 88.000000) (-1664.000000 216.000000 88.000000) 
4 596 610 (-1672.000000 216.000000 56.000000) (-1672.000000 192.000000 56.000000) (-1672.000000 192.000000 88.000000) (-1672.000000 216.000000 88.000000) 
4 596 600 (-1672.000000 192.000000 56.000000) (-1672.000000 216.000000 56.000000) (-1664.000000 216.000000 56.000000) (-1664.000000 192.000000 56.000000) 
4 597 601 (-1664.000000 384.000000 48.000000) (-1624.000000 384.000000 48.000000) (-1624.000000 352.000000 48.000000) (-1664.000000 352.000000 48.000000) 
4 597 598 (-1664.000000 384.000000 48.000000) (-1664.000000 352.000000 48.000000) (-1664.000000 352.000000 56.000000) (-1664.000000 384.000000 56.000000) 
4 598 610 (-1672.000000 384.000000 56.000000) (-1672.000000 384.000000 48.000000) (-1672.000000 352.000000 48.000000) (-1672.000000 352.000000 56.000000) 
4 598 602 (-1672.000000 352.000000 48.000000) (-1672.000000 384.000000 48.000000) (-1664.000000 384.000000 48.000000) (-1664.000000 352.000000 48.000000) 
4 599 604 (-1664.000000 192.000000 48.000000) (-1624.000000 192.000000 48.000000) (-1624.000000 192.000000 56.000000) (-1664.000000 192.000000 56.000000) 
4 599 601 (-1624.000000 192.000000 48.000000) (-1664.000000 192.000000 48.000000) (-1664.000000 224.000000 48.000000) (-1624.000000 224.000000 48.000000) 
4 599 600 (-1664.000000 224.000000 48.000000) (-1664.000000 192.000000 48.000000) (-1664.000000 192.000000 56.000000) (-1664.000000 224.000000 56.000000) 
4 600 610 (-1672.000000 224.000000 48.000000) (-1672.000000 192.000000 48.000000) (-1672.000000 192.000000 56.000000) (-1672.000000 224.000000 56.000000) 
4 600 602 (-1664.000000 192.000000 48.000000) (-1672.000000 192.000000 48.000000) (-1672.000000 224.000000 48.000000) (-1664.000000 224.000000 48.000000) 
4 601 604 (-1664.000000 192.000000 -40.000000) (-1624.000000 192.000000 -40.000000) (-1624.000000 192.000000 48.000000) (-1664.000000 192.000000 48.000000) 
4 601 602 (-1664.000000 192.000000 16.000000) (-1664.000000 192.000000 48.000000) (-1664.000000 384.000000 48.000000) (-1664.000000 384.000000 16.000000) 
4 602 610 (-1672.000000 384.000000 48.000000) (-1672.000000 384.000000 16.000000) (-1672.000000 192.000000 16.000000) (-1672.000000 192.000000 48.000000) 
4 603 611 (-1672.000000 384.000000 16.000000) (-1672.000000 384.000000 8.000000) (-1672.000000 192.000000 8.000000) (-1672.000000 192.000000 16.000000) 
4 603 605 (-1672.000000 192.000000 16.000000) (-1672.000000 192.000000 -40.000000) (-1664.000000 192.000000 -40.000000) (-1664.000000 192.000000 16.000000) 
4 605 612 (-1672.000000 184.000000 312.000000) (-1672.000000 192.000000 312.000000) (-1672.000000 192.000000 16.000000) (-1672.000000 184.000000 16.000000) 
4 608 617 (-1928.000000 384.000000 72.000000) (-1928.000000 384.000000 376.000000) (-1928.000000 392.000000 376.000000) (-1928.000000 392.000000 72.000000) 
4 609 614 (-1928.000000 192.000000 376.000000) (-1928.000000 192.000000 384.000000) (-1928.000000 384.000000 384.000000) (-1928.000000 384.000000 376.000000) 
4 610 632 (-1928.000000 192.000000 72.000000) (-1928.000000 192.000000 104.000000) (-1928.000000 384.000000 104.000000) (-1928.000000 384.000000 72.000000) 
4 610 630 (-1928.000000 192.000000 104.000000) (-1928.000000 192.000000 112.000000) (-1928.000000 224.000000 112.000000) (-1928.000000 224.000000 104.000000) 
4 610 628 (-1928.000000 352.000000 112.000000) (-1928.000000 384.000000 112.000000) (-1928.000000 384.000000 104.000000) (-1928.000000 352.000000 104.000000) 
4 610 625 (-1928.000000 192.000000 112.000000) (-1928.000000 192.000000 144.000000) (-1928.000000 216.000000 144.000000) (-1928.000000 216.000000 112.000000) 
4 610 623 (-1928.000000 224.000000 144.000000) (-1928.000000 352.000000 144.000000) (-1928.000000 352.000000 112.000000) (-1928.000000 224.000000 112.000000) 
4 610 621 (-1928.000000 360.000000 144.000000) (-1928.000000 384.000000 144.000000) (-1928.000000 384.000000 112.000000) (-1928.000000 360.000000 112.000000) 
4 610 619 (-1928.000000 192.000000 144.000000) (-1928.000000 192.000000 376.000000) (-1928.000000 384.000000 376.000000) (-1928.000000 384.000000 144.000000) 
4 612 634 (-1928.000000 192.000000 376.000000) (-1928.000000 192.000000 72.000000) (-1928.000000 184.000000 72.000000) (-1928.000000 184.000000 376.000000) 
4 614 634 (-1928.000000 -96.000000 376.000000) (-1936.000000 -96.000000 376.000000) (-1936.000000 192.000000 376.000000) (-1928.000000 192.000000 376.000000) 
4 614 617 (-1936.000000 384.000000 376.000000) (-1936.000000 640.000000 376.000000) (-1928.000000 640.000000 376.000000) (-1928.000000 384.000000 376.000000) 
4 614 615 (-1936.000000 640.000000 464.000000) (-1936.000000 640.000000 456.000000) (-1936.000000 -96.000000 456.000000) (-1936.000000 -96.000000 464.000000) 
4 616 663 (-2376.000000 -64.000000 376.000000) (-2376.000000 160.000000 376.000000) (-1976.000000 160.000000 376.000000) (-1976.000000 -64.000000 376.000000) 
4 616 654 (-2370.000000 544.000000 376.000000) (-2368.000000 544.000000 376.000000) (-2368.000000 432.000000 376.000000) (-2370.000000 432.000000 376.000000) 
4 616 653 (-2368.000000 544.000000 376.000000) (-2216.000000 544.000000 376.000000) (-2216.000000 432.000000 376.000000) (-2368.000000 432.000000 376.000000) 
4 616 657 (-2216.000000 432.000000 376.000000) (-2216.000000 160.000000 376.000000) (-2370.000000 160.000000 376.000000) (-2370.000000 432.000000 376.000000) 
4 616 658 (-2376.000000 160.000000 376.000000) (-2376.000000 544.000000 376.000000) (-2370.000000 544.000000 376.000000) (-2370.000000 160.000000 376.000000) 
4 616 644 (-2216.000000 544.000000 376.000000) (-1984.000000 544.000000 376.000000) (-1984.000000 160.000000 376.000000) (-2216.000000 160.000000 376.000000) 
4 616 643 (-1976.000000 192.000000 376.000000) (-1976.000000 160.000000 376.000000) (-1984.000000 160.000000 376.000000) (-1984.000000 192.000000 376.000000) 
4 616 642 (-1984.000000 544.000000 376.000000) (-1976.000000 544.000000 376.000000) (-1976.000000 192.000000 376.000000) (-1984.000000 192.000000 376.000000) 
4 616 678 (-1976.000000 -96.000000 376.000000) (-2376.000000 -96.000000 376.000000) (-2376.000000 -64.000000 376.000000) (-1976.000000 -64.000000 376.000000) 
4 616 679 (-2376.000000 -96.000000 376.000000) (-2424.000000 -96.000000 376.000000) (-2424.000000 544.000000 376.000000) (-2376.000000 544.000000 376.000000) 
4 616 641 (-1960.000000 -96.000000 376.000000) (-1976.000000 -96.000000 376.000000) (-1976.000000 544.000000 376.000000) (-1960.000000 544.000000 376.000000) 
4 616 636 (-2424.000000 544.000000 376.000000) (-2424.000000 640.000000 376.000000) (-1960.000000 640.000000 376.000000) (-1960.000000 544.000000 376.000000) 
4 616 635 (-1936.000000 -96.000000 376.000000) (-1960.000000 -96.000000 376.000000) (-1960.000000 192.000000 376.000000) (-1936.000000 192.000000 376.000000) 
4 616 620 (-1952.000000 384.000000 376.000000) (-1936.000000 384.000000 376.000000) (-1936.000000 192.000000 376.000000) (-1952.000000 192.000000 376.000000) 
4 616 627 (-1960.000000 192.000000 376.000000) (-1960.000000 384.000000 376.000000) (-1952.000000 384.000000 376.000000) (-1952.000000 192.000000 376.000000) 
4 616 618 (-1960.000000 384.000000 376.000000) (-1960.000000 640.000000 376.000000) (-1936.000000 640.000000 376.000000) (-1936.000000 384.000000 376.000000) 
4 618 682 (-1960.000000 384.000000 104.000000) (-1960.000000 384.000000 112.000000) (-1960.000000 416.000000 112.000000) (-1960.000000 416.000000 104.000000) 
4 618 680 (-1960.000000 416.000000 112.000000) (-1960.000000 640.000000 112.000000) (-1960.000000 640.000000 104.000000) (-1960.000000 416.000000 104.000000) 
4 618 701 (-1960.000000 640.000000 72.000000) (-1960.000000 384.000000 72.000000) (-1960.000000 384.000000 104.000000) (-1960.000000 640.000000 104.000000) 
4 618 641 (-1960.000000 384.000000 112.000000) (-1960.000000 384.000000 376.000000) (-1960.000000 544.000000 376.000000) (-1960.000000 544.000000 112.000000) 
4 618 638 (-1960.000000 584.000000 112.000000) (-1960.000000 544.000000 112.000000) (-1960.000000 544.000000 144.000000) (-1960.000000 584.000000 144.000000) 
4 618 637 (-1960.000000 640.000000 144.000000) (-1960.000000 640.000000 112.000000) (-1960.000000 584.000000 112.000000) (-1960.000000 584.000000 144.000000) 
4 618 636 (-1960.000000 544.000000 376.000000) (-1960.000000 640.000000 376.000000) (-1960.000000 640.000000 144.000000) (-1960.000000 544.000000 144.000000) 
4 618 633 (-1960.000000 384.000000 104.000000) (-1960.000000 384.000000 72.000000) (-1936.000000 384.000000 72.000000) (-1936.000000 384.000000 104.000000) 
4 618 629 (-1960.000000 384.000000 112.000000) (-1960.000000 384.000000 104.000000) (-1936.000000 384.000000 104.000000) (-1936.000000 384.000000 112.000000) 
4 618 622 (-1952.000000 384.000000 112.000000) (-1936.000000 384.000000 112.000000) (-1936.000000 384.000000 144.000000) (-1952.000000 384.000000 144.000000) 
4 618 620 (-1936.000000 384.000000 144.000000) (-1936.000000 384.000000 376.000000) (-1952.000000 384.000000 376.000000) (-1952.000000 384.000000 144.000000) 
4 618 627 (-1960.000000 384.000000 376.000000) (-1960.000000 384.000000 112.000000) (-1952.000000 384.000000 112.000000) (-1952.000000 384.000000 376.000000) 
4 619 625 (-1928.000000 192.000000 144.000000) (-1936.000000 192.000000 144.000000) (-1936.000000 216.000000 144.000000) (-1928.000000 216.000000 144.000000) 
4 619 623 (-1936.000000 224.000000 144.000000) (-1936.000000 352.000000 144.000000) (-1928.000000 352.000000 144.000000) (-1928.000000 224.000000 144.000000) 
4 619 621 (-1936.000000 360.000000 144.000000) (-1936.000000 384.000000 144.000000) (-1928.000000 384.000000 144.000000) (-1928.000000 360.000000 144.000000) 
4 619 620 (-1936.000000 192.000000 144.000000) (-1936.000000 192.000000 376.000000) (-1936.000000 384.000000 376.000000) (-1936.000000 384.000000 144.000000) 
4 620 635 (-1936.000000 192.000000 376.000000) (-1952.000000 192.000000 376.000000) (-1952.000000 192.000000 144.000000) (-1936.000000 192.000000 144.000000) 
4 620 626 (-1936.000000 192.000000 144.000000) (-1952.000000 192.000000 144.000000) (-1952.000000 216.000000 144.000000) (-1936.000000 216.000000 144.000000) 
4 620 624 (-1952.000000 224.000000 144.000000) (-1952.000000 352.000000 144.000000) (-1936.000000 352.000000 144.000000) (-1936.000000 224.000000 144.000000) 
4 620 622 (-1952.000000 360.000000 144.000000) (-1952.000000 384.000000 144.000000) (-1936.000000 384.000000 144.000000) (-1936.000000 360.000000 144.000000) 
4 620 627 (-1952.000000 192.000000 144.000000) (-1952.000000 192.000000 376.000000) (-1952.000000 384.000000 376.000000) (-1952.000000 384.000000 144.000000) 
4 621 628 (-1936.000000 384.000000 112.000000) (-1928.000000 384.000000 112.000000) (-1928.000000 360.000000 112.000000) (-1936.000000 360.000000 112.000000) 
4 621 622 (-1936.000000 360.000000 144.000000) (-1936.000000 384.000000 144.000000) (-1936.000000 384.000000 112.000000) (-1936.000000 360.000000 112.000000) 
4 622 629 (-1952.000000 360.000000 112.000000) (-1952.000000 384.000000 112.000000) (-1936.000000 384.000000 112.000000) (-1936.000000 360.000000 112.000000) 
4 622 627 (-1952.000000 360.000000 144.000000) (-1952.000000 384.000000 144.000000) (-1952.000000 384.000000 112.000000) (-1952.000000 360.000000 112.000000) 
4 623 624 (-1936.000000 352.000000 112.000000) (-1936.000000 224.000000 112.000000) (-1936.000000 224.000000 144.000000) (-1936.000000 352.000000 144.000000) 
4 624 627 (-1952.000000 224.000000 144.000000) (-1952.000000 352.000000 144.000000) (-1952.000000 352.000000 112.000000) (-1952.000000 224.000000 112.000000) 
4 625 630 (-1928.000000 192.000000 112.000000) (-1936.000000 192.000000 112.000000) (-1936.000000 216.000000 112.000000) (-1928.000000 216.000000 112.000000) 
4 625 626 (-1936.000000 216.000000 112.000000) (-1936.000000 192.000000 112.000000) (-1936.000000 192.000000 144.000000) (-1936.000000 216.000000 144.000000) 
4 626 635 (-1936.000000 192.000000 144.000000) (-1952.000000 192.000000 144.000000) (-1952.000000 192.000000 112.000000) (-1936.000000 192.000000 112.000000) 
4 626 631 (-1936.000000 192.000000 112.000000) (-1952.000000 192.000000 112.000000) (-1952.000000 216.000000 112.000000) (-1936.000000 216.000000 112.000000) 
4 626 627 (-1952.000000 192.000000 112.000000) (-1952.000000 192.000000 144.000000) (-1952.000000 216.000000 144.000000) (-1952.000000 216.000000 112.000000) 
4 627 641 (-1960.000000 192.000000 112.000000) (-1960.000000 192.000000 376.000000) (-1960.000000 384.000000 376.000000) (-1960.000000 384.000000 112.000000) 
4 627 635 (-1952.000000 192.000000 376.000000) (-1960.000000 192.000000 376.000000) (-1960.000000 192.000000 112.000000) (-1952.000000 192.000000 112.000000) 
4 627 631 (-1952.000000 192.000000 112.000000) (-1960.000000 192.000000 112.000000) (-1960.000000 224.000000 112.000000) (-1952.000000 224.000000 112.000000) 
4 627 629 (-1960.000000 352.000000 112.000000) (-1960.000000 384.000000 112.000000) (-1952.000000 384.000000 112.000000) (-1952.000000 352.000000 112.000000) 
4 628 632 (-1936.000000 384.000000 104.000000) (-1928.000000 384.000000 104.000000) (-1928.000000 352.000000 104.000000) (-1936.000000 352.000000 104.000000) 
4 628 629 (-1936.000000 384.000000 112.000000) (-1936.000000 384.000000 104.000000) (-1936.000000 352.000000 104.000000) (-1936.000000 352.000000 112.000000) 
4 629 682 (-1960.000000 376.000000 112.000000) (-1960.000000 384.000000 112.000000) (-1960.000000 384.000000 104.000000) (-1960.000000 376.000000 104.000000) 
4 629 633 (-1960.000000 352.000000 104.000000) (-1960.000000 384.000000 104.000000) (-1936.000000 384.000000 104.000000) (-1936.000000 352.000000 104.000000) 
4 630 632 (-1936.000000 224.000000 104.000000) (-1928.000000 224.000000 104.000000) (-1928.000000 192.000000 104.000000) (-1936.000000 192.000000 104.000000) 
4 630 631 (-1936.000000 224.000000 112.000000) (-1936.000000 224.000000 104.000000) (-1936.000000 192.000000 104.000000) (-1936.000000 192.000000 112.000000) 
4 631 683 (-1960.000000 192.000000 104.000000) (-1960.000000 192.000000 112.000000) (-1960.000000 200.000000 112.000000) (-1960.000000 200.000000 104.000000) 
4 631 635 (-1936.000000 192.000000 112.000000) (-1960.000000 192.000000 112.000000) (-1960.000000 192.000000 104.000000) (-1936.000000 192.000000 104.000000) 
4 631 633 (-1960.000000 192.000000 104.000000) (-1960.000000 224.000000 104.000000) (-1936.000000 224.000000 104.000000) (-1936.000000 192.000000 104.000000) 
4 632 633 (-1936.000000 192.000000 72.000000) (-1936.000000 192.000000 104.000000) (-1936.000000 384.000000 104.000000) (-1936.000000 384.000000 72.000000) 
4 633 701 (-1960.000000 384.000000 72.000000) (-1960.000000 192.000000 72.000000) (-1960.000000 192.000000 104.000000) (-1960.000000 384.000000 104.000000) 
4 633 635 (-1960.000000 192.000000 72.000000) (-1936.000000 192.000000 72.000000) (-1936.000000 192.000000 104.000000) (-1960.000000 192.000000 104.000000) 
4 635 684 (-1960.000000 -96.000000 104.000000) (-1960.000000 -96.000000 112.000000) (-1960.000000 0.000000 112.000000) (-1960.000000 0.000000 104.000000) 
4 635 683 (-1960.000000 0.000000 112.000000) (-1960.000000 192.000000 112.000000) (-1960.000000 192.000000 104.000000) (-1960.000000 0.000000 104.000000) 
4 635 701 (-1960.000000 192.000000 72.000000) (-1960.000000 -96.000000 72.000000) (-1960.000000 -96.000000 104.000000) (-1960.000000 192.000000 104.000000) 
4 635 641 (-1960.000000 -96.000000 112.000000) (-1960.000000 -96.000000 376.000000) (-1960.000000 192.000000 376.000000) (-1960.000000 192.000000 112.000000) 
4 636 655 (-2370.000000 544.000000 176.000000) (-2370.000000 544.000000 160.000000) (-2368.000000 544.000000 160.000000) (-2368.000000 544.000000 176.000000) 
4 636 654 (-2368.000000 544.000000 376.000000) (-2370.000000 544.000000 376.000000) (-2370.000000 544.000000 176.000000) (-2368.000000 544.000000 176.000000) 
4 636 656 (-2370.000000 544.000000 160.000000) (-2370.000000 544.000000 144.000000) (-2368.000000 544.000000 144.000000) (-2368.000000 544.000000 160.000000) 
4 636 653 (-2216.000000 544.000000 376.000000) (-2368.000000 544.000000 376.000000) (-2368.000000 544.000000 144.000000) (-2216.000000 544.000000 144.000000) 
4 636 658 (-2370.000000 544.000000 376.000000) (-2376.000000 544.000000 376.000000) (-2376.000000 544.000000 144.000000) (-2370.000000 544.000000 144.000000) 
4 636 646 (-2216.000000 544.000000 240.000000) (-2216.000000 544.000000 144.000000) (-2176.000000 544.000000 144.000000) (-2176.000000 544.000000 240.000000) 
4 636 645 (-2048.000000 544.000000 144.000000) (-1984.000000 544.000000 144.000000) (-1984.000000 544.000000 240.000000) (-2048.000000 544.000000 240.000000) 
4 636 644 (-1984.000000 544.000000 376.000000) (-2216.000000 544.000000 376.000000) (-2216.000000 544.000000 240.000000) (-1984.000000 544.000000 240.000000) 
4 636 642 (-1976.000000 544.000000 376.000000) (-1984.000000 544.000000 376.000000) (-1984.000000 544.000000 144.000000) (-1976.000000 544.000000 144.000000) 
4 636 679 (-2376.000000 544.000000 376.000000) (-2424.000000 544.000000 376.000000) (-2424.000000 544.000000 144.000000) (-2376.000000 544.000000 144.000000) 
4 636 641 (-1960.000000 544.000000 144.000000) (-1960.000000 544.000000 376.000000) (-1976.000000 544.000000 376.000000) (-1976.000000 544.000000 144.000000) 
4 636 639 (-2208.000000 544.000000 144.000000) (-2336.000000 544.000000 144.000000) (-2336.000000 576.000000 144.000000) (-2208.000000 576.000000 144.000000) 
4 636 638 (-1960.000000 584.000000 144.000000) (-1960.000000 544.000000 144.000000) (-2208.000000 544.000000 144.000000) (-2208.000000 584.000000 144.000000) 
4 636 637 (-2336.000000 640.000000 144.000000) (-1960.000000 640.000000 144.000000) (-1960.000000 584.000000 144.000000) (-2336.000000 584.000000 144.000000) 
4 636 640 (-2424.000000 544.000000 144.000000) (-2424.000000 640.000000 144.000000) (-2336.000000 640.000000 144.000000) (-2336.000000 544.000000 144.000000) 
4 637 688 (-2336.000000 640.000000 112.000000) (-2200.000000 640.000000 112.000000) (-2186.000000 584.000000 112.000000) (-2336.000000 584.000000 112.000000) 
4 637 687 (-2200.000000 640.000000 112.000000) (-2176.000000 640.000000 112.000000) (-2176.000000 584.000000 112.000000) (-2186.000000 584.000000 112.000000) 
4 637 681 (-2176.000000 640.000000 112.000000) (-2048.000000 640.000000 112.000000) (-2048.000000 584.000000 112.000000) (-2176.000000 584.000000 112.000000) 
4 637 680 (-2048.000000 640.000000 112.000000) (-1960.000000 640.000000 112.000000) (-1960.000000 584.000000 112.000000) (-2048.000000 584.000000 112.000000) 
4 637 638 (-2208.000000 584.000000 112.000000) (-1960.000000 584.000000 112.000000) (-1960.000000 584.000000 144.000000) (-2208.000000 584.000000 144.000000) 
4 637 640 (-2336.000000 640.000000 144.000000) (-2336.000000 640.000000 112.000000) (-2336.000000 584.000000 112.000000) (-2336.000000 584.000000 144.000000) 
3 638 691 (-2208.000000 576.000000 112.000000) (-2196.000000 576.000000 112.000000) (-2192.000000 572.000000 112.000000) 
3 638 689 (-2196.000000 576.000000 112.000000) (-2184.000000 576.000000 112.000000) (-2180.000000 560.000000 112.000000) 
4 638 688 (-2208.000000 576.000000 112.000000) (-2208.000000 584.000000 112.000000) (-2186.000000 584.000000 112.000000) (-2184.000000 576.000000 112.000000) 
3 638 687 (-2176.000000 544.000000 112.000000) (-2186.000000 584.000000 112.000000) (-2176.000000 584.000000 112.000000) 
4 638 681 (-2048.000000 544.000000 112.000000) (-2176.000000 544.000000 112.000000) (-2176.000000 584.000000 112.000000) (-2048.000000 584.000000 112.000000) 
4 638 680 (-1960.000000 584.000000 112.000000) (-1960.000000 544.000000 112.000000) (-2048.000000 544.000000 112.000000) (-2048.000000 584.000000 112.000000) 
4 638 646 (-2176.000000 544.000000 144.000000) (-2208.000000 544.000000 144.000000) (-2208.000000 544.000000 112.000000) (-2176.000000 544.000000 112.000000) 
4 638 645 (-1984.000000 544.000000 144.000000) (-2048.000000 544.000000 144.000000) (-2048.000000 544.000000 112.000000) (-1984.000000 544.000000 112.000000) 
4 638 642 (-1976.000000 544.000000 144.000000) (-1984.000000 544.000000 144.000000) (-1984.000000 544.000000 112.000000) (-1976.000000 544.000000 112.000000) 
4 638 641 (-1960.000000 544.000000 112.000000) (-1960.000000 544.000000 144.000000) (-1976.000000 544.000000 144.000000) (-1976.000000 544.000000 112.000000) 
4 638 639 (-2208.000000 576.000000 112.000000) (-2208.000000 544.000000 112.000000) (-2208.000000 544.000000 144.000000) (-2208.000000 576.000000 144.000000) 
4 639 659 (-2216.000000 544.000000 144.000000) (-2336.000000 544.000000 144.000000) (-2336.000000 544.000000 112.000000) (-2216.000000 544.000000 112.000000) 
4 639 646 (-2208.000000 544.000000 144.000000) (-2216.000000 544.000000 144.000000) (-2216.000000 544.000000 112.000000) (-2208.000000 544.000000 112.000000) 
4 639 640 (-2336.000000 576.000000 112.000000) (-2336.000000 544.000000 112.000000) (-2336.000000 544.000000 144.000000) (-2336.000000 576.000000 144.000000) 
3 640 695 (-2368.000000 544.000000 112.000000) (-2380.000000 544.000000 112.000000) (-2364.000000 560.000000 112.000000) 
4 640 697 (-2380.000000 544.000000 112.000000) (-2424.000000 544.000000 112.000000) (-2424.000000 554.000000 112.000000) (-2352.000000 572.000000 112.000000) 
3 640 690 (-2336.000000 576.000000 112.000000) (-2424.000000 554.000000 112.000000) (-2424.000000 576.000000 112.000000) 
4 640 688 (-2424.000000 640.000000 112.000000) (-2336.000000 640.000000 112.000000) (-2336.000000 576.000000 112.000000) (-2424.000000 576.000000 112.000000) 
4 640 659 (-2336.000000 544.000000 144.000000) (-2368.000000 544.000000 144.000000) (-2368.000000 544.000000 112.000000) (-2336.000000 544.000000 112.000000) 
4 640 679 (-2376.000000 544.000000 144.000000) (-2424.000000 544.000000 144.000000) (-2424.000000 544.000000 112.000000) (-2376.000000 544.000000 112.000000) 
4 641 684 (-1960.000000 0.000000 112.000000) (-1960.000000 -96.000000 112.000000) (-1976.000000 -96.000000 112.000000) (-1976.000000 0.000000 112.000000) 
4 641 683 (-1960.000000 200.000000 112.000000) (-1960.000000 0.000000 112.000000) (-1976.000000 0.000000 112.000000) (-1976.000000 200.000000 112.000000) 
4 641 682 (-1960.000000 416.000000 112.000000) (-1960.000000 376.000000 112.000000) (-1976.000000 376.000000 112.000000) (-1976.000000 416.000000 112.000000) 
4 641 680 (-1960.000000 544.000000 112.000000) (-1960.000000 416.000000 112.000000) (-1976.000000 416.000000 112.000000) (-1976.000000 544.000000 112.000000) 
4 641 668 (-1976.000000 0.000000 144.000000) (-1976.000000 0.000000 240.000000) (-1976.000000 32.000000 240.000000) (-1976.000000 32.000000 144.000000) 
4 641 670 (-1976.000000 0.000000 112.000000) (-1976.000000 -64.000000 112.000000) (-1976.000000 -64.000000 240.000000) (-1976.000000 0.000000 240.000000) 
4 641 664 (-1976.000000 32.000000 144.000000) (-1976.000000 32.000000 240.000000) (-1976.000000 160.000000 240.000000) (-1976.000000 160.000000 144.000000) 
4 641 663 (-1976.000000 -64.000000 240.000000) (-1976.000000 -64.000000 376.000000) (-1976.000000 160.000000 376.000000) (-1976.000000 160.000000 240.000000) 
4 641 643 (-1976.000000 160.000000 144.000000) (-1976.000000 160.000000 376.000000) (-1976.000000 192.000000 376.000000) (-1976.000000 192.000000 144.000000) 
4 641 642 (-1976.000000 544.000000 376.000000) (-1976.000000 544.000000 112.000000) (-1976.000000 192.000000 112.000000) (-1976.000000 192.000000 376.000000) 
4 641 678 (-1976.000000 -64.000000 112.000000) (-1976.000000 -96.000000 112.000000) (-1976.000000 -96.000000 376.000000) (-1976.000000 -64.000000 376.000000) 
4 642 683 (-1976.000000 200.000000 112.000000) (-1976.000000 192.000000 112.000000) (-1984.000000 192.000000 112.000000) (-1984.000000 200.000000 112.000000) 
4 642 682 (-1976.000000 416.000000 112.000000) (-1976.000000 376.000000 112.000000) (-1984.000000 376.000000 112.000000) (-1984.000000 416.000000 112.000000) 
4 642 680 (-1984.000000 544.000000 112.000000) (-1976.000000 544.000000 112.000000) (-1976.000000 416.000000 112.000000) (-1984.000000 416.000000 112.000000) 
4 642 650 (-1984.000000 416.000000 112.000000) (-1984.000000 384.000000 112.000000) (-1984.000000 384.000000 144.000000) (-1984.000000 416.000000 144.000000) 
4 642 649 (-1984.000000 376.000000 144.000000) (-1984.000000 376.000000 240.000000) (-1984.000000 416.000000 240.000000) (-1984.000000 416.000000 144.000000) 
4 642 645 (-1984.000000 544.000000 240.000000) (-1984.000000 544.000000 112.000000) (-1984.000000 416.000000 112.000000) (-1984.000000 416.000000 240.000000) 
4 642 652 (-1984.000000 376.000000 112.000000) (-1984.000000 192.000000 112.000000) (-1984.000000 192.000000 240.000000) (-1984.000000 376.000000 240.000000) 
4 642 644 (-1984.000000 544.000000 376.000000) (-1984.000000 544.000000 240.000000) (-1984.000000 192.000000 240.000000) (-1984.000000 192.000000 376.000000) 
4 642 643 (-1976.000000 192.000000 144.000000) (-1976.000000 192.000000 376.000000) (-1984.000000 192.000000 376.000000) (-1984.000000 192.000000 144.000000) 
4 643 664 (-1976.000000 160.000000 144.000000) (-1976.000000 160.000000 240.000000) (-1984.000000 160.000000 240.000000) (-1984.000000 160.000000 144.000000) 
4 643 663 (-1976.000000 160.000000 240.000000) (-1976.000000 160.000000 376.000000) (-1984.000000 160.000000 376.000000) (-1984.000000 160.000000 240.000000) 
4 643 652 (-1984.000000 160.000000 144.000000) (-1984.000000 160.000000 240.000000) (-1984.000000 192.000000 240.000000) (-1984.000000 192.000000 144.000000) 
4 643 644 (-1984.000000 160.000000 240.000000) (-1984.000000 160.000000 376.000000) (-1984.000000 192.000000 376.000000) (-1984.000000 192.000000 240.000000) 
4 644 663 (-1984.000000 160.000000 240.000000) (-1984.000000 160.000000 376.000000) (-2216.000000 160.000000 376.000000) (-2216.000000 160.000000 240.000000) 
4 644 653 (-2216.000000 432.000000 376.000000) (-2216.000000 544.000000 376.000000) (-2216.000000 544.000000 240.000000) (-2216.000000 432.000000 240.000000) 
4 644 657 (-2216.000000 160.000000 240.000000) (-2216.000000 160.000000 376.000000) (-2216.000000 432.000000 376.000000) (-2216.000000 432.000000 240.000000) 
4 644 649 (-2216.000000 376.000000 240.000000) (-2216.000000 416.000000 240.000000) (-1984.000000 416.000000 240.000000) (-1984.000000 376.000000 240.000000) 
4 644 648 (-2216.000000 416.000000 240.000000) (-2216.000000 424.000000 240.000000) (-2176.000000 424.000000 240.000000) (-2176.000000 416.000000 240.000000) 
4 644 646 (-2216.000000 536.000000 240.000000) (-2216.000000 544.000000 240.000000) (-2176.000000 544.000000 240.000000) (-2176.000000 536.000000 240.000000) 
4 644 647 (-2216.000000 424.000000 240.000000) (-2216.000000 536.000000 240.000000) (-2056.000000 536.000000 240.000000) (-2056.000000 424.000000 240.000000) 
4 644 645 (-2048.000000 544.000000 240.000000) (-1984.000000 544.000000 240.000000) (-1984.000000 416.000000 240.000000) (-2048.000000 416.000000 240.000000) 
4 644 652 (-1984.000000 160.000000 240.000000) (-2216.000000 160.000000 240.000000) (-2216.000000 376.000000 240.000000) (-1984.000000 376.000000 240.000000) 
4 645 680 (-2048.000000 544.000000 112.000000) (-1984.000000 544.000000 112.000000) (-1984.000000 416.000000 112.000000) (-2048.000000 416.000000 112.000000) 
4 645 650 (-2048.000000 416.000000 112.000000) (-1984.000000 416.000000 112.000000) (-1984.000000 416.000000 144.000000) (-2048.000000 416.000000 144.000000) 
4 645 649 (-1984.000000 416.000000 144.000000) (-1984.000000 416.000000 240.000000) (-2048.000000 416.000000 240.000000) (-2048.000000 416.000000 144.000000) 
4 646 659 (-2216.000000 544.000000 112.000000) (-2216.000000 536.000000 112.000000) (-2216.000000 536.000000 144.000000) (-2216.000000 544.000000 144.000000) 
4 646 653 (-2216.000000 536.000000 144.000000) (-2216.000000 536.000000 240.000000) (-2216.000000 544.000000 240.000000) (-2216.000000 544.000000 144.000000) 
4 646 647 (-2216.000000 536.000000 240.000000) (-2216.000000 536.000000 112.000000) (-2176.000000 536.000000 112.000000) (-2176.000000 536.000000 240.000000) 
4 647 659 (-2216.000000 536.000000 112.000000) (-2216.000000 424.000000 112.000000) (-2216.000000 424.000000 144.000000) (-2216.000000 536.000000 144.000000) 
4 647 653 (-2216.000000 432.000000 240.000000) (-2216.000000 536.000000 240.000000) (-2216.000000 536.000000 144.000000) (-2216.000000 432.000000 144.000000) 
4 647 657 (-2216.000000 424.000000 144.000000) (-2216.000000 424.000000 240.000000) (-2216.000000 432.000000 240.000000) (-2216.000000 432.000000 144.000000) 
4 647 648 (-2216.000000 424.000000 112.000000) (-2176.000000 424.000000 112.000000) (-2176.000000 424.000000 240.000000) (-2216.000000 424.000000 240.000000) 
4 648 659 (-2216.000000 424.000000 112.000000) (-2216.000000 416.000000 112.000000) (-2216.000000 416.000000 144.000000) (-2216.000000 424.000000 144.000000) 
4 648 657 (-2216.000000 416.000000 144.000000) (-2216.000000 416.000000 240.000000) (-2216.000000 424.000000 240.000000) (-2216.000000 424.000000 144.000000) 
4 648 651 (-2216.000000 416.000000 112.000000) (-2176.000000 416.000000 112.000000) (-2176.000000 416.000000 144.000000) (-2216.000000 416.000000 144.000000) 
4 648 649 (-2176.000000 416.000000 144.000000) (-2176.000000 416.000000 240.000000) (-2216.000000 416.000000 240.000000) (-2216.000000 416.000000 144.000000) 
4 649 657 (-2216.000000 376.000000 144.000000) (-2216.000000 376.000000 240.000000) (-2216.000000 416.000000 240.000000) (-2216.000000 416.000000 144.000000) 
4 649 650 (-2136.000000 384.000000 144.000000) (-2136.000000 416.000000 144.000000) (-1984.000000 416.000000 144.000000) (-1984.000000 384.000000 144.000000) 
4 649 651 (-2136.000000 376.000000 144.000000) (-2216.000000 376.000000 144.000000) (-2216.000000 416.000000 144.000000) (-2136.000000 416.000000 144.000000) 
4 649 652 (-2216.000000 376.000000 240.000000) (-2216.000000 376.000000 144.000000) (-1984.000000 376.000000 144.000000) (-1984.000000 376.000000 240.000000) 
4 650 682 (-1984.000000 416.000000 112.000000) (-1984.000000 384.000000 112.000000) (-2136.000000 384.000000 112.000000) (-2136.000000 416.000000 112.000000) 
4 650 651 (-2136.000000 416.000000 144.000000) (-2136.000000 416.000000 112.000000) (-2136.000000 384.000000 112.000000) (-2136.000000 384.000000 144.000000) 
4 651 682 (-2136.000000 376.000000 112.000000) (-2176.000000 376.000000 112.000000) (-2176.000000 416.000000 112.000000) (-2136.000000 416.000000 112.000000) 
4 651 659 (-2216.000000 416.000000 112.000000) (-2216.000000 376.000000 112.000000) (-2216.000000 376.000000 144.000000) (-2216.000000 416.000000 144.000000) 
4 651 652 (-2216.000000 376.000000 144.000000) (-2216.000000 376.000000 112.000000) (-2136.000000 376.000000 112.000000) (-2136.000000 376.000000 144.000000) 
4 652 698 (-2176.000000 160.000000 112.000000) (-2216.000000 160.000000 112.000000) (-2216.000000 200.000000 112.000000) (-2176.000000 200.000000 112.000000) 
4 652 665 (-2176.000000 160.000000 112.000000) (-1984.000000 160.000000 112.000000) (-1984.000000 160.000000 240.000000) (-2176.000000 160.000000 240.000000) 
4 652 659 (-2216.000000 376.000000 112.000000) (-2216.000000 200.000000 112.000000) (-2216.000000 200.000000 144.000000) (-2216.000000 376.000000 144.000000) 
4 652 662 (-2216.000000 192.000000 112.000000) (-2216.000000 160.000000 112.000000) (-2216.000000 160.000000 144.000000) (-2216.000000 192.000000 144.000000) 
4 652 657 (-2216.000000 160.000000 144.000000) (-2216.000000 160.000000 240.000000) (-2216.000000 376.000000 240.000000) (-2216.000000 376.000000 144.000000) 
4 653 659 (-2368.000000 544.000000 144.000000) (-2216.000000 544.000000 144.000000) (-2216.000000 432.000000 144.000000) (-2368.000000 432.000000 144.000000) 
4 653 655 (-2368.000000 544.000000 176.000000) (-2368.000000 544.000000 160.000000) (-2368.000000 496.000000 160.000000) (-2368.000000 496.000000 176.000000) 
4 653 654 (-2368.000000 432.000000 376.000000) (-2368.000000 544.000000 376.000000) (-2368.000000 544.000000 176.000000) (-2368.000000 432.000000 176.000000) 
4 653 656 (-2368.000000 544.000000 160.000000) (-2368.000000 544.000000 144.000000) (-2368.000000 432.000000 144.000000) (-2368.000000 432.000000 160.000000) 
4 653 657 (-2368.000000 432.000000 144.000000) (-2216.000000 432.000000 144.000000) (-2216.000000 432.000000 376.000000) (-2368.000000 432.000000 376.000000) 
4 654 655 (-2370.000000 496.000000 176.000000) (-2370.000000 544.000000 176.000000) (-2368.000000 544.000000 176.000000) (-2368.000000 496.000000 176.000000) 
4 654 657 (-2368.000000 432.000000 176.000000) (-2368.000000 432.000000 376.000000) (-2370.000000 432.000000 376.000000) (-2370.000000 432.000000 176.000000) 
4 654 658 (-2370.000000 432.000000 376.000000) (-2370.000000 544.000000 376.000000) (-2370.000000 544.000000 176.000000) (-2370.000000 432.000000 176.000000) 
4 655 658 (-2370.000000 544.000000 176.000000) (-2370.000000 544.000000 160.000000) (-2370.000000 496.000000 160.000000) (-2370.000000 496.000000 176.000000) 
4 655 656 (-2370.000000 496.000000 160.000000) (-2370.000000 544.000000 160.000000) (-2368.000000 544.000000 160.000000) (-2368.000000 496.000000 160.000000) 
4 656 658 (-2370.000000 544.000000 160.000000) (-2370.000000 544.000000 144.000000) (-2370.000000 432.000000 144.000000) (-2370.000000 432.000000 160.000000) 
4 656 657 (-2370.000000 432.000000 144.000000) (-2368.000000 432.000000 144.000000) (-2368.000000 432.000000 160.000000) (-2370.000000 432.000000 160.000000) 
4 657 677 (-2370.000000 160.000000 144.000000) (-2304.000000 160.000000 144.000000) (-2304.000000 160.000000 240.000000) (-2370.000000 160.000000 240.000000) 
4 657 663 (-2216.000000 160.000000 240.000000) (-2216.000000 160.000000 376.000000) (-2370.000000 160.000000 376.000000) (-2370.000000 160.000000 240.000000) 
4 657 661 (-2336.000000 192.000000 144.000000) (-2370.000000 192.000000 144.000000) (-2370.000000 200.000000 144.000000) (-2336.000000 200.000000 144.000000) 
4 657 660 (-2368.000000 200.000000 144.000000) (-2370.000000 200.000000 144.000000) (-2370.000000 232.000000 144.000000) (-2368.000000 232.000000 144.000000) 
4 657 659 (-2216.000000 432.000000 144.000000) (-2216.000000 200.000000 144.000000) (-2368.000000 200.000000 144.000000) (-2368.000000 432.000000 144.000000) 
4 657 662 (-2216.000000 192.000000 144.000000) (-2216.000000 160.000000 144.000000) (-2370.000000 160.000000 144.000000) (-2370.000000 192.000000 144.000000) 
4 657 658 (-2370.000000 160.000000 144.000000) (-2370.000000 160.000000 376.000000) (-2370.000000 432.000000 376.000000) (-2370.000000 432.000000 144.000000) 
4 658 677 (-2376.000000 160.000000 240.000000) (-2376.000000 160.000000 144.000000) (-2370.000000 160.000000 144.000000) (-2370.000000 160.000000 240.000000) 
4 658 663 (-2376.000000 160.000000 376.000000) (-2376.000000 160.000000 240.000000) (-2370.000000 160.000000 240.000000) (-2370.000000 160.000000 376.000000) 
4 658 661 (-2376.000000 192.000000 144.000000) (-2376.000000 200.000000 144.000000) (-2370.000000 200.000000 144.000000) (-2370.000000 192.000000 144.000000) 
4 658 660 (-2376.000000 200.000000 144.000000) (-2376.000000 232.000000 144.000000) (-2370.000000 232.000000 144.000000) (-2370.000000 200.000000 144.000000) 
4 658 662 (-2376.000000 160.000000 144.000000) (-2376.000000 192.000000 144.000000) (-2370.000000 192.000000 144.000000) (-2370.000000 160.000000 144.000000) 
4 658 679 (-2376.000000 160.000000 144.000000) (-2376.000000 160.000000 376.000000) (-2376.000000 544.000000 376.000000) (-2376.000000 544.000000 144.000000) 
3 659 692 (-2364.000000 216.000000 112.000000) (-2368.000000 220.000000 112.000000) (-2368.000000 232.000000 112.000000) 
3 659 693 (-2352.000000 204.000000 112.000000) (-2368.000000 208.000000 112.000000) (-2368.000000 220.000000 112.000000) 
3 659 696 (-2336.000000 200.000000 112.000000) (-2368.000000 200.000000 112.000000) (-2368.000000 208.000000 112.000000) 
4 659 661 (-2368.000000 200.000000 112.000000) (-2336.000000 200.000000 112.000000) (-2336.000000 200.000000 144.000000) (-2368.000000 200.000000 144.000000) 
4 659 660 (-2368.000000 232.000000 112.000000) (-2368.000000 200.000000 112.000000) (-2368.000000 200.000000 144.000000) (-2368.000000 232.000000 144.000000) 
4 660 694 (-2376.000000 210.000000 112.000000) (-2376.000000 232.000000 112.000000) (-2368.000000 232.000000 112.000000) (-2368.000000 208.000000 112.000000) 
4 660 696 (-2376.000000 200.000000 112.000000) (-2376.000000 210.000000 112.000000) (-2368.000000 208.000000 112.000000) (-2368.000000 200.000000 112.000000) 
4 660 661 (-2376.000000 200.000000 144.000000) (-2376.000000 200.000000 112.000000) (-2368.000000 200.000000 112.000000) (-2368.000000 200.000000 144.000000) 
4 660 679 (-2376.000000 232.000000 112.000000) (-2376.000000 200.000000 112.000000) (-2376.000000 200.000000 144.000000) (-2376.000000 232.000000 144.000000) 
4 661 698 (-2376.000000 192.000000 112.000000) (-2376.000000 200.000000 112.000000) (-2336.000000 200.000000 112.000000) (-2336.000000 192.000000 112.000000) 
4 661 679 (-2376.000000 200.000000 112.000000) (-2376.000000 192.000000 112.000000) (-2376.000000 192.000000 144.000000) (-2376.000000 200.000000 144.000000) 
4 661 662 (-2336.000000 192.000000 144.000000) (-2376.000000 192.000000 144.000000) (-2376.000000 192.000000 112.000000) (-2336.000000 192.000000 112.000000) 
4 662 698 (-2376.000000 160.000000 112.000000) (-2376.000000 192.000000 112.000000) (-2216.000000 192.000000 112.000000) (-2216.000000 160.000000 112.000000) 
4 662 677 (-2376.000000 160.000000 144.000000) (-2376.000000 160.000000 112.000000) (-2304.000000 160.000000 112.000000) (-2304.000000 160.000000 144.000000) 
4 662 679 (-2376.000000 192.000000 112.000000) (-2376.000000 160.000000 112.000000) (-2376.000000 160.000000 144.000000) (-2376.000000 192.000000 144.000000) 
4 663 674 (-2176.000000 -64.000000 240.000000) (-2184.000000 -64.000000 240.000000) (-2184.000000 32.000000 240.000000) (-2176.000000 32.000000 240.000000) 
4 663 673 (-2160.000000 -64.000000 240.000000) (-2176.000000 -64.000000 240.000000) (-2176.000000 32.000000 240.000000) (-2160.000000 32.000000 240.000000) 
4 663 672 (-2000.000000 -64.000000 240.000000) (-2160.000000 -64.000000 240.000000) (-2160.000000 -56.000000 240.000000) (-2000.000000 -56.000000 240.000000) 
4 663 671 (-2160.000000 -56.000000 240.000000) (-2160.000000 32.000000 240.000000) (-2000.000000 32.000000 240.000000) (-2000.000000 -56.000000 240.000000) 
4 663 668 (-1984.000000 32.000000 240.000000) (-1976.000000 32.000000 240.000000) (-1976.000000 0.000000 240.000000) (-1984.000000 0.000000 240.000000) 
4 663 669 (-2000.000000 0.000000 240.000000) (-2000.000000 32.000000 240.000000) (-1984.000000 32.000000 240.000000) (-1984.000000 0.000000 240.000000) 
4 663 670 (-1976.000000 -64.000000 240.000000) (-2000.000000 -64.000000 240.000000) (-2000.000000 0.000000 240.000000) (-1976.000000 0.000000 240.000000) 
4 663 676 (-2184.000000 -64.000000 240.000000) (-2304.000000 -64.000000 240.000000) (-2304.000000 32.000000 240.000000) (-2184.000000 32.000000 240.000000) 
4 663 667 (-1984.000000 40.000000 240.000000) (-1984.000000 32.000000 240.000000) (-2176.000000 32.000000 240.000000) (-2176.000000 40.000000 240.000000) 
4 663 665 (-2176.000000 160.000000 240.000000) (-1984.000000 160.000000 240.000000) (-1984.000000 152.000000 240.000000) (-2176.000000 152.000000 240.000000) 
4 663 666 (-1984.000000 152.000000 240.000000) (-1984.000000 40.000000 240.000000) (-2296.000000 40.000000 240.000000) (-2296.000000 152.000000 240.000000) 
4 663 664 (-1984.000000 160.000000 240.000000) (-1976.000000 160.000000 240.000000) (-1976.000000 32.000000 240.000000) (-1984.000000 32.000000 240.000000) 
4 663 677 (-2304.000000 -64.000000 240.000000) (-2376.000000 -64.000000 240.000000) (-2376.000000 160.000000 240.000000) (-2304.000000 160.000000 240.000000) 
4 663 679 (-2376.000000 -64.000000 240.000000) (-2376.000000 -64.000000 376.000000) (-2376.000000 160.000000 376.000000) (-2376.000000 160.000000 240.000000) 
4 663 678 (-1976.000000 -64.000000 240.000000) (-1976.000000 -64.000000 376.000000) (-2376.000000 -64.000000 376.000000) (-2376.000000 -64.000000 240.000000) 
4 664 668 (-1976.000000 32.000000 144.000000) (-1976.000000 32.000000 240.000000) (-1984.000000 32.000000 240.000000) (-1984.000000 32.000000 144.000000) 
4 664 667 (-1984.000000 32.000000 144.000000) (-1984.000000 32.000000 240.000000) (-1984.000000 40.000000 240.000000) (-1984.000000 40.000000 144.000000) 
4 664 665 (-1984.000000 152.000000 240.000000) (-1984.000000 160.000000 240.000000) (-1984.000000 160.000000 144.000000) (-1984.000000 152.000000 144.000000) 
4 664 666 (-1984.000000 40.000000 240.000000) (-1984.000000 152.000000 240.000000) (-1984.000000 152.000000 144.000000) (-1984.000000 40.000000 144.000000) 
4 665 666 (-2176.000000 152.000000 112.000000) (-1984.000000 152.000000 112.000000) (-1984.000000 152.000000 240.000000) (-2176.000000 152.000000 240.000000) 
4 666 667 (-2176.000000 40.000000 112.000000) (-1984.000000 40.000000 112.000000) (-1984.000000 40.000000 240.000000) (-2176.000000 40.000000 240.000000) 
4 667 673 (-2176.000000 32.000000 112.000000) (-2160.000000 32.000000 112.000000) (-2160.000000 32.000000 240.000000) (-2176.000000 32.000000 240.000000) 
4 667 671 (-2160.000000 32.000000 112.000000) (-2000.000000 32.000000 112.000000) (-2000.000000 32.000000 240.000000) (-2160.000000 32.000000 240.000000) 
4 667 669 (-2000.000000 32.000000 112.000000) (-1984.000000 32.000000 112.000000) (-1984.000000 32.000000 240.000000) (-2000.000000 32.000000 240.000000) 
4 668 669 (-1984.000000 32.000000 240.000000) (-1984.000000 32.000000 144.000000) (-1984.000000 0.000000 144.000000) (-1984.000000 0.000000 240.000000) 
4 668 670 (-1976.000000 0.000000 144.000000) (-1976.000000 0.000000 240.000000) (-1984.000000 0.000000 240.000000) (-1984.000000 0.000000 144.000000) 
4 669 671 (-2000.000000 32.000000 240.000000) (-2000.000000 32.000000 112.000000) (-2000.000000 0.000000 112.000000) (-2000.000000 0.000000 240.000000) 
4 669 670 (-2000.000000 0.000000 112.000000) (-1984.000000 0.000000 112.000000) (-1984.000000 0.000000 240.000000) (-2000.000000 0.000000 240.000000) 
4 670 684 (-1976.000000 0.000000 112.000000) (-1976.000000 -64.000000 112.000000) (-2000.000000 -64.000000 112.000000) (-2000.000000 0.000000 112.000000) 
4 670 672 (-2000.000000 -64.000000 144.000000) (-2000.000000 -64.000000 240.000000) (-2000.000000 -56.000000 240.000000) (-2000.000000 -56.000000 144.000000) 
4 670 671 (-2000.000000 0.000000 112.000000) (-2000.000000 -56.000000 112.000000) (-2000.000000 -56.000000 240.000000) (-2000.000000 0.000000 240.000000) 
4 670 678 (-2000.000000 -64.000000 112.000000) (-1976.000000 -64.000000 112.000000) (-1976.000000 -64.000000 240.000000) (-2000.000000 -64.000000 240.000000) 
4 671 673 (-2160.000000 32.000000 112.000000) (-2160.000000 -56.000000 112.000000) (-2160.000000 -56.000000 240.000000) (-2160.000000 32.000000 240.000000) 
4 671 672 (-2160.000000 -56.000000 240.000000) (-2160.000000 -56.000000 144.000000) (-2000.000000 -56.000000 144.000000) (-2000.000000 -56.000000 240.000000) 
4 672 673 (-2160.000000 -64.000000 144.000000) (-2160.000000 -64.000000 240.000000) (-2160.000000 -56.000000 240.000000) (-2160.000000 -56.000000 144.000000) 
4 672 678 (-2000.000000 -64.000000 144.000000) (-2000.000000 -64.000000 240.000000) (-2160.000000 -64.000000 240.000000) (-2160.000000 -64.000000 144.000000) 
4 673 685 (-2176.000000 -56.000000 112.000000) (-2176.000000 0.000000 112.000000) (-2160.000000 0.000000 112.000000) (-2160.000000 -56.000000 112.000000) 
4 673 686 (-2160.000000 -64.000000 112.000000) (-2176.000000 -64.000000 112.000000) (-2176.000000 -56.000000 112.000000) (-2160.000000 -56.000000 112.000000) 
4 673 675 (-2176.000000 0.000000 112.000000) (-2176.000000 -64.000000 112.000000) (-2176.000000 -64.000000 144.000000) (-2176.000000 0.000000 144.000000) 
4 673 674 (-2176.000000 32.000000 240.000000) (-2176.000000 32.000000 144.000000) (-2176.000000 -64.000000 144.000000) (-2176.000000 -64.000000 240.000000) 
4 673 678 (-2176.000000 -64.000000 112.000000) (-2160.000000 -64.000000 112.000000) (-2160.000000 -64.000000 240.000000) (-2176.000000 -64.000000 240.000000) 
4 674 675 (-2176.000000 -64.000000 144.000000) (-2184.000000 -64.000000 144.000000) (-2184.000000 0.000000 144.000000) (-2176.000000 0.000000 144.000000) 
4 674 676 (-2184.000000 32.000000 240.000000) (-2184.000000 32.000000 144.000000) (-2184.000000 -64.000000 144.000000) (-2184.000000 -64.000000 240.000000) 
4 674 678 (-2176.000000 -64.000000 144.000000) (-2176.000000 -64.000000 240.000000) (-2184.000000 -64.000000 240.000000) (-2184.000000 -64.000000 144.000000) 
4 675 700 (-2176.000000 -64.000000 112.000000) (-2184.000000 -64.000000 112.000000) (-2184.000000 0.000000 112.000000) (-2176.000000 0.000000 112.000000) 
4 675 678 (-2184.000000 -64.000000 112.000000) (-2176.000000 -64.000000 112.000000) (-2176.000000 -64.000000 144.000000) (-2184.000000 -64.000000 144.000000) 
4 675 676 (-2184.000000 0.000000 112.000000) (-2184.000000 -64.000000 112.000000) (-2184.000000 -64.000000 144.000000) (-2184.000000 0.000000 144.000000) 
4 676 700 (-2184.000000 -64.000000 112.000000) (-2304.000000 -64.000000 112.000000) (-2304.000000 32.000000 112.000000) (-2184.000000 32.000000 112.000000) 
4 676 678 (-2304.000000 -64.000000 112.000000) (-2184.000000 -64.000000 112.000000) (-2184.000000 -64.000000 240.000000) (-2304.000000 -64.000000 240.000000) 
4 676 677 (-2304.000000 32.000000 112.000000) (-2304.000000 -64.000000 112.000000) (-2304.000000 -64.000000 240.000000) (-2304.000000 32.000000 240.000000) 
4 677 699 (-2376.000000 32.000000 112.000000) (-2376.000000 160.000000 112.000000) (-2304.000000 160.000000 112.000000) (-2304.000000 32.000000 112.000000) 
4 677 700 (-2376.000000 -64.000000 112.000000) (-2376.000000 32.000000 112.000000) (-2304.000000 32.000000 112.000000) (-2304.000000 -64.000000 112.000000) 
4 677 678 (-2376.000000 -64.000000 112.000000) (-2304.000000 -64.000000 112.000000) (-2304.000000 -64.000000 240.000000) (-2376.000000 -64.000000 240.000000) 
4 677 679 (-2376.000000 160.000000 112.000000) (-2376.000000 -64.000000 112.000000) (-2376.000000 -64.000000 240.000000) (-2376.000000 160.000000 240.000000) 
4 678 700 (-2176.000000 -96.000000 112.000000) (-2376.000000 -96.000000 112.000000) (-2376.000000 -64.000000 112.000000) (-2176.000000 -64.000000 112.000000) 
4 678 686 (-2000.000000 -96.000000 112.000000) (-2176.000000 -96.000000 112.000000) (-2176.000000 -64.000000 112.000000) (-2000.000000 -64.000000 112.000000) 
4 678 684 (-1976.000000 -96.000000 112.000000) (-2000.000000 -96.000000 112.000000) (-2000.000000 -64.000000 112.000000) (-1976.000000 -64.000000 112.000000) 
4 678 679 (-2376.000000 -64.000000 112.000000) (-2376.000000 -96.000000 112.000000) (-2376.000000 -96.000000 376.000000) (-2376.000000 -64.000000 376.000000) 
4 679 699 (-2424.000000 32.000000 112.000000) (-2424.000000 160.000000 112.000000) (-2376.000000 160.000000 112.000000) (-2376.000000 32.000000 112.000000) 
4 679 694 (-2424.000000 222.000000 112.000000) (-2424.000000 320.000000 112.000000) (-2376.000000 512.000000 112.000000) (-2376.000000 210.000000 112.000000) 
5 679 695 (-2424.000000 320.000000 112.000000) (-2424.000000 500.000000 112.000000) (-2380.000000 544.000000 112.000000) (-2376.000000 544.000000 112.000000) (-2376.000000 512.000000 112.000000) 
4 679 696 (-2424.000000 200.000000 112.000000) (-2424.000000 222.000000 112.000000) (-2376.000000 210.000000 112.000000) (-2376.000000 200.000000 112.000000) 
3 679 697 (-2424.000000 500.000000 112.000000) (-2424.000000 544.000000 112.000000) (-2380.000000 544.000000 112.000000) 
4 679 698 (-2424.000000 160.000000 112.000000) (-2424.000000 200.000000 112.000000) (-2376.000000 200.000000 112.000000) (-2376.000000 160.000000 112.000000) 
4 679 700 (-2376.000000 -96.000000 112.000000) (-2424.000000 -96.000000 112.000000) (-2424.000000 32.000000 112.000000) (-2376.000000 32.000000 112.000000) 
4 680 682 (-2048.000000 416.000000 104.000000) (-1960.000000 416.000000 104.000000) (-1960.000000 416.000000 112.000000) (-2048.000000 416.000000 112.000000) 
4 680 681 (-2048.000000 640.000000 104.000000) (-2048.000000 544.000000 104.000000) (-2048.000000 544.000000 112.000000) (-2048.000000 640.000000 112.000000) 
4 680 701 (-2048.000000 640.000000 104.000000) (-1960.000000 640.000000 104.000000) (-1960.000000 416.000000 104.000000) (-2048.000000 416.000000 104.000000) 
4 681 687 (-2176.000000 640.000000 112.000000) (-2176.000000 640.000000 104.000000) (-2176.000000 544.000000 104.000000) (-2176.000000 544.000000 112.000000) 
4 681 701 (-2176.000000 544.000000 104.000000) (-2176.000000 640.000000 104.000000) (-2048.000000 640.000000 104.000000) (-2048.000000 544.000000 104.000000) 
4 682 701 (-2176.000000 376.000000 104.000000) (-2176.000000 416.000000 104.000000) (-1960.000000 416.000000 104.000000) (-1960.000000 376.000000 104.000000) 
4 683 684 (-1984.000000 0.000000 104.000000) (-1960.000000 0.000000 104.000000) (-1960.000000 0.000000 112.000000) (-1984.000000 0.000000 112.000000) 
4 683 701 (-1984.000000 200.000000 104.000000) (-1960.000000 200.000000 104.000000) (-1960.000000 0.000000 104.000000) (-1984.000000 0.000000 104.000000) 
4 684 686 (-2000.000000 -56.000000 104.000000) (-2000.000000 -96.000000 104.000000) (-2000.000000 -96.000000 112.000000) (-2000.000000 -56.000000 112.000000) 
4 684 701 (-1960.000000 -96.000000 104.000000) (-2000.000000 -96.000000 104.000000) (-2000.000000 0.000000 104.000000) (-1960.000000 0.000000 104.000000) 
4 685 700 (-2176.000000 0.000000 104.000000) (-2176.000000 -56.000000 104.000000) (-2176.000000 -56.000000 112.000000) (-2176.000000 0.000000 112.000000) 
4 685 686 (-2176.000000 -56.000000 104.000000) (-2160.000000 -56.000000 104.000000) (-2160.000000 -56.000000 112.000000) (-2176.000000 -56.000000 112.000000) 
4 685 701 (-2176.000000 -56.000000 104.000000) (-2176.000000 0.000000 104.000000) (-2160.000000 0.000000 104.000000) (-2160.000000 -56.000000 104.000000) 
4 686 700 (-2176.000000 -56.000000 104.000000) (-2176.000000 -96.000000 104.000000) (-2176.000000 -96.000000 112.000000) (-2176.000000 -56.000000 112.000000) 
4 686 701 (-2000.000000 -96.000000 104.000000) (-2176.000000 -96.000000 104.000000) (-2176.000000 -56.000000 104.000000) (-2000.000000 -56.000000 104.000000) 
4 687 689 (-2184.000000 576.000000 104.000000) (-2180.000000 560.000000 104.000000) (-2180.000000 560.000000 112.000000) (-2184.000000 576.000000 112.000000) 
4 687 688 (-2200.000000 640.000000 104.000000) (-2184.000000 576.000000 104.000000) (-2184.000000 576.000000 112.000000) (-2200.000000 640.000000 112.000000) 
3 687 701 (-2200.000000 640.000000 104.000000) (-2176.000000 640.000000 104.000000) (-2176.000000 544.000000 104.000000) 
4 688 691 (-2208.000000 576.000000 104.000000) (-2196.000000 576.000000 104.000000) (-2196.000000 576.000000 112.000000) (-2208.000000 576.000000 112.000000) 
4 688 690 (-2424.000000 576.000000 112.000000) (-2424.000000 576.000000 104.000000) (-2336.000000 576.000000 104.000000) (-2336.000000 576.000000 112.000000) 
4 688 689 (-2196.000000 576.000000 104.000000) (-2184.000000 576.000000 104.000000) (-2184.000000 576.000000 112.000000) (-2196.000000 576.000000 112.000000) 
4 688 701 (-2424.000000 576.000000 104.000000) (-2424.000000 640.000000 104.000000) (-2200.000000 640.000000 104.000000) (-2184.000000 576.000000 104.000000) 
4 689 691 (-2196.000000 576.000000 104.000000) (-2192.000000 572.000000 104.000000) (-2192.000000 572.000000 112.000000) (-2196.000000 576.000000 112.000000) 
3 689 701 (-2196.000000 576.000000 104.000000) (-2184.000000 576.000000 104.000000) (-2180.000000 560.000000 104.000000) 
4 690 697 (-2424.000000 554.000000 104.000000) (-2352.000000 572.000000 104.000000) (-2352.000000 572.000000 112.000000) (-2424.000000 554.000000 112.000000) 
3 690 701 (-2424.000000 554.000000 104.000000) (-2424.000000 576.000000 104.000000) (-2336.000000 576.000000 104.000000) 
3 691 701 (-2208.000000 576.000000 104.000000) (-2196.000000 576.000000 104.000000) (-2192.000000 572.000000 104.000000) 
4 692 693 (-2368.000000 220.000000 104.000000) (-2364.000000 216.000000 104.000000) (-2364.000000 216.000000 112.000000) (-2368.000000 220.000000 112.000000) 
3 692 701 (-2364.000000 216.000000 104.000000) (-2368.000000 220.000000 104.000000) (-2368.000000 232.000000 104.000000) 
4 692 694 (-2368.000000 232.000000 104.000000) (-2368.000000 220.000000 104.000000) (-2368.000000 220.000000 112.000000) (-2368.000000 232.000000 112.000000) 
4 693 694 (-2368.000000 220.000000 104.000000) (-2368.000000 208.000000 104.000000) (-2368.000000 208.000000 112.000000) (-2368.000000 220.000000 112.000000) 
4 693 696 (-2368.000000 208.000000 104.000000) (-2352.000000 204.000000 104.000000) (-2352.000000 204.000000 112.000000) (-2368.000000 208.000000 112.000000) 
3 693 701 (-2352.000000 204.000000 104.000000) (-2368.000000 208.000000 104.000000) (-2368.000000 220.000000 104.000000) 
4 694 695 (-2368.000000 544.000000 104.000000) (-2424.000000 320.000000 104.000000) (-2424.000000 320.000000 112.000000) (-2368.000000 544.000000 112.000000) 
4 694 701 (-2424.000000 222.000000 104.000000) (-2424.000000 320.000000 104.000000) (-2368.000000 544.000000 104.000000) (-2368.000000 208.000000 104.000000) 
4 694 696 (-2424.000000 222.000000 112.000000) (-2424.000000 222.000000 104.000000) (-2368.000000 208.000000 104.000000) (-2368.000000 208.000000 112.000000) 
3 695 701 (-2424.000000 320.000000 104.000000) (-2424.000000 500.000000 104.000000) (-2364.000000 560.000000 104.000000) 
4 695 697 (-2364.000000 560.000000 104.000000) (-2424.000000 500.000000 104.000000) (-2424.000000 500.000000 112.000000) (-2364.000000 560.000000 112.000000) 
3 696 701 (-2424.000000 200.000000 104.000000) (-2424.000000 222.000000 104.000000) (-2336.000000 200.000000 104.000000) 
4 696 698 (-2424.000000 200.000000 112.000000) (-2424.000000 200.000000 104.000000) (-2336.000000 200.000000 104.000000) (-2336.000000 200.000000 112.000000) 
3 697 701 (-2424.000000 500.000000 104.000000) (-2424.000000 554.000000 104.000000) (-2352.000000 572.000000 104.000000) 
4 698 699 (-2424.000000 160.000000 112.000000) (-2424.000000 160.000000 104.000000) (-2304.000000 160.000000 104.000000) (-2304.000000 160.000000 112.000000) 
4 698 701 (-2424.000000 160.000000 104.000000) (-2424.000000 200.000000 104.000000) (-2176.000000 200.000000 104.000000) (-2176.000000 160.000000 104.000000) 
4 699 700 (-2424.000000 32.000000 112.000000) (-2424.000000 32.000000 104.000000) (-2304.000000 32.000000 104.000000) (-2304.000000 32.000000 112.000000) 
4 699 701 (-2424.000000 32.000000 104.000000) (-2424.000000 160.000000 104.000000) (-2304.000000 160.000000 104.000000) (-2304.000000 32.000000 104.000000) 
4 700 701 (-2176.000000 -96.000000 104.000000) (-2424.000000 -96.000000 104.000000) (-2424.000000 32.000000 104.000000) (-2176.000000 32.000000 104.000000) 
4 704 705 (-1936.000000 192.000000 64.000000) (-1936.000000 192.000000 72.000000) (-1936.000000 384.000000 72.000000) (-1936.000000 384.000000 64.000000) 
